SKU,Nombre,Url,Imagen,Funcion,Tipodepiel,Genero,Precio,Oferta,Beneficios,Marca,Ingredientes,"Tipo producto",Sublinea,Detalle,"modo de uso",coleccion,ean,inventario
000285353,"Self Tanning Hydrating Body Skin Care 150 ml",sisley-self-tanning-hydrating-body-skin-care-150-ml-000285353,https://ultrafemme.com/media/catalog/product/2/8/285353_3473311680556_01_b228.png,"Bronceador facial",,,3400.000000,,,"Sisley Paris","Extracto de Flor de Hibisco: exfolia y proporciona un bronceado radiante y uniforme Extracto esencial de Sésamo: prolonga el bronceado Aceite de Macadamia: nutre y suaviza Complejo hidratante de ingredientes activos (solución de biosacáridos, extracto de hoja de Stevia, Glicerina de origen vegetal): hidrata",Bronceadores,,"<p>Super Soin Autobronzant Hydratant Corps ofrece un bronceado natural y uniforme para una piel hidratada y radiante al momento:</p><ul><li>El cuerpo está perfectamente bronceado gracias a una coloración rápida y de larga duración, con efecto bronceado natural.</li><li>La piel está intensamente hidratada gracias a ingredientes activos que retienen el agua. La piel está más suave, más elástica y más luminosa.</li></ul><p> Una fragancia floral y fresca y una textura rica y confortable que ofrece un acabado suave en la piel y permite una aplicación perfecta. La ventaja de la fórmula: El aceite de macadamia, conocido por sus propiedades nutritivas y calmantes, ayuda a mantener la piel del cuerpo hidratada y elástica.</p>","Aplicar una capa fina y uniforma sobre a piel limpia y seca del cuerpo. Lavar las manos después de la aplicación. Repetir cada 2-3 días para ajustar la intensidad del bronceado. Para una aplicación óptima, utilizar la manopla incluida: poner una pequeña cantidad de crema en el centro de la manopla y extender con movimientos circulares. Lavar y dejar secar al aire después de cada aplicación.",,3473311680556,4.0000
000228460,"Sisleÿa L'Integral Anti-Age Eye And Lip Contour Cream 15 ml",sisley-lintegral-anti-age-eye-and-lip-contour-cream-15-ml-000228460,https://ultrafemme.com/media/catalog/product/2/2/228460_3473311510112_01_889d.png,"Crema para contorno de ojos",,,5450.000000,,,"Sisley Paris","Extracto de Lindera: ritmo celular.
Extracto de Acacia Persa: energía celular.
Complejo de proteínas de Levadura y Soya: longevidad celular.
Vitamina E Acetato: anti-radicales libres.
Extracto de Péptido de Soja: anti-arrugas y reafirmante.
Adenosina: antiarrugas.
Extracto de Semilla de Avena: efecto lifting.
Extracto de Cedro de Atlas: acción sobre ojeras azules.
Extracto de Granada Fermentado: antioxidante. Acción sobre ojeras azules y marrones.
Alfa-Bisabolol Natural: calmante. Acción sobre las ojeras azules.
Cafeína: ayuda a reducir la hinchazón y las ojeras.
Extracto de Fruta de la Pasión: lucha contra las bolsas.
Manteca de Karité: protege y repara.
Glicerina de origen vegetal: hidrata y suaviza.",Cremas,,"<p>Factores conductuales, como el estrés diario, el estilo de vida, la sobreexposición al sol, etc, en la vida de cada persona afectan directamente el área del contorno de los ojos, la parte más vulnerable del rostro. Sisley aporta un tratamiento integral y antiedad que no sólo actúa sobre los signos visibles del envejecimiento genético y medioambiental, sino también, y por primera vez, sobre los signos vinculados al estilo de vida.</p><p>ACCIÓN ANTIARRUGAS Y FIRMEZA:</p><p>El extracto de Acacia y Lindera, combinados con Levadura y Complejo de Proteina de Soja, contribuyen a reenergizar el contorno de los ojos y a reducir arrugas y líneas finas para una apariencia más fresca y juvenil. Enriquecida con extracto de Péptido de Soja, esta formula reafirma los párpados superiores para que los ojos luzcan redefinidos y abiertos. Las líneas verticales sobre los labios, un área particularmente influenciada por factores vinculados al estilo de vida (fumar, sol, etc.), son visiblemente más suaves.</p><p>ACCIÓN ANTIBOLSAS Y ANTIOJERAS:</p><p>La combinación de ingredientes clave de las plantas, como el extracto de Cedro de Atlas y el extracto fermentado de Granada, ayuda a aclarar la coloración azul y marrón de las ojeras., Los ojos lucen visiblemente más brillantes. Finalmente el extracto de la Fruta de la Pasión trabaja para reducir las bolsas.Los resultados inmediatos (hidratación, ojos descansados y brillantes) y resultados a largo plazo (las arrugas son visiblemente más suaves, la piel se tensa, las ojeras y las bolsas se reducen y los ojos se abren). Probado en condiciones dermatológicas y oftalmológicas. Formulado sin aceites esenciales. Adecuado para los ojos sensibles y usuarios de lentes de contacto.</p><p>INMEDIATAMENTE</p><ul><li>El área del contorno de los ojos está hidratada.</li><li>Las líneas finas están desvanecidas, y los ojos lucen descansados y más brillantes.</li><li>El efecto fresco es instantáneo.</li></ul><p>DÍA TRAS DÍA</p><ul><li>Las arrugas y las líneas finas son visiblemente más suaves.</li><li>La piel está firme.</li><li>Se reduce la hinchazón y se disminuyen las ojeras.</li><li>El área del contorno de los labios aparece remodelada y los labios se ven más definidos.</li></ul><p>Los ojos se ven más abiertos.</p>","Aplicar la crema por la mañana y por la noche a lo largo del área del contorno de ojos, los párpados y contorno de los labios.

*Prepare el área del ojo y del labio antes de aplicar la crema, utilizando la herramienta de masaje cool-tip.
1. Suavizar la parte superior de la ceja, sobre el párpado y debajo del ojo, siempre utilizando un movimiento lejos del ojo interno. También, suavice alrededor del área de la boca, sobre los labios, usando un movimiento del centro de la boca a los bordes externos.

2. Utilice movimientos suaves y ligeros de presión alrededor del párpado entero y debajo del área del ojo para estimular la microcirculación.

3. Mueva suavemente la herramienta de masaje en un patrón de zigzag entre las cejas y debajo del área de los ojos para ayudar a desinflamar.

4. Utilice un suave movimiento hacia adelante y hacia atrás entre las cejas, a lo largo de las esquinas exteriores del ojo y por arriba del labio para suavizar las arrugas.",,3473311510112,13.0000
000285376,"Black Rose Eye Contour Fluid 7 ml",sisley-black-rose-eye-contour-fluid-07-ml-000285376,https://ultrafemme.com/media/catalog/product/2/8/285376_3473311320605_01_5536.png,"Crema para contorno de ojos",,,3800.000000,,,"Sisley Paris","Extracto de Rosa Negra acuoso: alisa

extracto de Padina Pavonica: hidrata y suaviza

Acetato de Vitamina E: protege

extracto de Vid Roja: anti ojeras, ilumina

Cafeína: desinflamante

Extracto de Chlorella: revitaliza, ilumina

Extracto de Rosa Negra Oleosa : suaviza

Solución de biosacáridos: hidrata

Aceite de Karité: nutre",Cremas,,"<p>Black Rose Eye Contour Fluid, un verdadero concentrado de ingredientes activos emblemáticos de la línea Black Rose; energiza, suaviza, revitaliza e ilumina el contorno de los ojos al instante. Esta área particularmente frágil queda libre de líneas y se alisa para unos ojos visiblemente más jóvenes. Las ojeras son menos visibles y las bolsas se descongestionan. Fresco y descansado, el contorno de los ojos se ilumina e irradia juventud y belleza.</p><p>UNA EXPERIENCIA SENSORIAL ÚNICA</p><p> Su textura de emulsión a base de Rosas se transforma en la superficie de la piel en un gel fresco y fundente. Su aplicador de cerámica frío crea una sensación inmediata de frescura y descongestiona. Formulado sin aceites esenciales, la piel está naturalmente perfumada gracias al agua de rosa de mayo.</p><p>Al instante, el contorno de los ojos está iluminado, suavizado y las ojeras menos visibles. Más frescos y descansados, los ojos se ven revitalizados y reenergizados. El área del contorno de los ojos está intensamente hidratada y nutrida. Los ojos irradian juventud y belleza. Día tras día, las ojeras están menos visibles y las bolsas se decongestionan. Energizada, la mirada se abre y recupera su hermoso poder expresivo.</p>","Aplicar por la mañana y por la noche en el contorno de los ojos y párpados.",,3473311320605,16.0000
000206883,"Neck Cream, The Enriched Formula 50 ml",sisley-neck-cream-the-enriched-formula-50-ml-000206883,https://ultrafemme.com/media/catalog/product/2/0/206883_3473311298102_01_f04a.png,,,,4750.000000,,,"Sisley Paris","Extracto de semillas de Avena : efecto tensor. Extracto de Ratania : efecto astringente, contribuye al efecto tensor. Extracto de Alquemilla : efecto astringente, contribuye al efecto tensor. Extracto de fibras de Soya : reafirma. Extracto de Alga Roja: activo adelgazante. Extracto de Castaño de Indias: tonificante. Acetato de vitamina E: anti radicales. Cafeina: activo adelgazante. Manteca de Karite : nutre, calma, repara, suaviza, protege. Aceite de Girasol : nutre, suaviza y revitaliza. Glicerina vegetala: hidrata. D-Pantenol: hidrata y suaviza.",Cremas,,"<p>La crema de cuello – Fórmula enriquecida – responde a las necesidades específicas de las o los que quieren reafirmar y afinar su cuello que se volvió más espeso con la edad, y recobrar un óvalo más nítido. Su fórmula combina cuatro acciones:</p><ul><li>Efecto tensor inmediato: el extracto de semillas de Avena, activo « tensor 3D », procura una sensación reafirmante inmediata.</li><li>Acción reafirmante intensiva: el extracto de fibras de Soya.</li><li>Acción afinante (adelgazante) inédita: la Cafeina, asociada al extracto de Alga Roja y el extracto de Castaño de Indias.</li><li>Acción hidratante y nutritiva.</li></ul><p> Inmediatamente, la piel se alisa. Las arruguitas se atenúan. A lo largo de las aplicaciones, la piel es más firme, el cuello se afina, el óvalo es más nítido, como remodelado. Textura fina y untuosa que se funde en la piel y permite un masaje prolongado de la zona del cuello. No comedogénico.</p><p>Inmediatamente la piel se alisa. Las arruguitas se atenúan. A lo largo de las aplicaciones, la piel es más firme, el cuello se afina, el óvalo es más nítido, como remodelado.</p>","Aplicar como tratamiento intensivo dos veces al día durante 2 meses y como mantenimiento una vez al día. Técnica recomendada: 1. PARA TONIFICAR Repartir una pequeña cantidad de producto sobre las dos manos. Con la mano derecha, aplicar la crema sobre el lado izquierdo del cuello, con movimientos circulares. Repetir estos movimientos circulares con la mano izquierda en el lado derecho del cuello. 2. PARA REAFIRMAR Colocar las dos manos en la base del cuello y subir hacia la nuca mediante un movimiento alisante. Repetir 3 veces. 3. PARA PERFILAR Alternativamente, alisar la zona de debajo del mentón y a lo largo de los maxilares de izquierda a derecha con la mano derecha, y después de derecha a izquierda con la mano izquierda. Repetir 3 veces cada movimiento.",,3473311298102,12.0000
000045452,"Floral Toning Lotion 250 ml",sisley-floral-toning-lotion-250-ml-000045452,https://ultrafemme.com/media/catalog/product/4/5/45452_3473311032003_01_7395.png,,,,2700.000000,,,"Sisley Paris","Rosa: refresca, suaviza Aciano: tonifica.",Lociones,,"<p>Floral Toning Lotion se utiliza para eliminar el maquillaje por completo y limpiar la piel. Formulada con hidrolato de Rosa y Aciano, este tónico alivia y suaviza. Formulado para piel seca y sensible: tonifica, suaviza y prepara la piel para su régimen diario de cuidado de la piel.</p><p>Usado a diario, Floral Toning Lotion tonifica la epidermis, refresca y suaviza la piel instantáneamente, preparándola para recibir los beneficios de los productos para el cuidado de la piel.</p>","Pasar un algodón empapado de Floral Toning Lotion sobre el rostro y cuello por la mañana y por la noche después del desmaquillaje, limpieza con agua o incluso después de utilizar una mascarilla. Dejar penetrar unos segundos antes de aplicar el tratamiento.",,3473311032003,14.0000
000183087,"Phytobuste + Décolleté 50 ml",sisley-phytobuste-decollete-50-ml-000183087,https://ultrafemme.com/media/catalog/product/1/8/183087_3473311650023_01_098a.png,Facial,,,7400.000000,,,"Sisley Paris","Extracto de Semilla de Avena: efecto alisante y tensor. Centella asiática y extractos de hojas y cáscara de Nogal: combate la pérdida de firmeza. Extracto de Centeno: optimiza la resistencia mecánica de la dermis a la gravedad. Acetato de vitamina E: protege de los radicales libres. Manteca de karité: nutre, suaviza, repara y protege. Aceite de girasol: nutre, suaviza y revitaliza. Glicerina vegetal: hidrata. Aceites esenciales de enebro, mejorana y Litsea cubeba: aporta un perfume fresco y estimulante.",Cremas,,"Phytobuste + décolleté es un tratamiento reafirmante intensivo que preserva la belleza del busto, una zona particularmente frágil y delicada. Su fórmula combina tres acciones principales: 1. Un efecto (alisante o tensor) inmediato: El extracto de semillas de avena suaviza el escote y alisa el pecho, brindando la sensación de un busto más tonificado y suave en pocos minutos. 2. Una acción reafirmante a largo plazo: el nuevo complejo reafirmante con extractos de Centella asiática y Nogal ayuda a mejorar la tonicidad y la elasticidad de la piel, mientras que el extracto de Centeno optimiza la resistencia mecánica de la dermis. 3. Una fuente instantánea de hidratación y nutrición: La manteca de karité, el aceite de girasol y la glicerina de origen vegetal hidratan, nutren y embellecen la piel. Su textura fresca se absorbe rápidamente. Desde la primera aplicación, la piel del escote se suaviza y luce tonificada. Más suave y más flexible, la piel se ve mejorada. Con aplicaciones repetidas, se refuerza el sostén natural del busto y luce más firme. Después de 8 semanas, los pechos lucen más esculpidos. El tono de la piel, la elasticidad y la firmeza se restauran.","Aplicar dos veces al día durante 2 meses para un programa de cuidado intensivo, o bien, una vez al día como parte de una rutina de mantenimiento de belleza utilizando la técnica de aplicación adecuada: Primer paso: Aplicación """"cruzando el corazón"""". Con la mano derecha plana, comenzará desde el hombro izquierdo, descendiendo a través del escote entre los pechos, y luego ir alrededor del pecho derecho en un movimiento de """"8"""" pasando por debajo del otro pecho. Deslice sobre el escote hasta llegar al hombro derecho. Repita la misma técnica con la mano izquierda, comenzando desde el hombro derecho. Segundo paso: Aplique Phytobuste + decolleté con la palma de la mano deslizando suavemente desde la zona media del busto hacia los hombros. 3er paso: Para terminar, aplique con ligeras presiones con la mano plana sobre el busto y el escote. Precauciones para su uso: No utilizar durante la lactancia.",,3473311650023,2.0000
000190708,"Sisleÿa L'Intégral Anti-Âge 50 ml",sisley-lintegral-anti-age-50-ml-000190708,https://ultrafemme.com/media/catalog/product/1/9/190708_3473311500502_01_572e.png,,,,13500.000000,,,"Sisley Paris","Extractos de pepita de Manzana (Fitoestimulinas y Ácido Ursólico) : regeneran y estimulan la piel

extractos de Ratania y de Alquimilla: ayudan a estimular y alisar el grano de la piel

cóctel de vitaminas, minerales, oligoelementos y aminoácidos : revitaliza

extracto de hojas de Sauce Blanco: anti-oxidante*, anti-colagenasa* y anti-elastasa*

Adenosina: anti-arrugas

extracto de Lindera : ritmo celular

extracto de Acacia de Constantinopla: energía celular

complejo protéico de Soya y de Levadura: longevidad celular

Manteca de Karite: protege y repara

Glicerina de origen vegetal: hidrata y suaviza * Prueba in vitro",Cremas,,"<p>Una gran parte del envejecimiento está vinculada al estilo de vida personal. Estrés cotidiano, momentos dificiles de la vida, abusos de todos tipos impactan el ciclo de vida biológico de las células. Esta tercera dimensión del envejecimiento, marca el rostro aún más que el envejecimiento genético o el envejecimiento ambiental. Sisleÿa L'Intégral Anti-Âge lucha así contra los signos visibles vinculados a los 3 tipos de envejecimiento para aportar una respuesta anti edad absolutamente completa.</p><p>Contiene activos estimulantes (Fitostimulina, extractos de Ratania y de Alquimilla), regenerantes y restructurantes (Ácido Ursólico, vitaminas, minerales, oligoelementos, aminoácidos, extracto peptídico de Soya, extracto de hojas de Sauce Blanco) el extracto de Lindera para el ritmo celular*, el extracto de Acacia de Constantinopla para la energía celular*, y un complejo protéico de Levadura y de Soya para la longevidad celular*. Los resultados son espectaculares sobre las arrugas, la firmeza, la luminosidad, la densidad y la hidratación para preservar la belleza de la piel.</p><p>Desde las primeras aplicaciones, la piel es nutrida y recobra confort y elasticidad. Los rasgos se alisan, la piel se redensifica e hidrata duraderamente. Los signos de cansancio se atenúan. A las 4 semanas, las arrugas se reducen visiblemente, el rostro recobra la firmeza, la densidad y la luminosidad de una piel más joven. . A las 8 semanas, la piel es radiante. Se restructura profundamente, regenerada desde el interior. La edad percibida disminuye visiblemente.</p>","Aplicar Sisleÿa L’Intégral Anti-Âge mañana y noche sobre el rostro y el cuello.",,3473311500502,6.0000
000175119,"Sisleÿa Essential Skin Care Lotion",sisley-essential-skin-care-lotion-150-ml-000175119,https://ultrafemme.com/media/catalog/product/1/7/175119_3473311506009_01_443e.png,,,,4750.000000,,,"Sisley Paris","Extracto de Malvavisco: calma, protege e hidrata la piel

Extracto de Padina pavónica: estimula la síntesis de los glicoaminoglicanos GAG

Fitoescualeno: hidrata y nutre la piel, constituye un aporte lípido especialmente adaptado a las deficiencias de las pieles maduras

Extracto de Ginkgo Biloba: ayuda a tonificar la piel, antioxidante

Extracto de Caliz Alquenquenje: ayuda a proteger la piel por su acción antirradicales

Extracto de hojas de Sauce Blanco: protege el colágeno y la elastina para una piel más tonificada",Lociones,,"<p>Totalmente diferente a un tónico perfeccionador de desmaquillaje, la loción de Soin Essentielle Sisleÿa es el primer gesto de un ritual de tratamiento antiedad:</p><ul><li>Contiene activos esenciales (extracto de malvavisco, padina pavónica, fitoescualeno y ginkgo biloba) para hidratar y nutrir la piel, queda perfectamente preparada para recibir los tratamientos posteriores.</li><li>Integra los activos antiedad de gran eficacia de la gama Sisleÿa (sauce blanco, cáliz de alquenquenje, padina pavónica, ginkgo biloba) para una piel resplandeciente de juventud. Es la primera fuente de activos en el ritual de tratamiento diario.</li></ul><p>Inmediatamente la piel se repulpa, ilumina y la prepara para los siguientes tratamientos. Tras 4 semanas, los signos de la edad se atenúan, el efecto juventud es visible. No comedógeno. De inmediato, la piel está más tónica, más fresca, los rasgos se alisan visiblemente. Repulpada, hidratada intensamente la piel recobra su luminosidad. De este modo, la eficacia de los tratamientos diarios se ve aumentada. Tras 4 semanas, la piel está más firme, como reestructurada. la tez está más luminosa. El efecto rejuvenecedor es visible.</p>","Aplicar mañana y noche, sobre el rostro y el cuello perfectamente limpios. Alisar el producto con la yema de los dedos con ligeros masajes hasta que se absorba por completo y proseguir con los tratamientos habituales. También puede utilizarse un algodón.",,3473311506009,6.0000
000215999,"Black Rose Skin Infusion Cream 50 ml",sisley-black-rose-skin-infusion-cream-50-ml-000215999,https://ultrafemme.com/media/catalog/product/2/1/215999_3473311320506_01_c3c5.png,,,,5100.000000,,,"Sisley Paris","Extracto de aceite de Rosa Negra: aporta emoliencia y suavidad Extracto acuoso de Rosa Negra: para alisar la textura de la piel al instante Extracto de Rosa de los Alpes: combate la falta de luminosidad de la tez Agua de Rosa de Mayo: aporta una textura excepcionalmente agradable Extracto de Cáliz de Alquejenje: para una doble eficacia Extracto de Padina Pavonica: para reforzar el colchón hídrico de la dermis, hidrata y redensifica Extracto de Flores de Hibisco: tonificante con propiedades exfoliantes suaves Aceite de Manteca de Karité y de Camelia: aportan un confort duradero Acetato de Vitamina E: anti-radicales Biosacarinas: crean una película húmeda en la superficie de la piel Glicerina de origen vegetal: hidratante y suavizante}",Cremas,,"<p style=""text-align: justify; "">Black Rose Skin Infusion Cream es el tratamiento ideal para redensificar la piel y favorecer la luminosidad de la tez. Un trío de rosas únicas se unen para un tratamiento verdaderamente placentero:</p><ul><li>Una textura infinitamente sensorial.</li><li>Un perfume delicado y adictivo.</li><li>Acción antiedad inmediata y de largo plazo.</li></ul><p><br></p><ul><li<acción antiedad="""" inmediata="""" y="""" de="""" largo="""" plazo.<="""" li=""""></li<acción></ul><ol><li>El extracto de cáliz de Alquejenje ofrece un relleno eficaz a la epidermis y a la dermis, aumentando el espesor de la piel. Se combina con el extracto de la Padina Pavónica, que refuerza el colchón hídrico de la dermis para una piel rellena.</li><li>El extracto acuoso de Rosa Negra contribuye a alisar instantáneamente la textura de la piel, permitiendo así que la luz refleje mejor.</li></ol><p><br></p><p style=""text-align: justify; "">El extracto de Rosa de los Alpes, nuevo ingrediente activo de Sisley, naturalmente rico en antioxidantes poderosos, favorece la luminosidad de la tez. La combinación de extracto aceitoso de Rosa Negra, agua de Rosa de mayo y aceites de Karité y de Camelina, aporta suavidad a la piel, frescor instantáneo y confort duradero. </p><p style=""text-align: justify;"">Tolerancia testada bajo control dermatológico. Todos los tipos de piel incluidas las sensibles. No comodogénico. La epidermis está perfectamente hidratada, la piel se encuentra plena y recupera el volumen de una piel más joven. La piel está alisada, la tez recupera su luminosidad, su frescor y su luz.</p>","Aplicar diario sobre el rostro limpio y cuello por la mañana y por la noche.",,3473311320506,4.0000
000045457,"Gentle Facial Buffing Cream 50 ml",sisley-paris-gentle-facial-buffing-cream-50-ml-000045457,https://ultrafemme.com/media/catalog/product/4/5/45457_3473311238009_01_653a.png,"Crema limpiadora",,,2500.000000,,,"Sisley Paris","Manzanilla alemana: suaviza, calma

Caolín: efecto absorbente

Microesferas exfoliantes: suave exfoliante",Cremas,,"<p>Gentle Facial Buffing Cream absorbe el sebo y las impurezas al levantar y eliminar las células muertas de la piel con micropartículas delicadas y exfoliantes. Con Matricaria, conocida por sus propiedades suavizantes y relajantes, recomendada para pieles delicadas, esta crema exfolia la epidermis para mejorar la receptividad de la piel a los productos para el cuidado de la piel. La piel está pulida y suavizada, ideal para preparar la piel para una mascarilla o colocar autobronceador.</p><p>Se ilumina la tez y se afina el poro de la piel. La piel se muestra más suave, más receptiva a los productos de tratamiento.</p>","Aplicar una fina capa sobre la piel limpia y seca, de una a tres veces por semana sobre el rostro y el cuello, evitando el contorno de ojos. Dejar secar entre 1 y 2 minutos, y retirar suavemente hasta la eliminación de las pequeñas partículas exfoliantes. A continuación, aclarar abundantemente con agua y, por último, aplicar el tónico adecuado para su tipo de piel.",,3473311238009,4.0000
000045481,"Botanical Lip And Contour Balm 30 ml",sisley-botanical-lip-and-contour-balm-30-ml-000045481,https://ultrafemme.com/media/catalog/product/4/5/45481_3473311516008_01_d7f3.png,,,,3700.000000,,,"Sisley Paris","Fitoestimulinas de Tomate: estimulan el metabolismo celular

Agua de Hamamelis

descongestiona

Hidrolisados de proteínas vegetales: propiedades alisantes.",Bálsamos,,"<p>Es un bálsamo alisante e hidratante para el contorno de ojos y labios. Formulado a base de extractos de origen natural (agua de hamamelis, fitoestimulinas de tomate, hidrolisados de proteínas vegetales) para proteger las zonas más frágiles y con mayor movimiento del rostro, este gel transparente y fresco:</p><ul><li>Alisa e hidrata.</li><li>Favorece la reducción de las bolsas.</li><li>Ayuda a corregir las arrugas y pequeñas arrugas.</li<li>Combate la sequedad.</li><li>Aporta suavidad y frescura.</li></ul><p>El contorno de ojos y de labios se hidrata y alisa. Resulta igual de adecuado para tratar las bolsas.</p>","Se utiliza preferiblemente por la mañana, sobre la piel limpia y seca, y antes de cualquier otro producto. Poner una pequeña cantidad de Baume Efficace con ayuda de la espátula. Aplicar con suavidad sobre el contorno de ojos y labios y, después, dar ligeros golpecitos con la yema de los dedos.",,3473311516008,3.0000
000276889,"Radiance Foaming Cream 125 ml",sisley-radiance-foaming-cream-125-ml-000276889,https://ultrafemme.com/media/catalog/product/2/7/276889_3473311525109_01_539b.png,,,,3000.000000,,,"Sisley Paris","Extracto de Peonía: brinda suavidad y confort. Complejo de ingredientes activos hidratantes - Betaína de origen vegetal, Pro-Vitamin B5 y Glicerina de origen vegetal: limitan la resequedad en la piel Extracto de Pomelo: suaviza la textura de la piel. Extracto de Ginkgo Biloba: promueve la luminosidad.",Desmaquillantes,,"<p>Radiance Foaming Cream combina un desmaquillante eficaz con una acción de tratamiento ofreciendo un verdadero momento de placer. Su delicada y suave textura espumosa se transforma en crema cuando se masajea en la piel. Su textura ultra sensorial que simplifica la técnica de masaje, elimina el maquillaje, las impurezas, la contaminación, el sebo y las células muertas de la piel en un sólo gesto.</p><p>El extracto de Peonía aporta suavidad y confort a la piel. El extracto de Pomelo, que suaviza la textura de la piel, y el extracto de Ginkgo biloba, ayudan a proporcionar luminosidad a la tez día tras día. La piel es más limpia, bella y radiante. Desmaquillarse se convierte en un momento especial de bienestar y sensorialidad gracias a su textura única y transformadora, así como su firma olfativa que despierta los sentidos. Adecuado para todo tipo de piel, incluyendo las pieles sensibles. Perfectamente limpia y desmaquillada, la textura de la piel es más fina y la tez es instantáneamente más radiante, fresca y luminosa. Su formulación natural no reseca la piel para que permanezca suave, flexible y cómoda después del enjuague.</p>","Aplicar 1 a 2 bombas de espuma en la palma de la mano, masajear suavemente en la piel del rostro para obtener una crema. Enjuagar con agua. Se puede utilizar también con el cepillo limpiador.",,3473311525109,7.0000
000252834,"Sisleÿa L'Intégral Anti-Âge Firming Concentrated Serum 30 ml",sisley-lintegral-anti-age-firming-concentrated-serum-30-ml-000252834,https://ultrafemme.com/media/catalog/product/2/5/252834_3473311504500_01_9406.png,Facial,,,13850.000000,,,"Sisley Paris","Extracto de Mejorana Dulce: actúa sobre la elastina Extracto de Lindera: ritmo celular Extracto de Acacia: energía celular Levadura y Soja (complejo de proteínas): longevidad celular Extracto de Nuez Tigre: tonifica y estructura la piel Extracto de hoja de Sauce Blanco: ingrediente multiprotector activo Extracto de Rosa Mosqueta: tonifica, antiradicales libres, astringente Extracto de Bistorta: retensión de la piel",Sueros,,"Con el paso del tiempo, el rostro pierde su firmeza. Los pómulos se afinan, el óvalo facial está menos definido, la piel pierde su elasticidad… Con el lanzamiento de Sisleya L'intégral Anti-Âge, los laboratorios Sisley van más allá, remontándose al origen del envejecimiento relacionado con el estilo de vida y crea Sisleya L'intégral Anti-Âge Firming Concentrated Serum. Este potente suero se centra en dos nuevas vías de acción: estimular la producción de elastina y volver a poner la piel en tensión. Al instante, la piel se enfunda y tensa como si se hubiera levantado, y el rostro está menos marcado. Después de 2 meses de uso, los contornos del rostro se redefinen a medida que la piel se redensifica y las mejillas se vuelven a esculpir. La edad percibida disminuye visiblemente.","Aplicar Sisleya L'Intégral Anti-Âge Friming Concentrated Serum por la mañana y por la noche en todo el rostro y cuello con la siguiente técnica de masaje: Paso 1: Estirar, realizar movimientos de alisado profundos desde el centro hacia el exterior. Paso 2: Tonificar, realizar ligeros pellizcos por todo el rostro y cuello. Paso 3: Reafirmar, con los dedos índice y corazón doblados, bordear los músculos del óvalo del rostro, las mejillas, los pómulos y la frente.",,3473311504500,5.0000
000262389,"Sisleÿa L'Intégral Anti-Âge Anti-Wrinkle Concentrated Serum 30 ml",sisley-lintegral-anti-age-anti-wrinkle-concentrated-serum-30-ml-000262389,https://ultrafemme.com/media/catalog/product/2/6/262389_3473311503107_01_221d.png,Facial,,,13850.000000,,,"Sisley Paris","Extracto de Cacao Porcelana: acción sobre el Colágeno

Extracto de Péptido de Soja: antiarrugas y firmeza

Extracto de Levadura Agave azul: reactiva los mecanismos naturales de producción de ácido hialurónico

Extracto de Hoja de Sauce Blanco: antioxidante

Extracto de Rosa Mosqueta: anti-radicales libres y antioxidante

Extracto de Iris : hidrata, protege y calma.",Sueros,,"Las arrugas simbolizan nuestro viaje a través de la vida y nuestras experiencias. Causadas por varios factores, que pueden atribuirse a la edad y a las expresiones faciales, así como al medio ambiente y a el estilo de vida. Después del lanzamiento de Sisleÿa L'Intégral Anti-Âge, los laboratorios Sisley van más allá en su innovación y regresan al origen del envejecimiento causado por el estilo de vida al lanzar el Sisleÿa L'Intégral Anti-Âge anti-wrinkle Concentrated Serum para una piel visiblemente más joven. DOBLE INNOVACIÓN SISLEY para actuar en todo tipo de arrugas: 1 / Despierta el potencial antiarrugas de la piel. El envejecimiento natural y el estilo de vida dañan la producción de Colágeno, responsable de la apariencia suave de la superficie de la piel. El extracto de Cacao Porcelana, un nuevo ingrediente activo de Sisley, muy rico en polifenoles, actúa para despertar y aumentar el potencial antiarrugas de la piel. Se reducen las arrugas y las líneas son más finas. 2 / Regenera la piel a profundidad. Las arrugas también resultan de profundos cambios en la estructura y composición de la dermis. Una combinación de potentes ingredientes activos basados ​​en plantas (péptido de Soja, extracto de Levadura de Agave Azul, hojas de Sauce Blanco, extractos de Rosa Mosqueta y Lirio) actúa en diferentes niveles dentro de la piel para proporcionar una respuesta antiarrugas absolutamente completa. Rellenas desde el interior, las arrugas se suavizan visiblemente y los rasgos faciales se relajan. El rostro se ve visiblemente más joven.
Al instante, la piel se vuelve más suave, las líneas de expresión se relajan. La textura fresca y sedosa del suero proporciona una verdadera sensación de elevación y un efecto de suavizado inmediato. Después de 2 meses, el efecto antiarrugas es espectacular: las arrugas se suavizan y se vuelven a rellenar desde el interior, el rostro se ve visiblemente más joven.","Aplicar sobre rostro y cuello, por la mañana y por la noche.",,3473311503107,10.0000
000241955,"Hydra-Global Serum 30 ml",sisley-hydra-global-seruhydra-global-serumm-30-ml-000241955,https://ultrafemme.com/media/catalog/product/2/4/241955_3473311266507_01_251c.png,Facial,,,7000.000000,,,"Sisley Paris","Extracto de levadura de Agave Azul de México: rellena el colchón hídrico. Extracto de semillas de Algarroba: renueva el ácido hialurónico epidérmico. Extracto de brotes de Cedro de Japón: retiene el líquido en la superficie de la piel. Extracto de Pensamiento Salvaje: estimula la síntesis de acuaporinas-3. Extracto de Iris: protege el ácido hialurónico, que absorbe el agua de la dermis y de la epidermis. Extracto de Edelweiss: refuerza la impermeabilidad de la capa córnea. Extracto de Malaquita: refuerza las defensas antiradicales libres naturales de la piel.",Sueros,,"<p>El sérum Hydra-Global es el primer paso diario fundamental para restablecer una hidratación intensa y autónoma de la piel. Para potenciar la hidratación intensiva natural de la piel, el Serum tiene las siguientes propiedades únicas:</p><ol><li>EL PODER DE HIDRATACIÓN AUTÓNOMA DE LA PIEL Poderoso potenciador de la hidratación, actúa en las 3 fases claves del ciclo del agua gracias a sus ingredientes activos de origen natural.</li><ul><li>Aumenta las reservas de agua Gracias a la levadura de Agave Azul, de México, y a las semillas de Algarroba, aumenta la cantidad de ácido hialurónico. Retiene el líquido en la superficie de la piel, devolviéndole toda su elasticidad El extracto de brotes de Cedro de Japón ayuda a atrapar y retener el agua, devolviendo a la piel su flexibilidad.</li><li> Promueve la circulación del agua en la epidermis El extracto de Pensamiento Silvestre reactiva la circulación de agua en las células, y por tanto en el corazón de la piel.</li><li>Detiene el agua en el corazón de la piel El extracto de Iris protege el ácido hialurónico, y el extracto de Edelweiss refuerza la impermeabilidad en la superficie. Con agua en su interior, la piel está visiblemente más “llena” y elástica. Rehidratada desde el interior, la piel está perfectamente lista para afrontar el paso del tiempo.</li></ul><li>EL PLACER DE UNA TEXTURA ACUOSA Y UNA FRAGANCIA ENERGÉTICA Una textura fresca, delicada y ligera que hace el producto imperceptible tras su aplicación: absorbido al instante, se fusiona perfectamente con la piel. Permite aplicar el tratamiento diario habitual inmediatamente después. El sello olfativo del tratamiento Hydra-Global es una combinación de aceites esenciales de Salvia, Lavanda y Mejorana, que con sus acordes naturales frescos y tónicos, perfuman deliciosamente el producto.</li><li>DISTINTOS USOS POSIBLES SEGÚN SUS NECESIDADES Un complemento ideal para todos los productos de cuidado de la piel: completa el tratamiento, aportando una intensa hidratación de la piel a todos los niveles.</li><ul><li>Como parte del dúo Hydra-Global, los productos expertos en hidratación: el uso diario de los dos productos combinados optimiza el rendimiento de hidratación autónoma de la piel.</li></ul></ol><p>La tez es radiante y las arrugas se suavizan. Perfectamente templada, la piel está lista para resistir el paso del tiempo.</p>","Aplicar Hydra-Global sobre la piel limpia y seca del rostro y del cuello, por la mañana y/o noche, antes del producto diario de cuidado de la piel.",,3473311266507,4.0000
000269139,"Sisleÿa L'Intégral Anti-Âge Concentrated Firming Body Cream 150 ml",sisley-lintegral-anti-age-concentrated-firming-body-cream-150-ml-000269139,https://ultrafemme.com/media/catalog/product/2/6/269139_3473311508102_01_c865.png,"Crema antiedad",,,9950.000000,,,"Sisley Paris","Extracto de Lindera: ritmo celular

Extracto de acacia persa: Energía celular

Complejo de proteínas de levadura y soja: longevidad celular

Extracto de fibra de soja: estimula la produción de colágeno

Extracto de eneldo: estimula la produción de elastina

Extracto de Padina Pavonica: promueve la produción de Glicosaminoglicanos, hidrata y rellena

Extracto de hoja de Sauce Blanco: antioxidante, anti-colagenasa y anti-elastasa

acetato de vitamina E anti-radicales libres

Cedrol: ingrediente activo adelgazante

extracto de espirulina: propiedades revitalizantes

azúcar de origen vegetal, solución de biosacáridos: complejo envolvente para capturar y retener agua de manera continua

extracto de semilla de avena: ingrediente activo de tóner 3D con efecto tonificante, ""lifting"" instantáneo

extracto de Rhatany: contribuye al efecto tensor del producto.",Cremas,,"<p>Sisleÿa L'Intégral Anti-Âge Concentrated Firming Body Cream proporciona una solución completa para los problemas de flacidez, de pérdida de firmeza y de tonicidad que afectan el cuerpo. Este tratamiento combina la potencia de un suero antiedad y el confort de una crema para una piel visiblemente más firme y tonificada.</p><ol><li>Piel visiblemente más joven. El extracto persa de acacia, el extracto de Lindera y el complejo de proteínas de levadura y soja se enfocan en el ciclo de vida de la célula (energía, ritmo y longevidad) para una acción antienvejecimiento óptima.</li><li>Piel más firme. Con la edad, los componentes esenciales de la dermis pierden su estructura: cuando son jóvenes, son más resistentes y elásticos, pero con el tiempo la piel empieza a perder firmeza. Los Los Laboratorios Sisley seleccionaron tres ingredientes activos basados ​​en plantas: extractos de fibra de soja, eneldo y padina pavonica para fortalecer la estructura dérmica y reducir visiblemente la piel que ha perdido su firmeza.</li><li>Piel revitalizada y nutrida. Un complejo de ingredientes activos calmantes que se combinan con extracto de espirulina, una microalga que son ricos en elementos nutritivos para las células.</li><li>Piel cubierta instantáneamente Cuando se aplica, el producto para el cuidado de la piel forma una malla elástica natural en la superficie de la piel, proporcionando un efecto lifting instantaneo sin dejar una película grasosa. Textura envolvente y perfumada por sus ingredientes activos.</li></ol><p>Día tras día, este concentrado antiedad embellece la piel y proporciona una sensación instantánea de bienestar. En 4 semanas, la piel del cuerpo es más firme. La piel se tensa. Las líneas finas del escote se alisan.</p>","Aplicar por la mañana y por la noche en las áreas a tratar: vientre, el interior de los brazos y muslos.",,3473311508102,2.0000
000275506,"Super Crème Solaire Corps SPF30 200 ml",sisley-super-creme-solaire-corps-spf-30-200-ml-000275506,https://ultrafemme.com/media/catalog/product/2/7/275506_3473311681058_01_6484.png,"Protector solar corporal",,,4750.000000,,,"Sisley Paris","Complejo específico: absorbe los rayos UVA-UVB Acetato de vitamina E: propiedades antiradicales libres Extracto de Edelweiss: protege el ADN celular del estrés oxidativo, fortalece la función de “barrera” de la piel Aceite de Camelia: propiedades reestructurantes, emolientes, hidratantes y nutritivas Aceite de Karité: repara, nutre, suaviza y protege Extracto de Mango: tiene propiedades hidratantes y emolientes Glicerina de origen vegetal: hidrata Lavanda (aceite esencial): calma y equilibra Geranio (aceite esencial): tonifica","Protectores solares",,"<p>Silky Body Cream SPF 30, alta protección, es un tratamiento protector de juventud que ayuda a preservar el capital solar de la piel y protege contra los efectos del fotoenvejecimiento a través de una combinación de filtros solares UVA y UVB.</p><ul><li>Una acción anti-radicales gracias a una combinación de ingredientes activos (acetato de vitamina E y extracto de Edelweiss) que ayudan a proteger la piel del estrés oxidativo, la principal causa del fotoenvejecimiento.</li><li>Protección celular: proteger la integridad de las células es esencial para una correcta renovación. Gracias a su efecto protector, el extracto de Edelweiss, combinado con filtros solares, ayuda a preservar las células de los ataques de rayos UV.</li><li>Una acción dirigida a la función de barrera de la piel: el extracto de Edelweiss  y el aceite de Camelia ayudan a reforzar la función de barrera para permitir que la piel mantenga su nivel óptimo de hidratación y garantice mejor resistencia a la agresión externa.</li><li>Una fórmula hidratante y nutritiva: la radiación solar puede dañar la película hidrolipídica de la piel, causando deshidratación y resequedad.</li></ul><p>El aceite de Karité, el aceite de Camelia y el extracto de Mango ayudan a la piel a recuperar su flexibilidad e hidratación. Emulsión suave y no grasa que deja la piel hidratada y cómoda. Se derrite sobre la piel sin dejar rastros blancos. Resistente al agua.</p><p>Naturalmente perfumado con aceites esenciales de Lavanda y Geranio. Ayuda a proteger la piel de los efectos del fotoenvejecimiento (arrugas, manchas, deshidratación, flacidez de la piel). Silky Body Cream SPF 30 ayuda a proteger eficazmente la piel del sol. La piel se hidrata al instante y se protege de la resequedad. La piel es más bella, el bronceado es luminoso y duradero. Las líneas finas de deshidratación se suavizan y se minimiza la aparición de manchas.</p>","Aplicar generosamente Silky Body Cream SPF 30 antes de cada exposición solar. Repetir imperativamente la aplicación cada dos horas. Evitar la exposición excesiva al sol y durante las horas de máxima intensidad. Evitar la exposición directa al sol de los bebés y los niños de corta edad.",,3473311681058,2.0000
000174778,"Super Soin Solaire Visage SPF50+ 40 ml",sisley-super-soin-solaire-visage-spf-50-40-ml-000174778,https://ultrafemme.com/media/catalog/product/1/7/174778_3473311682123_01_3e53.png,"Protector solar facial",,,4750.000000,,,"Sisley Paris","Combina filtros UVA-UVB específicos: absorbe los rayos UVA-UVB

Acetato de Vitamina E: antirradicales libres

Extracto de Edelweiss: protege el ADN celular contra el estrés oxidativo, refuerza la función barrera de la piel

Aceite de Camelia: propiedades reestructurantes, emolientes, hidratantes y nutritivas

Manteca de Karité: repara, nutre, suaviza, calma, protege

Extrato de Mango: posee propiedades hidratantes y emolientes

Glicerina Vegetal: hidrata

Salvia (aceite esencial) : estimula

Mejorana (aceite esencial) : suaviza","Protectores solares",,"<p>Super Soin Solaire Visage SPF 50+ de protección muy alta es un tratamiento protector de juventud* que ayuda a preservar el capital solar de la piel y la protege contra los efectos del fotoenvejecimiento gracias a una combinación de filtros solares UVA y UVB de última generación y de activos de tratamiento de alto rendimiento.</p><ul><li>Acción antirradicales libres gracias a una asociación de activos (acetato de vitamina E y extracto de edelweiss) que ayudan a proteger la piel del estrés oxidativo, causa principal del fotoenvejecimiento de la piel.</li><li>Protección celular: proteger la integridad del ADN celular es esencial para su correcta renovación. Gracias a su efecto protector, el extracto de edelweiss, asociado a los filtros solares, ayudan a proteger las células de los ataques de los rayos UV.</li><li>Acción dirigida a mejorar la función barrera de la piel: el extracto de edelweiss y el aceite de camelia ayudan a reforzar la función barrera para permitir a la piel conservar su nivel óptimo de hidratación y garantizar una mejor resistencia frente a las agresiones externas.</li></ul><p>Fórmula hidratante y nutritiva: los rayos solares pueden dañar la película hidrolipídica de la piel provocando así deshidratación y resequedad. La manteca de karité, el aceite de camelia y el extrato de mango ayudan a la piel a recuperar su elasticidad e hidratación. Crema fina, sedosa y no grasa que se funde en la piel y la deja suave. Sin efecto blanqueador. Resistente al agua. No comedógeno. Perfumada de forma natural por los aceites esenciales de salvia y mejorana. Ayuda a proteger la piel de los efectos del fotoenvejecimiento (arrugas, manchas, deshidratación, relajación cutánea).</p><p>Super Soin Solaire Visage SPF 50+ ayuda a proteger eficazmente la piel del sol. La piel está intensamente hidratada y nutrida, protegida de la desecación. la piel está más bella, el bronceado es más radiante y duradero. Alisa las pequeñas arrugas por deshidratación, minimizan la aparición de manchas provocadas por el sol.</p>","Aplicar generosamente Super Soin Solaire Visage SPF 50+ antes de cada exposición solar. Repetir imperativamente la aplicación cada dos horas. Evitar la exposición excesiva al sol y durante las horas de máxima intensidad. Evitar la exposición directa al sol de los bebés y los niños de corta edad.",,3473311682123,5.0000
000193741,"Super Soin Solaire Facial Sun Care SPF30 N°1 Natural 40 ml",sisley-super-soin-solaire-facial-sun-care-spf-30-n1-natural-40-ml-000193741,https://ultrafemme.com/media/catalog/product/1/9/193741_3473311682215_01_fac7.png,"Protector solar facial",,,4400.000000,,,"Sisley Paris","Acetato de Vitamina E: en contacto con la piel, libera su acción antirradicales y refuerza las defensas naturales de la piel Extracto de Edelweiss: propiedades antioxidantes y antiradicales libres Extracto de Edelweiss: efecto protector del ADN Aceite de Camelia: propiedades reestructurantes Extracto de Edelweiss: ayuda a reforzar la función de ""barrera"" de la piel","Protectores solares",,"<p>Super Soin Solaire Teinté SPF 30 de alta protección es un tratamiento solar con color protector de juventud que ayuda a preservar el capital solar de la piel. Gracias a una protección optimizada contra los rayos UV, Super Soin Solaire Teinté ayuda a proteger la piel del fotoenvejecimiento y a conservar su capital solar: • Acción antiradicales libres gracias a la asociación de activos (Acetato de vitamina E y de extracto de Edelweiss) que ayudan a proteger la piel del estrés oxidativo (principal causa del fotoenvejecimiento).</p><ul><li>Protección celular : proteger la integridad del ADN de las células es esencial para su correcta renovación. Gracias a su efecto protector del ADN, el extracto de Edelweiss ayuda a proteger las células de los ataques de los rayos UV.</li><li>Activos que actúan en la función de barrera de la piel: El extracto de Edelweiss y el aceite de Camelia ayudan a reforzar la función de barrera para permitir a la piel conservar su nivel de hidratación óptimo y garantizar una mejor resistencia frente a las agresiones externas.</li></ul><p> Crema sedosa y no grasa, resistente al agua. No comodogénica.</p><p> Perfumada de forma natural con aceites esenciales de Salvia y de Mejorana. Disponible en 4 tonos: Porcelain, Natural, Golden, Amber.</p><p>Super Soin Solaire Teinté SPF 30 ayuda a proteger la piel eficazmente la piel del sol. Inmediatamente, la piel está hidratada, nutrida y protegida de la sequedad:</p><ul><li>La piel tiene un aspecto uniforme, luminoso, natural y con un bronceado duradero.</li><li>Alisan las arrugas por deshidratación y minimizan la aparición de manchas provocadas por el sol.</li></ul>","Aplicar generosamente Super Soin Solaire Teinté SPF 30 antes de la exposición al sol. Renovar la aplicación cada 2 horas. Evitar la exposición excesiva al sol y durante las horas de máxima intensidad solar. Evitar la exposición directa al sol de los bebés y los niños de corta edad.",,3473311682215,4.0000
000193743,"Super Soin Solaire Facial Sun Care SPF30 N°3 Amber 40 ml",sisley-super-soin-solaire-facial-sun-care-spf-30-n3-amber-40-ml-000193743,https://ultrafemme.com/media/catalog/product/1/9/193743_3473311682239_01_83d8.png,"Protector solar facial",,,4400.000000,,,"Sisley Paris","Acetato de Vitamina E: en contacto con la piel, libera su acción antirradicales y refuerza las defensas naturales de la piel Extracto de Edelweiss: propiedades antioxidantes y antiradicales libres Extracto de Edelweiss: efecto protector del ADN Aceite de Camelia: propiedades reestructurantes Extracto de Edelweiss: ayuda a reforzar la función de ""barrera"" de la piel","Protectores solares",,"<p>Super Soin Solaire Teinté SPF 30 de alta protección es un tratamiento solar con color protector de juventud que ayuda a preservar el capital solar de la piel. Gracias a una protección optimizada contra los rayos UV, Super Soin Solaire Teinté ayuda a proteger la piel del fotoenvejecimiento y a conservar su capital solar: • Acción antiradicales libres gracias a la asociación de activos (Acetato de vitamina E y de extracto de Edelweiss) que ayudan a proteger la piel del estrés oxidativo (principal causa del fotoenvejecimiento).</p><ul><li>Protección celular : proteger la integridad del ADN de las células es esencial para su correcta renovación. Gracias a su efecto protector del ADN, el extracto de Edelweiss ayuda a proteger las células de los ataques de los rayos UV.</li><li>Activos que actúan en la función de barrera de la piel: El extracto de Edelweiss y el aceite de Camelia ayudan a reforzar la función de barrera para permitir a la piel conservar su nivel de hidratación óptimo y garantizar una mejor resistencia frente a las agresiones externas.</li></ul><p> Crema sedosa y no grasa, resistente al agua. No comodogénica.</p><p> Perfumada de forma natural con aceites esenciales de Salvia y de Mejorana. Disponible en 4 tonos: Porcelain, Natural, Golden, Amber.</p><p>Super Soin Solaire Teinté SPF 30 ayuda a proteger la piel eficazmente la piel del sol. Inmediatamente, la piel está hidratada, nutrida y protegida de la sequedad:</p><ul><li>La piel tiene un aspecto uniforme, luminoso, natural y con un bronceado duradero.</li><li>Alisan las arrugas por deshidratación y minimizan la aparición de manchas provocadas por el sol.</li></ul>","Aplicar generosamente Super Soin Solaire Teinté SPF 30 antes de la exposición al sol. Renovar la aplicación cada 2 horas. Evitar la exposición excesiva al sol y durante las horas de máxima intensidad solar. Evitar la exposición directa al sol de los bebés y los niños de corta edad.",,3473311682239,1.0000
000294120,"Black Rose Beautifying Emulsion 200 ml",sisley-black-rose-beautifying-emulsion-200-ml-000294120,https://ultrafemme.com/media/catalog/product/2/9/294120_3473311320704_01_c793.png,,,,4450.000000,,,"Sisley Paris","Extracto oleoso de Rosa Negra: suaviza y alisa Extracto de Padina Pavonica: promueve la hidratación y la elasticidad de la piel. Aceite de Camelina: preserva el equilibrio lipídico, nutre, suaviza y calma la piel. Extracto acuoso de Rosa Negra: suaviza la piel y le proporciona luminosa. Solución de Biosacáridos: hidrata y suaviza la piel. Tocoferoles naturales: antioxidantes Extracto de Jengibre Blanco: promueve la flexibilidad y elasticidad de la piel",Emulsiones,,"<p>Una emulsión ultrahidratante y embellecedora que proporciona la luminosidad y flexibilidad de una piel joven.</p><p>2 ACCIONES PARA REGRESAR LA LUMINOSIDAD Y JUVENTUD A LA PIEL</p><ol><li>HIDRATA Esta emulsión ultracremosa contiene numerosos ingredientes hidratantes y nutritivos. La piel se siente más suave y confortable.</li><li>BELLEZA La Emulsión Embellecedora Black Rose sublima la piel envolviéndola en un velo perfeccionador con un efecto instantáneo y duradero. La piel se vuelve más flexible y recupera su luminosidad natural.</li></ol><p> EL TRATAMIENTO QUE PROPORCIONA BIENESTAR TANTO EL CUERPO COMO A LA MENTE</p><p>Esta emulsión es tan cómoda como un bálsamo, tan sedosa como un aceite y tan ligera como el agua. Su textura no grasa se absorbe al instante y permite vestirse inmediatamente después de la aplicación. La icónica y adictiva fragancia de la colección Black Rose, con delicados aromas de rosa, envuelve el cuerpo con una sensación de bienestar absoluto.</p><p>La piel se alisa, se vuelve más suave y luminosa al instante con un acabado satinado. Día tras día se mejora la película hidrolipídica de la piel. Se restaura la flexibilidad y elasticidad de una piel joven. La piel del cuerpo se embellece.</p>","Aplicar por la mañana y por la noche sobre la piel limpia de todo el cuerpo.",,3473311320704,1.0000
000045460,"Buff And Wash Facial Gel 100 ml",sisley-buff-and-wash-facial-gel-100-ml-000045460,https://ultrafemme.com/media/catalog/product/4/5/45460_3473311524003_01_a4ee.png,"Gel hidratante",,,3150.000000,,,"Sisley Paris","Limón: tonifica y aumenta el resplandor de la tez

Lavanda (aceite esencial): alivia

Verbena exótica (aceite esencial): refresca y tonifica",Geles,,"<p>Buff and Wash Facial Gel limpia y elimina suavemente las células muertas de la piel y las impurezas en un solo movimiento. Su textura de gel limpia suavemente y contiene micropartículas exfoliantes. Los extractos de plantas naturales (Limón) junto con los aceites esenciales (Verbena exótica y Lavanda) estimulan la piel y crean una sensación de confort y frescura.</p><p> Su fórmula ultra suave respeta la piel y puede usarse de 3 a 4 veces por semana. La piel se revitaliza, quedando suave y radiante.</p><p>Piel estimulada, suave y luminosa.</p>","Aplica una cantidad del tamaño de una moneda de diez centavos después de humedecer la cara y el cuello. Con las yemas de los dedos, masajea con movimientos circulares, evitando el contorno de los ojos. Luego, enjuaga bien con agua antes de aplicar el tónico adecuado a tu tipo de piel. Puede usarse de 3 a 4 veces por semana",,3473311524003,2.0000
000045473,"Lyslait 250 ml",sisley-lyslait-250-ml-000045473,https://ultrafemme.com/media/catalog/product/4/5/45473_3473311130006_01_0b60.png,,,,3150.000000,,,"Sisley Paris","Lirio blanco: hidrata, suaviza

Malva: hidrata, suaviza

Tilo: suaviza, alivia

Girasol: nutre, suaviza, revitaliza

Acetato de vitamina E: antioxidante

Azahar: tonifica",Desmaquillantes,,"Desmaquillante cremoso que disuelve el maquillaje respetando el equilibrio de todos los tipos de piel. Enriquecido con extracto de Lirio Blanco, proporciona una sensación inmediata de confort.","Aplicar suavemente  con la punta de los dedos sobre el rostro y el cuello con movimientos circulares para disolver el maquillaje y las impurezas de manera efectiva.",,3473311130006,11.0000
000045488,"Radiant Glow Express Mask 60 ml",sisley-radiant-glow-express-mask-60-ml-000045488,https://ultrafemme.com/media/catalog/product/4/5/45488_3473311426017_01_bf6d.png,,,,3300.000000,,,"Sisley Paris","Vid Roja: tonifica

Zanahoria: revitaliza e hidrata

Glicerina Vegetal: hidrate

Manzanilla (aceite Esencial): alivia

Romero (aceite Esencial): purifica y estimula

Arcilla blanca: absorbe el exceso de sebo

Arcilla Roja

absorbe el exceso de sebo

Rosa Silvestre: protege del estrés oxidativo",Mascarillas,,"<p>Radiant Glow Express Mask es una mascarilla limpiadora con arcilla roja que deja la piel con un brillo radiante. El poder absorbente de la arcilla, en combinación con extractos de plantas (Zanahoria, Vid Roja y Rosa Mosqueta) y aceites esenciales (Romero y Manzanilla), ayuda a eliminar las impurezas que embotan el cutis mientras se limpia profundamente la piel. La textura de Radiant Glow Express Mask es suave, flexible y no seca y no crea una sensación de estire en la piel. De 3 a 5 minutos, la piel queda limpia y radiante.</p><p>La piel recupera una luminosidad espectacular y se alisa. El cutis queda fresco y unificado.</p>","Aplicar sobre la piel limpia y seca de 2 a 3 veces por semana en una capa gruesa sobre el rostro y el cuello, evitando el contorno de ojos. Dejar actuar de 3 a 5 minutos y aclarar bien con agua templada.",,3473311426017,2.0000
000207023,"Double Tenseur Instant & Long-Term 30 ml",sisley-double-tenseur-instant-and-long-term-30-ml-000207023,https://ultrafemme.com/media/catalog/product/2/0/207023_3473311601100_01_265f.png,,,,4800.000000,,,"Sisley Paris","Extracto de Ratania : astringente y tonificante, contribuye al efecto tensor inmediato

Extracto de Limón : astringente y tonificante

Extracto de semillas de Avena : activo « Tensor 3D »

Extracto de Chufa : refuerza la estructura de la dermis

Extracto de Algodón : regenerante y reconstituyente

Extracto de Viña Roja : anti-radicales

Extracto de Mastuerzo : tonifica y revitaliza

Solución de Biosacaridos : propiedades hidratantes inmediatas y a largo plazo

Glicerina vegetal : hidrata",Geles,,"<p>Hidratante y ultra-sensorial, este gel fresco con efecto ""segunda piel"" combina una doble eficacia, inmediata y a largo plazo:</p><ul><li>Un efecto tensor y alisante inmediato en la superficie : el extracto de semillas de Avena crea una malla 3D continua, elástica y flexible en superficie, que, al retraerse, alisa el microrrelieve cutáneo y proporciona una sensaciòn reafirmante al instante. Al mismo tiempo, la combinación de los extractos de Ratania y Limón tonifica y alisa la textura de la piel.</li><li>Acción reafirmante en profundidad: día tras día, una potente asociación de activos de origen vegetal, extractos de Chufa y de semillas de Algodón, refuerza la estructura dérmica.</li></ul><p> Instantáneamente, el rostro parece más firme, con los rasgos más tersos. Los signos de cansancio se atenúan. A partir de las 4 semanas de uso, la piel está más tonificada, más densa al tacto y con un aspecto más terso.</p><p>Al instante el rostro parece más firme, con los rasgos más tersos.El efecto tensor dura todo el dìa. Los signos de cansancio se atenúan inmediatamente. A partir de las 4 semanas de uso, la piel está más tonificada, más densa al tacto y con un aspecto más terso.</p>","Se aplica después del tratamiento cotidiano, pero también como base de maquillaje, para mejorar su fijación, en retoques sobre el maquillaje a lo largo del día o por la noche, para un efecto embellecedor inmediato.",,3473311601100,3.0000
000117974,"Eau Efficace 300 ml",sisley-eau-efficace-300-ml-000117974,https://ultrafemme.com/media/catalog/product/1/1/117974_3473311082008_01_23c6.png,,,,3300.000000,,,"Sisley Paris","Extractos de Shikakai, de Datilero del desierto y de Gipsófilo:saponinas vegetales con un gran poder limpiador

Agua de Tila: calma y suaviza la epidermis

Extracto de Neroli: presenta propiedades tonificantes

Alfa-bisabolol natural: calma

Pro-Vitamina B5: favorece una buena hidratación de la piel y calma",Desmaquillantes,,"<p>Eau Efficace es un agua desmaquillante 3 en 1; desmaquilla el rostro y los ojos, limpia y tonifica la piel. Formulado a partir de saponinas vegetales y con un gran poder limpiador, retira las impurezas que deja la contaminación durante el día y ayuda a preservar la luminosidad de la piel. Elimina eficazmente el maquillaje del rostro y de los ojos, incluso el más resistente. Gracias a la asociación de 2 activos de origen natural con propiedades calmantes, suavizantes y relajantes (Agua de Tila y Extracto de Neroli).</p><p>La piel queda desmaquillada, limpia, tonificada, nítida y mate. La tez luce fresca y luminosa.</p>","Colocar el algodón sobre la pompa dosificadora y presionar de 2 a 3 veces para impregnarlo. Utilizar un algodón distinto para cada ojo, y otro para el rostro. Repetir la operación si resulta necesario para eliminar todos los restos de maquillaje. Utilizar por la mañana para despertar y estimular la piel y por la noche para eliminar eficazmente el maquillaje del rostro y de los ojos, incluso sensibles. No necesita aclarado.",,3473311082008,6.0000
000134110,"Energizing Foaming Exfoliant For The Body 200 ml",sisley-energizing-foaming-exfoliant-for-the-body-200-ml-000134110,https://ultrafemme.com/media/catalog/product/1/3/134110_3473311536020_01_9df5.png,"Exfoliante corporal",,,3500.000000,,,"Sisley Paris","Cola de caballo: remineraliza

Saponaria: limpiador suave

Romero (aceite esencial): purifica y estimula

Lavanda (aceite esencial): alivia y equilibra",Exfoliantes,,"<p>El Exfoliant Moussant Energisant for the Body combina el placer del gel de ducha y la eficacia de un tratamiento exfoliante. Asocia los beneficios de los aceites esenciales (Lavanda y Romero), de las micropartículas exfoliantes y de los extractos de plantas para eliminar las células muertas y las asperezas. Su espuma ligera con un perfume revitalizante y refrescante tiene un efecto estimulante:</p><ul><li>Deja la piel flexible, suave, alisada y tonificada.</li><li>El Exfoliant Moussant Energisant pour le Corps facilita la aplicación de los productos para el cuerpo y mejora los resultados de un autobronceador.</li></ul><p>Apto para cualquier tipo de piel.</p>","Aplicar sobre la piel húmeda y masajear delicadamente insistiendo en las zonas más ásperas (codos, rodillas, talones). A continuación, aclarar abundantemente. Utilizar de 1 a 2 veces por semana. Evitar el contacto con los ojos.",,3473311536020,2.0000
000045461,"Express Flower Gel 60 ml",sisley-express-flower-gel-60-ml-000045461,https://ultrafemme.com/media/catalog/product/4/5/45461_3473311420008_01_18a2.png,"Gel hidratante",,,3700.000000,,,"Sisley Paris","Azucena: hidrata, suaviza

Ajonjolí: hidrata, protege, regenera

Rosa: refrescante, suavizante, astringente

Lirio: suavizante, tonificante",Mascarillas,,"<p>Express Flower Gel es una mascarilla en gel muy fresca, hidratante y tonificante, especialmente apreciada por las pieles deshidratadas, átonas o cansadas. Gracias a una concentración excepcional de activos hidratantes (extractos de azucena y lirio), y regenerantes (extracto de ajonjolí), Masque Gel Express aux Fleurs:</p><ul><li>Hidrata y tonifica.</li><li>Elimina los signos de cansancio y estrés.</li><li>Alisa los rasgos y unifica la tez en solo 3 minutos.</li></ul><p>La piel está hidratada y tonificada, los rasgos más lisos. Las señales de cansancio y estrés desaparecen y dejan paso a un rostro radiante.</p>","Aplicar sobre la piel limpia y seca de rostro y cuello, incluido el contorno de ojos, de 2 a 3 veces por semana. Transcurridos 3 minutos retirar el exceso de producto sin aclarar. Ideal antes de una velada para tener un aspecto instantáneamente descansado.",,3473311420008,1.0000
000285369,"Eye And Lip Gel Make-Up Remover 120 ml",sisley-eye-and-lip-gel-make-up-remover-120-ml-000285369,https://ultrafemme.com/media/catalog/product/2/8/285369_3473311083005_01_57a7.png,,,,2500.000000,,,"Sisley Paris","Extracto de Peonía: proporciona suavidad y confort

Hidrolato de Aciano: suaviza

Pro Vitamina B5 y Glicerina de origen vegetal: contribuye a la hidratación de la piel

Complejo de ingredientes clave tonificantes - Extracto de Ginseng y Agua de flor de Azahar: refresca el contorno de los ojos",Desmaquillantes,,"<p>Eye and Lip Gel Make-up Remover es un desmaquillante eficaz con numerosos beneficios para el cuidado de la piel. Convierte este paso de limpieza en un verdadero momento de bienestar. Su textura gel suave y fundente proporciona una sensación de frescor sin dejar la piel grasa. También permite retirar el maquillaje a prueba de agua capturando los pigmentos de maquillaje, polvos e impurezas.</p><p> Las pestañas y el párpados quedan libres de todo tipo de maquillaje. Perfectamente limpio, el área del contorno de los ojos es más fresco, hidratado y luminoso. El desmaquillante en gel ayuda a reducir la caida de las pestañas al desmaquillarlas para que esten más suaves y bellas. Tolerancia probada bajo control oftalmológico (y dermatológico). Adecuado para ojos sensibles y usuarios de lentes de contacto. Perfectamente limpio, el contorno de los ojos está más luminoso y visiblemente descansado. También se mejora el estado de las pestañas. No deja película grasa.</p>","2 métodos de aplicación posibles: 1. Aplicar una pequeña cantidad de gel sobre un algodón y deslizar suavemente sobre los ojos y labios, con movimientos desde adentro hacia afuera, hasta la eliminación completa del maquillaje. 2. Aplicar una pequeña cantidad de producto sobre la piel seca con la punta de los dedos, masajear suavemente con movimientos circulares. Terminar con un algodón. No enjuagar.",,3473311083005,2.0000
000225917,"Deeply Purifying Mask With Tropical Resins 60 ml",sisley-deeply-purifying-mask-with-tropical-resins-60-ml-000225917,https://ultrafemme.com/media/catalog/product/2/2/225917_3473311415653_01_609b.png,,,,3300.000000,,,"Sisley Paris","Extracto de Benjuí, Extracto de Bardana, Arcilla Blanca, Hojas de Pie de León, D-Pantenol.",Mascarillas,,"<p>Deeply Purifying Mask, que contiene una auténtica fórmula SOS, atenúa las imperfecciones al instante, la tez está más fresca. Un instantáneo de pureza que combina tres acciones principales:</p><ol><li>Acción Purificante Profunda: La asociación de los extractos de Benjuí y Bardana, con propiedades intensamente purificantes, permite atenuar al instante la apariencia de las imperfecciones cutáneas. La tez está más limpia y fresca, los brillos controlados.</li><li>Acción Absorbente y Astringente: La mascarilla, que está enriquecida con Arcilla Blanca con poder absorbente, elimina rápidamente el exceso de sebo y las impurezas que apagan el tono de la piel. El extracto de hojas de Pie de León, con propiedades astringentes, ayuda a mejorar visiblemente la calidad de la piel. Los poros se contraen al instante, la textura de la piel se afina, la tez está más radiante.</li><li>Acción Suavizante: Por último, gracias a la asociación de D-Pantenol y extractos de Mirra e Incienso se atenúan las rojeces debidas a las imperfecciones cutáneas y la piel queda suave y confortable al instante.</li></ol><p>Al instante, se reducen las imperfecciones y se eliminan las impurezas. Los poros se cierran, la textura de la piel es más uniforme. La piel puede ""respirar"". Después de 4 semanas, la piel se purifica intensamente. Las áreas de brillo disminuyen, la textura de la piel es más suave. La tez es fresca y radiante.</p>","Aplicar 1 o 2 veces por semana una capa espesa sobre el rostro perfectamente limpio evitando el contorno de ojos. Dejar actuar durante 10 minutos y luego enjuagar delicadamente con agua. También puede aplicarse de manera específica, durante toda la noche, en las imperfecciones localizadas. Al despertar, se habrán reducido visiblemente.",,3473311415653,6.0000
000161497,"Black Rose Precious Face Oil 25 ml",sisley-black-rose-precious-face-oil-25-ml-000161497,https://ultrafemme.com/media/catalog/product/1/6/161497_3473311320001_01_8645.png,Facial,,,6100.000000,,,"Sisley Paris","Aceite de Ciruela rico en omega 6: refuerza la función barrera y aporta comodidad y suavidad a la piel

Aceite de Camelina rico en ácidos grasos omega 3 y 6: nutre, suaviza y preserva el equilibrio lipídico de la piel

Fitoescualeno: nutre, hidrata y fortalece la película protectora de la piel

Tocoferoles naturales: ayudan a combatir los radicales libres

Insaponificables de Aguacate: regeneran, reparan, nutren, calman

Padina Pavónica: estimula la síntesis de los glicoaminoglicanos

Extracto de Rosa Negra: suaviza

Rosa Búlgara (aceite esencial): tonifica

Magnolia (aceite esencial ): suaviza

Geranio (aceite esencial): purifica",Aceites,,"<p>Black Rose Precious Face Oil es el primer aceite de tratamiento para el rostro de Sisley para pieles secas o maduras. Altamente concentrado en activos, este aceite seco y satinado con acción preparadora, nutritiva y antiedad: - Enriquecido con ácidos grasos omega 3 y 6, prepara las células para que asimilen mejor los principios activos.</p><ul><li>Un potente cóctel de activos de origen vegetal, con propiedades nutritivas, regenerantes y protectoras (padina pavónica, insaponificables de aguacate y tocoferoles naturales) aportan a la piel los elementos esenciales para que se mantenga joven y llena de vitalidad. Los aceites de ciruela y camelina conservan el equilibrio lipídico de la epidermis.</li><li>En el corazon de la fórmula, el extracto de rosa Negra, aporta una textura extremadamente delicada. Además, se combina con aceites esenciales de rosa búlgara y magnolia, con propiedades tonificantes y calmantes para despertar los sentidos con una sutileza exquisita.</li></ul><p> Alisa visiblemente las arrugas y pequeñas arrugas, revitaliza e ilumina la tez.
Antiedad, antiarrugas, piel con un aspecto más liso y radiante, efecto protector de la barrera cutánea, efecto hidratante inmediato y larga duración.</p>","Aplicar entre 3 y 7 gotas (según las necesidades de la piel) sobre la piel limpia, en el rostro y el cuello, por la mañana o por la noche. Puede utilizarse solo o antes de los tratamientos diarios. De acuerdo con las siguientes indicaciones de uso: “Después de desmaquillar y limpiar perfectamente la piel, aplicar entre 3 y 7 gotas en el rostro y el cuello (adaptar la cantidad a las necesidades de la piel). Realizar un delicado masaje en todo el rostro y terminar con unos movimientos suaves en el cuello. El aceite puede utilizarse solo, como tratamiento de noche, o antes del tratamiento de noche habitual según las necesidades de la piel de la voluntaria.",,3473311320001,7.0000
000045484,"Hydra-Flash 60 ml",sisley-hydra-flash-60-ml-000045484,https://ultrafemme.com/media/catalog/product/4/5/45484_3473311626004_01_84d1.png,"Mascarilla hidratante",,,5450.000000,,,"Sisley Paris","Ajonjolí: hidrata y reestructura

Arroz: refuerza la barrera cutánea

Vid Roja: tonifica

Jioh: hidrata

Ginkgo Biloba: tonifica, protege

Acetato de Vitamina E: antioxidante

Provitamina B5: alivia

Mejorana (aceite esencial): alivia

Serina: favorece la buena hidratación de la epidermis",Mascarillas,,"<p>Hydra-Flash es una mascarilla hidratante potente enriquecida con extractos de plantas y aceites esenciales (Arroz, Ajonjolí, Mejorana, etc.):</p><ul><li>Destinado a las pieles deshidratadas, favorece una mejor fijación del agua.<li>Inmediatamente, la piel recupera comodidad y frescura, aparece revitalizada.</li></ul><p>La piel está intensamente hidratada y visiblemente alisada, recuperando comodidad y frescura, así como un aspecto aterciopelado y suave al tacto.</p>","Aplicar una capa gruesa de Hydra-Flash, sobre la piel limpia y seca del rostro y del cuello de 2 a 3 veces por semana. Dejar actuar 10 minutos y a continuación retirar el exceso de producto, sin aclarar.",,3473311626004,2.0000
000045501,"Hydra-Global 40 ml",sisley-hydra-global-40-ml-000045501,https://ultrafemme.com/media/catalog/product/4/5/45501_3473311266002_01_0b0b.png,,,,6550.000000,,,"Sisley Paris","Padina Pavónica: estimula la síntesis de los glicoaminoglicanos

Girasol: nutre, suaviza, revitaliza

Salvia (aceite esencial): estimula

Castaña: regula la descamación de la epidermis y restablece la función barrera

Lavanda (aceite esencial): purifica, alivia

Malaquita: refuerza las defensas antihomolíticas de la piel

Pensamiento silvestre: aumenta la circulación del agua en la epidermis estimulando la síntesis de las aquaporinas

Extracto de hojas de Estevia: hidrata

Mejorana (aceite esencial): alivia",Cremas,,"<p>Hydra-Global es un producto hidratante intensivo anti-edad diseñado para aportar una solución global al fenómeno de deshidratación de la piel. Su textura crema-gel fluida proporciona un acabado mate. Una asociación de aceites esenciales (Mejorana, Lavanda y Salvia) y activos de origen vegetal (padina pavónica, pensamiento silvestre, castaña) y mineral (extracto de malaquita) actúa en 3 niveles para restaurar el equilibrio hídrico natural de la piel y reactivar los mecanismos de hidratación:</p><ul><li>A nivel de la dermis, para rellenar el colchón hídrico.</li><li>A nivel de la epidermis, para facilitar la circulación del agua entre las células y restablecer la función barrera de la piel.</li><li>Dentro de la capa córnea, para fijar el agua.</li></ul><p>Hydra-Global permite así recuperar una hidratación óptima, privilegio de una piel joven. No comedógeno.</p><p>Hidratada y revitalizada intensamente sin interrupción, la piel está más flexible, más luminosa. Los rasgos se alisan, las arrugas se difuminan, la piel recupera su elasticidad.</p>","Aplicar Hydra-Global sobre la piel limpia y seca del rostro y del cuello, por la mañana y/o noche, con movimientos ligeros.",,3473311266002,4.0000
000068579,"Soapless Facial Cleansing Bar",sisley-soapless-facial-cleansing-bar-000068579,https://ultrafemme.com/media/catalog/product/6/8/68579_3473311520005_02_790c.png,,,,1700.000000,,,"Sisley Paris","Caléndula: suaviza

Incienso, Mirra: alivia

Benjuí: purifica",Barras,,"<p>Soapless Facial Cleansing Bar limpia profundamente la cara y es apropiada para pieles mixtas a grasas. Enriquecida con caléndula y resinas tropicales (incienso, mirra, benzoína), su fórmula no alcalina y sin jabón purifica la piel y evita los efectos de secado del jabón regular. Limpia y elimina las impurezas y el exceso de sebo al mismo tiempo que minimiza los poros.</p><p>La piel queda mate y purificada; los poros se minimizan.</p>","Aplicar sobre la piel húmeda con movimientos circulares usando las puntas de los dedos o con Gentle Brush Face and Neck. Luego, enjuaga bien con agua antes de aplicar el tónico adecuada para tu tipo de piel.

",,3473311520005,1.0000
000190709,"Sisleÿa L'Intégral Anti-Age Extra-Riche 50 ml",sisley-lintegral-anti-age-extra-riche-50-ml-000190709,https://ultrafemme.com/media/catalog/product/1/9/190709_3473311502506_01_97ed.png,,,,13500.000000,,,"Sisley Paris","Fitoestimulinas de semillas de Manzana: potentes activos antiedad que contribuyen a regenerar y estimular la piel. Extracto de Ratania: ayuda a estimular y alisar el poro de la piel Extracto de Alquimilla: ayuda a estimular y alisar el poro de la piel Aceites esenciales: perfuman de manera natural el producto, relajan y equilibran Ácido Ursólico de semillas de Manzana: favorece la regeneración de la piel Cóctel de vitaminas, minerales, oligoelementos y aminoácidos: revitalizan y dinamizan el metabolismo celular, para una piel descansada que irradia belleza Extracto peptídico de Soja: reduce visiblemente el aspecto de las arrugas y combate el relajamiento cutáneo Extracto de hojas de Sauce blanco: ejerce una actividad antioxidante para una piel más tonificada y elástica Tocoferoles de origen natural: antirradicales libres Adenosina: ayuda a estimular la síntesis de colágeno y combate los signos de la edad gracias a sus propiedades antiarrugas Extracto de Acacia de Constantinopla: favorece la producción óptima de energía* en las células (mitocondrias), ayuda a proteger y reparar la piel de los daños causados por la fatiga celular Extracto de Lindera: promueve la resincronización de los biorritmos cutáneos* Complejo proteico de Soja y Levadura: ayuda a proteger los telómeros*/** para mantener la integridad del ADN celular ante los factores de estrés vinculados al estilo de vida* Manteca de Karité: protege y repara la piel Glicerina de origen vegetal: hidrata y suaviza Provitamina B5: agente calmante que contribuye a mantener la hidratación de la piel",Cremas,,"<p>Una gran parte del envejecimiento está vinculada a nuestro estilo de vida: el ritmo de vida, el estrés diario, los contratiempos y los hábitos no recomendables de todo tipo. Estos factores provocan un desajuste en el ciclo de vida biológico de las células, ya que alteran gravemente su ritmo, energía y longevidad naturales. Todos ellos dejan una marca más profunda en nuestro rostro que el envejecimiento programado genéticamente. Sisleÿa, el tratamiento antiedad por excelencia, reconocido por su acción sobre las manifestaciones cutáneas del envejecimiento intrínseco, incorpora ahora los últimos avances científicos en el campo del envejecimiento vinculado al estilo de vida para ofrecer una respuesta antiedad absolutamente integral.</p><p> Sisleÿa incorpora nuevos activos de origen vegetal de gran eficacia para devolver a la piel una vida celular óptima:</p><ul><li>Extracto de Lindera para el ritmo celular.</li><li>Acacia de Constantinopla para la energía celular.</li><li>Complejo Proteico de Levadura y Soja para la longevidad celular.</li></ul><p> Resultados espectaculares sobre las arrugas, la firmeza, la densidad e hidratación para preservar la belleza de la piel. La fórmula de Sisleÿa L’Intégral extra-rich, enriquecida con ingredientes activos nutritivos intensivos en una textura cremosa para proporcionar comodidad para la piel seca a muy seca.</p><p>DESDE LAS PRIMERAS APLICACIONES: Los rasgos se alisan, la piel se redensifica e hidrata, y los signos de cansancio se reducen.</p><p> A PARTIR DEL PRIMER MES: Las arrugas se reducen visiblemente, y el rostro recupera firmeza, densidad y luminosidad.</p><p> A PARTIR DE DOS MESES: Piel radiante, profundamente reestructurada y regenerada desde el interior. La edad proyectada disminuye visiblemente</p>","Aplicar Sisleÿa L’Intégral Anti-Âge sobre la piel limpia y seca, por la noche, sobre el rostro, cuello y escote, mediante un ligero masaje hasta que el producto se ha absorbido completamente.

",,3473311502506,2.0000
000285370,"Triple-Oil Balm Make-Up Remover And Cleanser",sisley-triple-oil-balm-make-up-remover-and-cleanser-000285370,https://ultrafemme.com/media/catalog/product/2/8/285370_3473311083111_01_5321.png,,,,3050.000000,,,"Sisley Paris","Aceite de Babasú: propiedades nutritivas; Aceite de Karité: restaura; Aceite de Macadamia: imita la película hidrolipídica y suaviza la piel; Manteca de Mango: protege y contribuye a la hidratación; Alfa-Bisabolol de origen natural y aceite infundido con Peonía: suaviza",Bálsamos,,"<p>Un delicioso bálsamo para el cuidado de la piel con 3 aceites nutritivos y suavizantes (Babassu, Shea y Macadamia) que combina eliminación del maquillaje y limpieza con una suavidad intensa. En un solo gesto, elimina eficazmente el maquillaje del rostro y ojos, incluso el que es a prueba de agua, impurezas y particulas contaminantes. El rostro y los ojos están perfectamente limpios. La piel es suave, flexible y cómoda.</p><p>En contacto con la piel, el bálsamo se derrite y se transforma en un aceite delicado para una eliminación eficaz de maquillaje. En contacto con el agua, este aceite se transforma en una emulsión cremosa para facilitar el enjuague. Deja un acabado suave sin sensación de piel grasa. Para todo tipo de piel. Tolerancia probada bajo control oftalmológico y dermatológico.</p>","Perfectamente limpia, la piel es más bella y la tez más radiante.
La piel está nutrida y suave, recuperando su confort y flexibilidad.
No deja una película aceitosa.",,3473311083111,6.0000
000100897,"Black Rose Cream Mask 60 ml",sisley-black-rose-cream-mask-000100897,https://ultrafemme.com/media/catalog/product/1/0/100897_3473311400000_01_8a0b.png,,,,4250.000000,,"<p>Reúne tres acciones para restaurar una tez luminosa y una piel redensificada en solo 10 a 15 minutos: </p><p>1. Una acción suavizante y radiante. </p><p>2. Una acción revitalizante. </p><p>3. Una acción hidratante. </p><p>Deliciosamente perfumada con rosas, esta masacarilla suave y cremosa crea un momento de relajación y placer. Hidratada y redensificada al instante, la piel queda más lisa, los signos de la edad se atenúan y el rostro aparece descansado. El cutis recupera su luminosidad.</p>","Sisley Paris","Rosa Negra: antiarrugas, antirradicales libres

Cáliz de Alquequenje: estimula la síntesis de las fibras de colágeno, antirradicales libres

Padina Pavónica: favorece la síntesis de los glicoaminoglicanos

Acetato de Vitamina E: antirradicales libres

Vid Roja: favorece la luminosidad

Clorela: revitaliza

Geranio (aceite esencial): propiedades estimulantes

Gordolobo: protege y alivia

Manteca de Karité: nutre, repara, alivia, suaviza y protege

Provitamina B5: suaviza e hidrata

Rosa y Magnolia (aceites esenciales): calman

Glicerina vegetal: hidrata

Fitoescualeno: emoliente e hidratante",Mascarillas,,"<p>Black Rose Cream Mask ofrece a la piel ""juventud instantánea"". Rica en ingredientes antienvejecimiento activos (Rosa Negra, Padina Pavonica y extractos de Cáliz de Alquequenje), inmediatamente comienza a actuar sobre los signos de fatiga y deja la piel con un aspecto juvenil y lleno de energía.</p>","Aplicar de 2 a 3 veces por semana en una capa gruesa sobre el rostro y el cuello, evitando el contorno de ojos. Dejar actuar de 10 a 15 minutos y retirar el exceso.",,3473311400000,4.0000
000294123,"Phyto-Blanc Brightening Hydrating Lotion 150 ml",sisley-phyto-blanc-brightening-hydrating-lotion-150-ml-000294123,https://ultrafemme.com/media/catalog/product/2/9/294123_3473311591104_01_7c33.png,,,,4000.000000,,,"Sisley Paris","Extracto de flor de nopal: estimula el proceso de limpieza natural Complejo Phyto-Blanc patentado *: aclara y anti-manchas Extracto de lirio blanco: hidrata y potencia la luminosidad Glicerina de origen vegetal: hidrata Solución de Biosacáridos: mantiene la hidratación y mejora el confort de la piel * Patente pendiente en Francia",Lociones,,"<p>Phyto-Blanc La Lotion, es la loción esencial preparadora, estimula el proceso de limpieza natural de la piel, hidrata y la prepara para los siguientes pasos de la rutina de tratamiento. Tiene 3 acciones:</p><ol><li>EXFOLIANTE Exfolia suavemente para eliminar las células muertas de la piel que opacan la tez para una piel más tersa y radiante.</li><li>ILUMINADORA Enriquecido con el complejo patentado * Phyto-Blanc, ilumina y unifica la tez para una piel más luminosa y unifrome.</li><li>HIDRATANTE Envuelve la piel con un velo de hidratación para prepararla para los siguientes pasos del ritual de tratamiento Phyto-Blanc.</li></ol><p>Al instante, la piel está más hidratada, flexible y receptiva a los siguientes tratamientos de la rutina. Día tras día, la apariencia de la tez se mejora, es más transparente y luminosa.</p>","Aplicar La Lotion sobre rostro y cuello limpios. Alisar con la yema de los dedos, masajeando suavemente en la piel hasta que se haya absorbido el producto por completo. Seguir con los productos de tratamiento Phyto-Blanc. Aplicar día y noche. Para todo tipo de piel.",,3473311591104,4.0000
000294122,"Phyto-Blanc Brightening Cleansing Foam-In-Cream 125 ml",sisley-phyto-blanc-brightening-cleansing-foam-in-cream-125-ml-000294122,https://ultrafemme.com/media/catalog/product/2/9/294122_3473311590503_01_4ead.png,,,,3550.000000,,,"Sisley Paris","Polisacáridos de malvavisco: facilitan la eliminación de partículas contaminantes Niacinamida: potencia la luminosidad de la tez Extracto de flor de Durazno: mejora la luminosidad de la tez Aceites de girasol y camelia: nutren Glicerina de origen vegetal: hidrata Solución de Biosacáridos: mantiene la hidratación y mejora el confort de la piel",Espumas,,"<p>El tratamiento limpiador, iluminador y descontaminante Phyto-Blanc libera la piel de todas sus impurezas, rastros de contaminación y exceso de sebo en un solo paso. Tiene 3 acciones:</p><ol><li>LIMPIEZA Limpia intensamente la piel dejándola más limpia y fresca.</li><li>ILUMINA Elimina el velo opaco de la superficie para una tez más saludable y uniforme.</li><li>TRATAMIENTO Conserva la película hidrolipídica y deja la piel más suave, tersa y aterciopelada.</li></ol><p>Al instante, la piel queda limpia, purificada y más luminosa. Día tras día, la tez es más saludable, uniforme, suave y confortable.</p>","Aplicar una pequeña cantidad del producto en la palma de la mano y mezclarlo con agua para crear una espuma. Aplicar sobre el rostro húmedo evitando el contorno de los ojos. Masajear la piel con movimientos circulares. Enjuagar abundantemente. Para todo tipo de piel.",,3473311590503,3.0000
000285375,"Phyto Blanc Le Concentré 20 ml",sisley-phyto-blanc-le-concentre-20-ml-000285375,https://ultrafemme.com/media/catalog/product/2/8/285375_3473311590213_01_3565.png,Facial,,,9700.000000,,,"Sisley Paris","Extracto de Myrobolan egipcio: blanqueador

Acetato de Vitamina E: anti-radicales libres

Alfa-Bisabolol de origen natural: calmante, protector

Un complejo patentado* de ingredientes activos (extracto de Péptido de Guisante, Hexilresorcinol, extracto de Tomillo Salvaje, Vitamina B3): anti manchas. * Patente pendiente",Sueros,,"<p>Phyto Blanc Pure Bright Activating Serum, un potente suero que activa la luminosidad, proporciona una acción intensa, general y anti manchas. Una acción global en 3 etapas:</p><ol><li>1. UNA ACCIÓN BLANQUEADORA Cualquiera sea el color de la piel, las palmas de las manos siempre son naturalmente más claras. Los Laboratorios Sisley han descubierto el misterio detrás de la blancura de la piel de las manos para ofrecer una intensa acción blanqueadora en el rostro (extracto de Myrobolan egipcio).</li><li>UNA ACCIÓN ANTI MANCHAS Gracias a su COMPLEJO PATENTADO* DE 4 INGREDIENTES ACTIVOS, Phyto Blanc Pure Bright Activating Serum ofrece una acción general en cada etapa del desarrollo de las manchas, desde su formación hasta su aparición hacia la superficie de la piel.</li><li>UNA ACCIÓN PROTECTORA El Acetato de Vitamina E y el Alfa-Bisabolol de origen natural contribuyen a proteger la piel de los factores externos nocivos que conducen a la producción excesiva de melanina. El tamaño y la intensidad de las manchas se reducen. La piel es más blanca, más luminosa y cristalina, la tez es más uniforme.</li></ol><p>En solo 15 días, Phyto Blanc Pure Bright Activating Serum revela la transparencia natural de la tez. La apariencia de las manchas se reduce visiblemente. La piel es más cristalina y luminosa. La efectividad del suero aumenta con el uso diario: después de 2 meses, la tez es más uniforme. La piel es radiantemente bella.</p>","Aplicar mañana y noche, antes del tratamiento diario, durante todo el año. También se puede usar como tratamiento temporal de acuerdo a sus necesidades. Dos push son suficientes para el rostro y el cuello.",,3473311590206,3.0000
000086153,"Soapless Gentle Foaming Cleanser",sisley-soapless-gentle-foaming-cleanser-000086153,https://ultrafemme.com/media/catalog/product/8/6/86153_3473311521033_01_e6a2.png,,,,2600.000000,,,"Sisley Paris","Manteca de Karité: nutre, calma, repara y aporta flexibilidad

Ciprés (aceite esencial): purifica

Geranio (aceite esencial): purifica, tonifica

Aceite de Girasol: nutre, aporta flexibilidad y revitaliza",Espumas,,"<p>Rica en emolientes y ingredientes activos calmantes y revitalizantes como el girasol y la manteca de karité, esta fórmula única sin jabón ha sido desarrollada específicamente para limpiar y espumar sin irritar la piel. Apto para todo tipo de piel, incluida la sensible, limpia suavemente sin irritar ni resecar, dejando la piel limpia, fresca y flexible.</p><p>Deja la piel limpia, fresca y suave sin resecarla.</p>","Con las yemas de los dedos o Gentle Brush Face and Neck, aplica Foaming Cleanser sobre la piel húmeda con un movimiento circular. Luego enjuaga bien con agua antes de aplicar el tónico adaptado a tu tipo de piel.",,3473311521033,2.0000
000045498,"Ultra Lightening Mask 60 ml",sisley-ultra-lightening-mask-60-ml-000045498,https://ultrafemme.com/media/catalog/product/4/5/45498_3473311593009_01_d71e.png,,,,3200.000000,,,"Sisley Paris","Extractos de morera y scutellaria: favorece el aclarado de la piel

Extracto de limón: tonifica la epidermis y reaviva la luminosidad del rostro

Arcilla blanca (caolín): absorbe el exceso de grasa, limpia y elimina las impurezas suavemente

Fitoescualeno: emoliente e hidratante

Acetato de vitamina E: antioxidante, refuerza las defensas naturales de la piel

Aceite esencial de lavanda: calma y equilibra

Aceite esencial de mejorana: calma",Mascarillas,,"<p>Phyto-Blanc Ultra Lightening Mask es una mascarilla purificadora suave con propiedades aclarantes. La combinación de extractos de limón, scutellaria y morera favorece el aclarado de la piel y proporciona una tez más uniforme y luminosa. La piel queda purificada, alisada e hidratada. Ideal para devolver la luminosidad a las pieles apagadas.</p><p>Deja la piel purificada, lisa e hidratada. El rostro queda unificado y luminoso.</p>","Aplicar sobre la piel limpia y seca una o dos veces por semana sobre el rostro evitando el área del contorno de ojos. Dejar actuar durante 10 minutos. A continuación, aclarar con abundante agua tibia.",,3473311593009,3.0000
000225916,"Purifying Re-Balancing Lotion With Tropical Resins 125 ml",sisley-purifying-re-balancing-lotion-with-tropical-resins-125-ml-000225916,https://ultrafemme.com/media/catalog/product/2/2/225916_3473311071019_01_b9ed.png,,,,2450.000000,,,"Sisley Paris","Mirra, Incienso: alivian Benjuí: purifica Llantén: purifica, suaviza Bardana: purifica",Lociones,,"<p>Las pieles mixtas a grasas, que tienden a sufrir rojeces e imperfecciones cutáneas, buscan un ritual purificante completo de la limpieza al tratamiento. Auténtica loción de tratamiento, responde a las tres necesidades principales de las pieles con problemas:</p><ol><li>Las propiedades puriﬁcantes del extracto de Benjuí se refuerzan con la acción del extracto de Té de Java que favorece la reducción del sebo. Día tras día, las imperfecciones se atenúan, las zonas de brillo disminuyen, la piel está re equilibrada, más limpia.</li><li>El Ácido Salicílico, con propiedades microexfoliantes y desincrustantes, ayuda a reducir el número de imperfecciones generalmente causadas por la oclusión de los poros. El extracto de hojas de Pie de león, con propiedades astringentes, completa esta acción. La calidad de la piel mejora visiblemente: impurezas eliminadas, poros más contraídos, textura de piel aﬁnada, tez fresca y luminosa.</li><li>La acción combinada del D-Pantenol y los extractos de Mirra e Incienso atenúa las rojeces debidas a las imperfecciones cutáneas. La piel está confortable, recupera toda su suavidad. Elimina las impurezas y las secreciones de sebo excesivas, afina los poros, matifica y purifica la piel.</li></ol>","Aplicar esta loción de textura ligera y perfume fresco y delicado en el rostro y el cuello, por la mañana y por la noche, después de utilizar Gel Doux Nettoyant. Con un algodón, insistir en las zonas con imperfecciones o sobre todo el rostro, según sus necesidades.

",,3473311071019,5.0000
000045477,"Restorative Facial Cream 50 ml",sisley-restorative-facial-cream-50-ml-000045477,https://ultrafemme.com/media/catalog/product/4/5/45477_3473311218001_01_299a.png,"Crema reparadora",,,4950.000000,,,"Sisley Paris","Manteca de karité: nutre, calma, repara, suaviza y protege

Zanahoria: revitaliza, hidrata",Cremas,,"<p>Restorative Facial Cream es el tratamiento reparador ideal para ayudar a luchar contra las secuelas de las agresiones externas. Muy rica en manteca de karité con propiedades calmantes y nutritivas, esta crema:</p><ul><li>Repara la piel.</li><li>Calma la sensación de malestar (quemaduras, golpes de sol, etc.)</li><li>Hidrata y aporta flexibilidad a la piel.</li></ul><p> Auténtico tratamiento de emergencia con una textura en crema, fina y untuosa, Crème Réparatrice resulta adecuada para toda la familia (excepto para niños menores de 3 años).</p><p>La piel se suaviza y se calma. Se ve más flexible y confortable.</p>","Aplicar tantas veces como resulte necesario, sobre el rostro, el cuello y el escote o localmente sobre las zonas irritadas.",,3473311218001,4.0000
000276901,"Restorative Hand Cream 75 ml",sisley-restorative-hand-cream-75-ml-000276901,https://ultrafemme.com/media/catalog/product/2/7/276901_3473311533210_01_5478.png,"Crema reparadora",,,2650.000000,,,"Sisley Paris","Solución de Biosacáridos: propiedades hidratantes inmediatas y a largo plazo. Derivado de Azúcar de Trigo: propiedades hidratantes a largo plazo. Glucoproteína producida por Pseudoalteromonas antarctica: ingrediente activo crioprotector que mejora la hidratación de la piel. Extracto de Castaña: mejora la función de barrera de la piel. Aceite de Karité: proporciona elasticidad suavidad y comfort. Extracto de Harpagophytum: calma Aceite de Almendras Dulces: suaviza las cutículas. Pro-vitamina B5: fortalece las uñas",Cremas,,"La combinación de una crema intensamente hidratante y nutritiva y un tratamiento para uñas más bellas y resistentes. Su fórmula completa actúa para hidratar, nutrir, restaurar y proteger. Un dúo de ingredientes activos hidratantes, compuesto por una solución de biosacáridos y una planta a base de azúcar que captura y retiene el agua continuamente.","Aplicar tantas veces como sea necesario sobre las manos limpias y secas. Este tratamiento también se recomienda para fortalecer las uñas, nutrir y suavizar las cutículas.",,3473311533210,3.0000
000269131,"Sisleÿa L'Intégral Anti-Âge Hand Care Anti-Aging Cream 75 ml",sisley-lintegral-anti-age-hand-care-anti-aging-cream-75-ml-000269131,https://ultrafemme.com/media/catalog/product/2/6/269131_3473311514103_01_68e6.png,"Crema antiedad",,,3850.000000,,,"Sisley Paris","Extracto de Lindera: ritmo celular

Extracto de acacia persa: energía celular

Complejo de proteínas de levadura y soja: longevidad celular

Hexil Resorcinol: potente agente aclarante

Acetato de vitamina E: anti-radicales libres

Extracto de semilla de alforfón: antioxidante y anticontaminación

Micronizado Dióxido de titanio: pantalla mineral que protege la piel de los rayos UV

Extracto de Padina pavonica: promueve la produción de glicosaminoglicanos, hidrata y rellena

Glicerina de origen vegetal: humecta y suaviza

Aceite de karité: Nutre y repara

Extracto de Harpagophytum: suaviza",Cremas,,"<p>Sisleÿa L'Intégral Anti-Âge Hand Care Anti-Aging Concentrate proporciona una acción completa anti-edad para proteger y rejuvenecer las manos.</p><ol><li>Alisa el microrrelieve de la piel y reduce las líneas finas gracias a un poderoso complejo de ingredientes activos que se enfoca en el ciclo de vida de la célula. Extracto de Lindera para ritmo celular , extracto de acacia persa para energía celular* y un complejo de proteínas de levadura y soja para la longevidad celular.</li><li>Previene la aparición de manchas y reduce su apariencia gracias a un potente ingrediente activo aclarador, Hexyl Resorcinol. Se combina con dos ingredientes activos anti-radicales libres (acetato de vitamina E y extracto de semilla de trigo sarraceno) y una protección solar óptima (SPF 30).</li><li>Ayuda a restaurar la elasticidad de la piel. El extracto de Padina Pavónica, refuerza el colchón hídrico de la dermis y contribuye a la densidad de la piel. El extracto de Acacia de Constantinopla, antiglicación, mejora la calidad de las fibras dérmicas.</li><li>Proporciona un confort absoluto al instante y a largo plazo. Su textura ligera y fundente, no grasa, se absorbe rápidamente y deja un acabado aterciopelado en la piel.</li></ol><p>Desde la primera aplicación, Hand Care Anti-Aging Concentrate proporciona una efectividad visible: la piel está hidratada, protegida y el microrrelieve se alisa. Después de 4 semanas, las arrugas se suavizan, la piel se rellena, se reducen las manchas (cantidad, tamaño e intensidad) y se restablece la elasticidad de la piel. Día tras día, las manos se ven más jóvenes.</p>","Aplícalo dando un masaje para lograr una rápida absorción y un acabado aterciopelado .",,3473311514103,3.0000
000207025,"Mattifying Moisturizing Skin Care With Tropical Resins 50 ml",sisley-mattifying-moisturizing-skin-care-with-tropical-resins-50-ml-000207025,https://ultrafemme.com/media/catalog/product/2/0/207025_3473311415806_01_6b2a.png,,,,3550.000000,,,"Sisley Paris","Extractos de Incienso y de Mirra : calman

Extracto de Benjuí: purifica intensamente la piel

D-Pantenol : hidrata y calma

Extracto de Malvavisco: hidrata la piel aportando moléculas capaces de captar el agua

Polvo de Bambú: matifica

Extracto de Te de Java : disminuye los excesos de sebo*

Extracto de Bardana: purifica y reequilibra

Extracto de hojas de Alquemilla: alisa la textura de la piel gracias a sus propiedades astringentes

Glicerina vegetal: hidrata y suaviza",Cremas,,"<p>El cuidado de la piel diario ideal para pieles mixtas a grasas, humectante y matificante actúa en 3 niveles:</p><ul><li>Una acción hidratante para la comodidad durante todo el día (extracto de malvavisco).</li><li>Una acción matificante inmediata y duradera (polvo de bambú y extracto de té de Java).</li><li>Una acción purificante y astringente, para una piel de aspecto más claro y una tez más fresca (extractos de hojas de benjuí, bardana y manto de la dama).</li></ul><p> Durablemente matizado e intensamente purificado, la piel se vuelve a equilibrar y visiblemente más clara. Shine está controlado. Hidratante y cómodo todo el día, la piel es más suave y más luminosa. Libre de aceite. No comedogénico. El uso diario y combinado de esta línea para el cuidado de la piel mejora considerablemente la piel contra las imperfecciones.</p><p>Inmediatamente, las zonas con brillo se reducen, la piel es visiblemente matificada. Hidratada, la piel permanece suave y confortable a lo largo del día. Después de 4 semanas, la textura de la piel queda más fina y homogénea, la tez es radiante. El exceso de sebo es controlado, la apariencia de los poros se atenúa, la piel se reequilibra.</p>","Aplicar después del Suero Intensivo con Resinas Tropicales, mañana y noche, sobre rostro y cuello.",,3473311415806,4.0000
000292699,"Velvet Nourishing Body Cream With Saffron Flowers 200 ml",sisley-velvet-nourishing-body-cream-with-saffron-flowers-200-ml-000292699,https://ultrafemme.com/media/catalog/product/2/9/292699_3473311269201_01_cd40.png,"Crema hidratante",,,3850.000000,,,"Sisley Paris","Extracto de flor de azafrán: calma las sensaciones de malestar Extracto de Harpagophytum: calma y suaviza la piel Manteca de Karité: protege y restaura Extracto de lirio japonés: nutre e hidrata Dúo de aceites - Macadamia y Babassu: nutre intensamente Complejo activo hidratante - Azúcar y glicerina de origen vegetal: hidrata",Bálsamos,,"<p>Bálsamo corporal de textura aterciopelada altamente nutritivo para pieles secas a través de 4 acciones principales:</p><ol><li>CALMA AL INSTANTE: El extracto de flor de azafrán, con poderosas propiedades calmantes, devuelve la sensación de confort a la piel seca. El extracto de Harpagophytum refuerza esta acción mientras suaviza la piel.</li><li>RESTAURA: La manteca de Karité, de incomparables propiedades regenerantes, protege y restaura la piel por su alto contenido en ácidos grasos esenciales. Restaurada y fortificada, la piel está protegida contra las agresiones externas.</li><li>NUTRE INTENSAMENTE: Un cóctel de ingredientes clave ultranutritivos (extracto de Lilyturf japonés, aceite de macadamia y aceite de babasú) ayuda a reforzar la película hidrolipídica para nutrir la piel intensamente. La piel se siente más suave e intensamente nutrida.</li><li>HIDRATA: El azúcar vegetal y la glicerina de origen vegetal ayudan a capturar y retener el agua en el estrato córneo para asegurar una hidratación óptima al instante y día tras día.</li></ol><p>UNA TEXTURA ENVOLVENTE Y EL FIRMA OLFATIVA DE LA GAMA DE AZAFRÁN</p><p>Una textura rica, suave y sedosa que se funde ligeramente cuando se aplica para envolver la piel con una capa suave reconfortante. Su acabado no graso y no pegajoso permite vestirse inmediatamente después de su aplicación. Su aroma calmante de origen natural con notas de miel y flor de Azafrán proporciona una sensación de confort inmediata.</p><p>Calmada, restaurada, nutrida e hidratada, la piel está más elastica, suave y protegida. Las sensaciones de malestar se alivian al instante. Restaurada y nutrida, la piel se siente más flexible y cómoda. Día tras día, la piel se siente más bella, suave y sedosa.</p>","Aplicar el producto sobre la piel del cuerpo por la mañana y por la noche, enfoncándose en las areas especialmente secas (codos, rodillas, etc).",,3473311269201,2.0000
000252883,"Velvet Nourishing Cream With Saffron Flowers 50 ml",sisley-paris-velvet-nourishing-cream-with-saffron-flowers-50-ml-000252883,https://ultrafemme.com/media/catalog/product/2/5/252883_3473311269003_01_7c9a.png,"Crema reparadora",,,5750.000000,,,"Sisley Paris","Extracto de semillas de Sarraceno: protege los lípidos de la oxidación Manteca de Karité: nutre y repara Extracto de Flor de Azafrán: calma Extracto de Lirio: compensa la carencia de lípidos y retiene el agua en la piel Extracto de Padina Pavónica: restaura las reservas de agua de la piel una fórmula de ingredientes activos hidratantes (derivados de Azúcar blanca, Glicerina a base de plantas y Pro-vitamina B5): compensa al instante la carencia de hidratación.",Cremas,,"<p>Velvet Nourishing Cream with Saffron Flowers combina la sensorialidad y la eficacia para recuperar el confort y la belleza. Tratamiento para la piel que garantiza 3 acciones para lucir una piel más bonita:</p><ol><li>LA PIEL MÁS RESISTENTE: El tratamiento actúa específicamente sobre los ciclos naturales de la piel durante el día y la noche.<ul><li>Durante el día, el extracto de Semilla de Trigo Sarraceno protege la piel indefensa, cuyos lípidos se oxidan fácilmente.</li>Por la noche, la Manteca de Karité repara y fortalece la piel dañada por las condiciones externas. Protegida durante el día y reparada por la noche, la piel es más resistente.</li></ul> <li>LA PIEL SUAVE AL INSTANTE Y DE FORMA DURADERA: Las poderosas propiedades suavizantes del extracto de Flor de Azafrán restauran la comodidad de la piel seca. La piel revive. La textura aterciopelada envuelve la piel para un confort instantáneo.</li><li>NUTRE Y REPULPA LA PIEL:</li><ul><li>RESTITUYE EL EQUILIBRIO DE LÍPIDOS: Un trío de aceites ricos en Omega 6,7 y 9 (Semillas de Algodón, Macadamia y Girasol) refuerza la capa protectora hidrolipídica para recuperar la elasticidad y el confort de la piel. El extracto de Lirio Japonés activa el mecanismo de nutrición natural de la piel para compensar la carencia de lípidos y optimizar su funcionalidad. La piel recupera el equilibrio de lípidos de una piel normal.<li>COMPENSA LA DESHIDRATACIÓN: Una fórmula de ingredientes activos hidratantes repulpa inmediatamente la piel. El extracto de Padina Pavónica restaura las reservas de agua y el extracto de Lirio japonés ayuda a la retención de agua en la piel a largo plazo. Una textura aterciopelada, ultrasensorial, rica y delicada, con un acabado sin brillos que permite el maquillaje a continuación. Una fragancia natural, con notas de miel y flor de Naranjo que proporciona al momento una gran sensación de bienestar.</li></ol><p>Calmada, la piel recupera el confort. Nutrida e hidratada, se revitaliza. La piel recupera su luminosidad y vitalidad. Protegida durante el día y reparada por la noche, la piel es más resistente. Está visiblemente más bella.</p>","Aplicar sobre el rostro y el cuello, por la mañana y por la noche.

",,3473311269003,6.0000
000276898,"Velvet Sleeping Mask With Saffron Flowers 60 ml",sisley-velvet-sleeping-mask-with-saffron-flowers-60-ml-000276898,https://ultrafemme.com/media/catalog/product/2/7/276898_3473311269102_01_17fd.png,,,,3550.000000,,,"Sisley Paris","Extracto de flor de Azafrán: calma la sensación de malestar Miel de Tomillo: ingrediente regenerador Manteca de Karité: nutre y restaura Dúo de aceites-Macadamia y Flor de Algodón: nutren Mantequilla de Kokum: compensa la carencia de lípidos Extracto de Lirio japonés: nutre e hidrata Extracto de Padina Pavónica: hidrata Complejo de ingredientes hidratantes –Glicerina de origen natural y Pro-Vitamina B5: hidratan",Mascarillas,,"<p>Velvet Sleeping Mask, mascarilla reparadora y suavizante con flores de Azafrán ayuda a la piel seca a recuperarse durante la noche.</p><ul><li>Optimiza la actividad nocturna natural de la piel. Durante la noche, la piel está protegida contra cualquier daño, para que pueda enfocarse en repararse. Esta mascarilla suavizante ayuda la piel seca en su proceso de regeneración nocturno gracias sus eficaces ingredientes (Miel de Tomillo, Manteca de Karité). Al despertar, la piel se ha recuperado, es revitalizada, más fuerte y más resistente.</li><li>Nutre intensamente e hidrata. Gracias a un cóctel de potentes ingredientes activos basados ​​en plantas (Aceites de Macadamia y Semilla de Algodón, Mantequilla de Kokum, extractos de Lilyturf japonés y Padina Pavonica).</li><li>Da confort y calma la piel seca. Proporciona un bienestar inmediato gracias a su textura y fragancia reconfortantes que envuelven la piel en una burbuja de suavidad. El extracto de Flor de Azafrán calma la piel seca, recupera confrot y flexibilidad al despertar. Esta máscarilla también se puede usar como tratamiento SOS para proporcionar alivio y comodidad a la piel en tan sólo 10 minutos.</li></ul><p>Como mascarilla de noche: Durante la noche, la piel se ha calmado y la sensación de incomodidad ha desaparecido. Nutre e hidrata perfectamente durante toda la noche y por la mañana la piel ha recuperado el confort y la elasticidad. La piel, revitalizada, está visiblemente más bonita, suave y confortable. Como mascarilla SOS: La piel está calmada, nutrida e hidratada en solo 10 minutos. Envuelta en una burbuja de suavidad, vuelve a estar suave y elástica.</p>","Como mascarilla de noche, aplicar una capa fina sobre el rostro y el cuello una o dos veces a las semana sustituyendo en esa aplicación al tratamiento habitual. Dejar actuar durante la noche. Como mascarilla SOS, aplicar una capa fina sobre el rostro y el cuello. Dejar actuar 10 minutos. Masajear el exceso de producto hasta que se absorba por completo.",,3473311269102,2.0000
000232358,"Genaissance De La Mer™ The Infused Lotion 150 ml",la-mer-the-infused-lotion-locion-humectante-150-ml-000232358,https://ultrafemme.com/media/catalog/product/2/3/232358_747930081685_01_3528.jpg,,"Todo tipo de piel",Unisex,6749.000000,,"Renovación y resplandor; Hidratante; Antienvejecimiento; Reducción de líneas y arrugas; Suavizado; Regenerador; Levantamiento; Reafirmante; Iluminador; Fortalecimiento; Colágeno","La Mer","Water\Aqua\Eau, Dimethicone, Methyl Trimethicone, Isododecane, Phenyl Trimethicone, Polysilicone-11, Squalane, Glycerin, Glycereth-26, Propanediol, Algae (Seaweed) Extract, Sesamum Indicum (Sesame) Seed Oil, Medicago Sativa (Alfalfa) Seed Powder, Helianthus Annuus (Sunflower) Seedcake, Prunus Amygdalus Dulcis (Sweet Almond) Seed Meal, Eucalyptus Globulus (Eucalyptus) Leaf Oil, Sodium Gluconate, Copper Gluconate, Calcium Gluconate, Magnesium Gluconate, Zinc Gluconate, Tocopheryl Succinate, Niacin, Sesamum Indicum (Sesame) Seed Powder, Sapindus Mukorossi Fruit Extract, Linoleic Acid, Garcinia Mangostana Peel Extract, Citrus Aurantifolia (Lime) Peel Extract, Helichrysum Arenarium (Everlasting) Extract, Laminaria Digitata Extract, Vaccinium Macrocarpon (Cranberry) Fruit Extract, Vaccinium Angustifolium (Blueberry) Fruit Extract, Lycium Chinense (Wolfberry) Fruit Extract, Whey Protein\Lactis Protein\Proteine Du Petit-Lait, Jania Rubens Extract, Yeast Extract\Faex\Extrait De Levure, Citrus Reticulata (Tangerine) Peel Extract, Cladosiphon Okamuranus Extract, Sucrose, Bis-Stearyl Dimethicone, Cetyl Dimethicone, Persea Gratissima (Avocado) Oil, Caffeine, Chondrus Crispus (Carrageenan), Lactobacillus Ferment, Yeast Polysaccharides, Sodium Hyaluronate, Trehalose, Acetyl Hexapeptide-8, Caprylic/Capric Triglyceride, Isononyl Isononanoate, Acetyl Glucosamine, Phospholipids, Triolein, Phytosteryl Canola Glycerides, Hydrolyzed Wheat Protein, Caesalpinia Spinosa Gum, Tourmaline, Peg-40 Hydrogenated Castor Oil, Gold, Peg-75, Butylene Glycol, Ethylhexyl Isononanoate, Caprylyl Glycol, Saccharide Isomerate, Peg-7M, Dextrin, Tocopheryl Acetate, Tetrahexyldecyl Ascorbate, Citric Acid, Sodium Hydroxide, Maltodextrin, Hexylene Glycol, Oleic Acid, Palmitic Acid, Stearic Acid, Polymethylsilsesquioxane, Alcohol Denat., Vinyl Dimethicone/Methicone Silsesquioxane Crosspolymer, Fragrance (Parfum), Trimethylsiloxysilicate, Disodium Edta, Bht, Sodium Benzoate, Chlorphenesin, Phenoxyethanol, Linalool, Citronellol, Geraniol, Hydroxycitronellal, Limonene, Red 4 (Ci 14700) 
",Lociones,"Genaissance de la Mer","<p>Loción ligera que acelera la recuperación de la piel del rostro dejándola suave y humectada. </p><p>Refuerza la resistencia de la piel y la deja preparada para recibir de manera más profunda tu regimen La Mer.
</p>",,"Genaissance de la Mer",747930081685,2.0000
000147426,"The Broad Spectrum SPF 50 Uv Protecting Fluid 50 ml",la-mer-the-broad-spectrum-spf-50-uv-protecting-fluid-000147426,https://ultrafemme.com/media/catalog/product/1/4/147426_747930044611_01_890e.png,"Protector solar facial","Todo tipo de piel",Unisex,2659.000000,,"Protección SPF; Iluminador; Fortalecimiento; Antienvejecimiento; Hidratante; Aspecto natural","La Mer","Water\Aqua\Eau, Homosalate, Ethylhexyl Salicylate, Butyloctyl Salicylate, Methyl Trimethicone, Neopentyl Glycol Diheptanoate, Benzophenone-3 (Oxybenzone), Butyl Methoxydibenzoylmethane, Aleurites Moluccana (Kukui) Seed Oil, Octocrylene, Lauryl Peg-9 Polydimethylsiloxyethyl Dimethicone, Peg-100 Stearate, Butylene Glycol, Glyceryl Stearate, Dipentaerythrityl Tri-Polyhydroxystearate, Potassium Cetyl Phosphate, Algae Extract, Sesamum Indicum (Sesame) Seed Oil, Medicago Sativa (Alfalfa) Seed Powder, Helianthus Annuus (Sunflower) Seedcake, Prunus Amygdalus Dulcis (Sweet Almond) Seed Meal, Eucalyptus Globulus (Eucalyptus) Leaf Oil, Sodium Gluconate, Copper Gluconate, Calcium Gluconate, Magnesium Gluconate, Zinc Gluconate, Tocopheryl Succinate, Niacin, Sesamum Indicum (Sesame) Seed Powder, Laminaria Ochroleuca Extract, Malachite, Caffeine, Sorbitol, Sodium Hyaluronate, Cetyl Alcohol, Stearic Acid, Vp/Eicosene Copolymer, Ethylhexylglycerin, Saccharide Isomerate, Caprylic/Capric Triglyceride, Caprylyl Glycol, Ammonium Acryloyldimethyltaurate/Vp Copolymer, Dehydroxanthan Gum, Sodium Dehydroacetate, Citric Acid, Tourmaline, Styrene/Acrylates Copolymer, Silica, Peg-8 Laurate, Fragrance (Parfum), Disodium Edta, Phenoxyethanol, Limonene, Geraniol, Hydroxycitronellal, Linalool, Citronellol, Mica, Green 5 (Ci 61570), Titanium Dioxide (Ci 77891) 
","Protectores solares",,"Loción de uso diario que ofrece protección contra los dañinos rayos UV para prevenir la descoloración en un futuro, mientras mantiene la piel calmada, hidratada y cómoda.
",,,747930044611,9.0000
000291492,"Advanced Night Repair Serum Synchronized Multi-Recovery Complex",estee-lauder-anr-synchronized-nulti-recovery-50ml-pg5001,https://ultrafemme.com/media/catalog/product/2/9/291492_887167485488_01_69ab.jpg,"Suero antiedad","Todo tipo de piel",,2419.000000,,,"Estee Lauder","Water\Aqua\Eau, Bifida Ferment Lysate, Peg-8, Propanediol, Bis-Peg-18 Methyl Ether Dimethyl Silane, Methyl Gluceth-20, Glycereth-26, Peg-75, Butylene Glycol, Adansonia Digitata Seed Extract, Tripeptide-32, Sodium Hyaluronate, Yeast Extract\Faex\Extrait De Levure, Lactobacillus Ferment, Cola Acuminata (Kola) Seed Extract, Anthemis Nobilis (Chamomile) Flower Extract, Hydrolyzed Algin, Pantethine, Caffeine, Lecithin, Sodium Rna, Bisabolol, Squalane, Glycerin, Oleth-3 Phosphate, Caprylyl Glycol, Oleth-3, Oleth-5, Choleth-24, Hydrogenated Lecithin, Jojoba Wax Peg-120 Esters, Ceteth-24, Tocopheryl Acetate, Carbomer, Triethanolamine, Tetrasodium Edta, Bht, Xanthan Gum, Potassium Sorbate, Disodium Edta, Phenoxyethanol, Red 4 (Ci 14700), Yellow 5 (Ci 19140) 
",Sueros,"Advanced Night Repair","<p>Reparación rápida y poder regenerador de juventud.Experimenta la nueva generación de nuestra revolucionaria fórmula: el suero de reparación nocturna más completo de la historia. </p><p>Patentado hasta el 2033.Ahora con la tecnología Chronolux™ Power Signal, este suero de penetración profunda y rápida reduce el aspecto de los múltiples signos de envejecimiento causados por las agresiones ambientales de la vida moderna. </p><ul><li>La piel se ve más suave y con menos líneas, más joven, más radiante y con un tono uniforme. </li><li>La piel luce radiante y rellena de hidratación hasta la mañana.Poder antioxidante durante 8 horas.</li><li>72 horas de hidratación (incluye Ácido Hialurónico).Refuerza la barrera cutánea en sólo 4 horas.Textura sin aceites. </li><li>Las líneas y arrugas se reducen.</li></ul><p><br></p><p>El 88% de las mujeres afirma que la piel tiene un aspecto más joven. La piel se siente más firme. El 89% de las mujeres están de acuerdo. La piel tiene un aspecto saludable, con un nuevo aspecto y vitalidad. Además, con el tiempo, los poros se ven más reducidos.Nuestro #1 para todos. Se ha demostrado que es eficaz para todos los tonos de piel. </p><p>Este es el suero de alto rendimiento sin el que una piel bonita no puede vivir.Advanced Night Repair aprovecha el poder restaurador de la noche para ofrecer una renovación notable. Trabaja día y noche para ayudar a la piel a maximizar su ritmo natural de reparación y protección.Cada noche mientras duermes, ayuda a activar el proceso natural de reparación nocturna de la piel. Rápido. </p><p>Un alto nivel de ácido hialurónico ayuda a retener la humedad durante 72 horas. Esto ayuda a crear el entorno perfecto para optimizar el proceso de reparación natural de la piel.Nuestra exclusiva tecnología Chronolux™ Power Signal ayuda a aumentar la capacidad natural de la piel para la autorreparación visible, con pruebas in vitro que demuestran que promueve la renovación natural de la piel de nuevas células vitales y potencia su producción natural de colágeno.Todos los dias durante el día, ayuda a proteger la piel de las agresiones medioambientales; una parte clave del ritmo diario propio de la piel. </p><p>Ayuda a defender la piel contra los efectos visibles de los daños causados por los radicales libres de fuentes ambientales como la contaminación, el ozono, la luz azul, los infrarrojos y el micro polvo. </p><p>Proporciona una protección antioxidante de 8 horas para defender la piel durante todo el día de las agresiones medioambientales y ayudar a mantener su aspecto más joven durante más tiempo. Pruebas realizadas en 543 mujeres.
</p>","Aplícalo sobre tu rostro con la piel limpia, antes de tu hidratante, AM y PM.","Advanced Night Repair",887167485488,44.0000
000291493,"Advanced Night Repair Serum Synchronized Multi-Recovery Complex",estee-lauder-advanced-night-repair-syncronized-multi-recovery-complex-100-ml-000291493,https://ultrafemme.com/media/catalog/product/2/9/291493_887167485525_01_8437.jpg,,"Todo tipo de piel",,3869.000000,,,"Estee Lauder","Water\Aqua\Eau, Bifida Ferment Lysate, Peg-8, Propanediol, Bis-Peg-18 Methyl Ether Dimethyl Silane, Methyl Gluceth-20, Glycereth-26, Peg-75, Butylene Glycol, Adansonia Digitata Seed Extract, Tripeptide-32, Sodium Hyaluronate, Yeast Extract\Faex\Extrait De Levure, Lactobacillus Ferment, Cola Acuminata (Kola) Seed Extract, Anthemis Nobilis (Chamomile) Flower Extract, Hydrolyzed Algin, Pantethine, Caffeine, Lecithin, Sodium Rna, Bisabolol, Squalane, Glycerin, Oleth-3 Phosphate, Caprylyl Glycol, Oleth-3, Oleth-5, Choleth-24, Hydrogenated Lecithin, Jojoba Wax Peg-120 Esters, Ceteth-24, Tocopheryl Acetate, Carbomer, Triethanolamine, Tetrasodium Edta, Bht, Xanthan Gum, Potassium Sorbate, Disodium Edta, Phenoxyethanol, Red 4 (Ci 14700), Yellow 5 (Ci 19140) 
",Sueros,"Advanced Night Repair","<p>Reparación rápida y poder regenerador de juventud.Experimenta la nueva generación de nuestra revolucionaria fórmula: el suero de reparación nocturna más completo de la historia. </p><p>Patentado hasta el 2033.Ahora con la tecnología Chronolux™ Power Signal, este suero de penetración profunda y rápida reduce el aspecto de los múltiples signos de envejecimiento causados por las agresiones ambientales de la vida moderna. </p><ul><li>La piel se ve más suave y con menos líneas, más joven, más radiante y con un tono uniforme. </li><li>La piel luce radiante y rellena de hidratación hasta la mañana.Poder antioxidante durante 8 horas.</li><li>72 horas de hidratación (incluye Ácido Hialurónico).Refuerza la barrera cutánea en sólo 4 horas.Textura sin aceites. </li><li>Las líneas y arrugas se reducen.</li></ul><p><br></p><p>El 88% de las mujeres afirma que la piel tiene un aspecto más joven. La piel se siente más firme. El 89% de las mujeres están de acuerdo. La piel tiene un aspecto saludable, con un nuevo aspecto y vitalidad. Además, con el tiempo, los poros se ven más reducidos.Nuestro #1 para todos. Se ha demostrado que es eficaz para todos los tonos de piel. </p><p>Este es el suero de alto rendimiento sin el que una piel bonita no puede vivir.Advanced Night Repair aprovecha el poder restaurador de la noche para ofrecer una renovación notable. Trabaja día y noche para ayudar a la piel a maximizar su ritmo natural de reparación y protección.Cada noche mientras duermes, ayuda a activar el proceso natural de reparación nocturna de la piel. Rápido. </p><p>Un alto nivel de ácido hialurónico ayuda a retener la humedad durante 72 horas. Esto ayuda a crear el entorno perfecto para optimizar el proceso de reparación natural de la piel.Nuestra exclusiva tecnología Chronolux™ Power Signal ayuda a aumentar la capacidad natural de la piel para la autorreparación visible, con pruebas in vitro que demuestran que promueve la renovación natural de la piel de nuevas células vitales y potencia su producción natural de colágeno.Todos los dias durante el día, ayuda a proteger la piel de las agresiones medioambientales; una parte clave del ritmo diario propio de la piel. </p><p>Ayuda a defender la piel contra los efectos visibles de los daños causados por los radicales libres de fuentes ambientales como la contaminación, el ozono, la luz azul, los infrarrojos y el micro polvo. </p><p>Proporciona una protección antioxidante de 8 horas para defender la piel durante todo el día de las agresiones medioambientales y ayudar a mantener su aspecto más joven durante más tiempo. Pruebas realizadas en 543 mujeres.
</p>","Aplícalo sobre tu rostro con la piel limpia, antes de tu hidratante, AM y PM.","Advanced Night Repair",887167485525,114.0000
000291493-000291493,"Advanced Night Repair Serum Synchronized Multi-Recovery Complex",estee-lauder-advanced-night-repair-serum-synchronized-multi-recovery-complex,https://ultrafemme.com/media/catalog/product/2/9/291493_887167485525_01_8437.jpg,"Suero antiedad","Todo tipo de piel",,,,,"Estee Lauder","Water\Aqua\Eau, Bifida Ferment Lysate, Peg-8, Propanediol, Bis-Peg-18 Methyl Ether Dimethyl Silane, Methyl Gluceth-20, Glycereth-26, Peg-75, Butylene Glycol, Adansonia Digitata Seed Extract, Tripeptide-32, Sodium Hyaluronate, Yeast Extract\Faex\Extrait De Levure, Lactobacillus Ferment, Cola Acuminata (Kola) Seed Extract, Anthemis Nobilis (Chamomile) Flower Extract, Hydrolyzed Algin, Pantethine, Caffeine, Lecithin, Sodium Rna, Bisabolol, Squalane, Glycerin, Oleth-3 Phosphate, Caprylyl Glycol, Oleth-3, Oleth-5, Choleth-24, Hydrogenated Lecithin, Jojoba Wax Peg-120 Esters, Ceteth-24, Tocopheryl Acetate, Carbomer, Triethanolamine, Tetrasodium Edta, Bht, Xanthan Gum, Potassium Sorbate, Disodium Edta, Phenoxyethanol, Red 4 (Ci 14700), Yellow 5 (Ci 19140) 
",Sueros,"Advanced Night Repair","<p>Reparación rápida y poder regenerador de juventud.Experimenta la nueva generación de nuestra revolucionaria fórmula: el suero de reparación nocturna más completo de la historia. </p><p>Patentado hasta el 2033.Ahora con la tecnología Chronolux™ Power Signal, este suero de penetración profunda y rápida reduce el aspecto de los múltiples signos de envejecimiento causados por las agresiones ambientales de la vida moderna. </p><ul><li>La piel se ve más suave y con menos líneas, más joven, más radiante y con un tono uniforme. </li><li>La piel luce radiante y rellena de hidratación hasta la mañana.Poder antioxidante durante 8 horas.</li><li>72 horas de hidratación (incluye Ácido Hialurónico).Refuerza la barrera cutánea en sólo 4 horas.Textura sin aceites. </li><li>Las líneas y arrugas se reducen.</li></ul><p><br></p><p>El 88% de las mujeres afirma que la piel tiene un aspecto más joven. La piel se siente más firme. El 89% de las mujeres están de acuerdo. La piel tiene un aspecto saludable, con un nuevo aspecto y vitalidad. Además, con el tiempo, los poros se ven más reducidos.Nuestro #1 para todos. Se ha demostrado que es eficaz para todos los tonos de piel. </p><p>Este es el suero de alto rendimiento sin el que una piel bonita no puede vivir.Advanced Night Repair aprovecha el poder restaurador de la noche para ofrecer una renovación notable. Trabaja día y noche para ayudar a la piel a maximizar su ritmo natural de reparación y protección.Cada noche mientras duermes, ayuda a activar el proceso natural de reparación nocturna de la piel. Rápido. </p><p>Un alto nivel de ácido hialurónico ayuda a retener la humedad durante 72 horas. Esto ayuda a crear el entorno perfecto para optimizar el proceso de reparación natural de la piel.Nuestra exclusiva tecnología Chronolux™ Power Signal ayuda a aumentar la capacidad natural de la piel para la autorreparación visible, con pruebas in vitro que demuestran que promueve la renovación natural de la piel de nuevas células vitales y potencia su producción natural de colágeno.Todos los dias durante el día, ayuda a proteger la piel de las agresiones medioambientales; una parte clave del ritmo diario propio de la piel. </p><p>Ayuda a defender la piel contra los efectos visibles de los daños causados por los radicales libres de fuentes ambientales como la contaminación, el ozono, la luz azul, los infrarrojos y el micro polvo. </p><p>Proporciona una protección antioxidante de 8 horas para defender la piel durante todo el día de las agresiones medioambientales y ayudar a mantener su aspecto más joven durante más tiempo. Pruebas realizadas en 543 mujeres.
</p>","Aplícalo sobre tu rostro con la piel limpia, antes de tu hidratante, AM y PM.","Advanced Night Repair",,159.0000
000180709,"Re-Nutriv Ultimate Diamond Transformative Energy Eye Creme 15 ml",estee-lauder-renutriv-crema-ojos-r3hw01,https://ultrafemme.com/media/catalog/product/1/8/180709_887167141230_01_279b.jpg,"Crema para contorno de ojos","Todo tipo de piel",,7119.000000,,,"Estee Lauder","Ingredients: Water\Aqua\Eau, Butyrospermum Parkii (Shea Butter), Butylene Glycol, Dimethicone, Neopentyl Glycol Diheptanoate, Microcrystalline Wax\Cera Microcristallina\Cire Microcristalline, Coco-Caprylate/Caprate, Glycerin, Peg-100 Stearate, Stearyl Alcohol, Glyceryl Stearate, Cetyl Ricinoleate, Methyl Trimethicone, Isohexadecane, Hydrogenated Starch Hydrolysate, Narcissus Tazetta Bulb Extract, Prunus Mume Fruit Extract, Saccharomyces Ferment Lysate Filtrate, Asparagopsis Armata Extract, Hydrolyzed Rice Protein, Tuber Melanosporum Extract, Hydrolyzed Wheat Protein, Helianthus Annuus (Sunflower) Seed Extract, Algae Extract, Ascophyllum Nodosum Extract, Coffea Arabica (Coffee) Seed Extract, Hordeum Vulgare (Barley) Extract\Extrait D'orge, Salvia Sclarea (Clary) Extract, Triticum Vulgare (Wheat) Germ Extract, Hydrolyzed Yeast Protein, Aminopropyl Ascorbyl Phosphate, Hydrolyzed Rice Extract, Laminaria Ochroleuca Extract, Boswellia Serrata Extract, Pearl Powder, Cladosiphon Okamuranus Extract, Magnolia Officinalis Bark Extract, Cucumis Sativus (Cucumber) Fruit Extract, Artemia Extract, Laminaria Digitata Extract, Molasses Extract\Saccharum Officinarum\Extrait De Melasse, Helianthus Annuus (Sunflower) Seedcake, Dipotassium Glycyrrhizate, Acetyl Hexapeptide-8, Ammonium Acryloyldimethyltaurate/Beheneth-25 Methacrylate Crosspolymer, Ergothioneine, Dextrin, Squalane, Acetyl Glucosamine, Caffeine, Sigesbeckia Orientalis (St. Paul's Wort) Extract, Dicaprylyl Carbonate, Gold, C20-40 Pareth-10, Polysilicone-11, Acrylamide/Sodium Acryloyldimethyltaurate Copolymer, Propylene Glycol Dicaprate, Caprylic/Capric Triglyceride, Steareth-20, Sucrose, Steareth-10, Lauryl Pca, Synthetic Fluorphlogopite, Tocopheryl Acetate, Sorbitol, Chamomilla Recutita (Matricaria), Polymethylsilsesquioxane, Stearic Acid, Citric Acid, Pentylene Glycol, Aluminum Hydroxide, Caprylyl Glycol, Polysorbate 80, Sodium Hyaluronate, Disodium Edta, Bht, Sodium Dehydroacetate, Phenoxyethanol, Mica, Titanium Dioxide (Ci 77891), Iron Oxides (Ci 77491, Ci 77492, Ci 77499) 
",Cremas,"Re Nutriv","<p>Estée Lauder Re-Nutriv combina los ingredientes más preciados del mundo con nutrientes rejuvenecedores de alta tecnología para una vida llena de belleza extraordinaria.
</p><p>Desde uno de los tesoros más raros de la Tierra, Re-Nutriv creó el Extracto de Trufa de Diamante Negro, el cual tardó cerca de 10,000 en procesarse. </p><p>Las trufas preciosas son cosechadas exclusivamente para Re-Nutriv en el Sur Oeste de Francia, de ahí se transforman en nuestro potente extracto que está infusionado con energía para ayudar a estimular la vitalidad de la piel. Energizada, despierta y renovada. </p><p>Con esta crema de ojos intensamente rica y de textura ligera, el contorno de los ojos se ve más levantado, menos hinchado y más joven. Los círculos negros se reducen. Los ojos lucen revitalizados y frescos, infinitamente hermosos.
Probado por dermatólogos y oftalmólogos.</p>",,"Re Nutriv",887167141230,1.0000
000085861,"Daywear Moisturizer Multi-Protection Anti-Oxidant 24H-Moisture Creme SPF 15 50 ml",estee-lauder-daywear-crema-humectante-con-multi-proteccion-antioxidante-fps-15-50-ml-000085861,https://ultrafemme.com/media/catalog/product/8/5/85861_27131763512_01_9d9f.jpg,,Mixta,,999.000000,,,"Estee Lauder","Ingredients: Water\Aqua\Eau, Ethylhexyl Salicylate, Dimethicone, Butyloctyl Salicylate, Butylene Glycol, Butyl Methoxydibenzoylmethane, Polyester-8, Cetyl Ricinoleate, Steareth-21, Steareth-2, Di-C12-15 Alkyl Fumarate, Caprylic/Capric/Myristic/Stearic Triglyceride, Polysilicone-11, Psidium Guajava (Guava) Fruit Extract, Gentiana Lutea (Gentian) Root Extract, Polygonum Cuspidatum Root Extract, Stearyl Alcohol, Hordeum Vulgare (Barley) Extract\Extrait D'orge, Laminaria Ochroleuca Extract, Rosmarinus Officinalis (Rosemary) Leaf Extract, Triticum Vulgare (Wheat) Germ Extract, Artemia Extract, Fumaria Officinalis Flower/Leaf/Stem Extract, Caffeine, Pentylene Glycol, Citrus Medica Limonum (Lemon) Fruit Extract, Hydrolyzed Rice Extract, Vitis Vinifera (Grape) Seed Extract, Hydrolyzed Rice Bran Extract, Lauryl Peg-9 Polydimethylsiloxyethyl Dimethicone, Thermus Thermophillus Ferment, Behenyl Alcohol, Acrylic Acid/Vp Crosspolymer, Triacontanyl Pvp, Glycerin, C12-15 Alkyl Benzoate, Linoleic Acid, Cholesterol, Sodium Chloride, Squalane, Sodium Pca, 1,2-Hexanediol, Urea, Caprylic/Capric Triglyceride, Dipropylene Glycol Dibenzoate, Tocopheryl Acetate, Tetrahexyldecyl Ascorbate, Sodium Hyaluronate, Ergothioneine, Ppg-15 Stearyl Ether Benzoate, Glycyrrhetinic Acid, Trehalose, Polyquaternium-51, Lecithin, Hydrogenated Lecithin, Fumaric Acid, Palmitoyl Hydroxypropyltrimonium Amylopectin/Glycerin Crosspolymer, Caprylyl Glycol, Cyclodextrin, Sodium Hydroxide, Nordihydroguaiaretic Acid, Ascorbyl Tocopheryl Maleate, Fragrance (Parfum), Citric Acid, Ethylbisiminomethylguaiacol Manganese Chloride, Pentaerythrityl Tetra-Di-T-Butyl Hydroxyhydrocinnamate, Disodium Edta, Sodium Dehydroacetate, Phenoxyethanol, Butylphenyl Methylpropional, Hydroxyisohexyl 3-Cyclohexene Carboxaldehyde, Benzyl Salicylate, Linalool, Blue 1 (Ci 42090), Yellow 5 (Ci 19140), Chromium Hydroxide Green (Ci 77289) 
",Cremas,DayWear,"<p>Esta crema hidratante de alto rendimiento defiende en contra de los signos de envejecimiento prematuro y disminuye su apariencia, con el poder antioxidante más efectivo. </p><p>La piel tendrá una hidratación que durará hasta 24 horas. Day Wear incluye super complejo Anti-Oxidante y filtro solar de amplio espectro. </p><ul><li>Reduce los primeros signos del envejecimiento como tono apagado y líneas finas. </li><li>Refresca la piel con hidratación duradera.</li></ul>",,DayWear,27131763512,10.0000
000044433,"Gentle Eye Makeup Remover 100 ml",estee-lauder-gentle-eye-makeup-remover-100-ml-000044433,https://ultrafemme.com/media/catalog/product/4/4/44433_27131009306_01_3b17.png,,"Todo tipo de piel",,579.000000,,,"Estee Lauder","Ingredients: Water\Aqua\Eau, Peg-32, Butylene Glycol, Disodium Cocoamphodiacetate, Peg-6, Trisodium Edta, Phenoxyethanol 
",Desmaquillantes,,"<p>Esta fórmula suave y liviana actúa rápida y suavemente para eliminar la sombra de ojos en polvo y otro maquillaje de ojos. Se barre sin dejar residuos grasos, por lo que puedes volver a aplicar maquillaje para ojos inmediatamente después de su uso. </p><p>La fórmula sin aceite no daña la piel delicada. </p><p>Recuerda: Nunca te acuestes con maquillaje. Una piel limpia es una piel sana.
</p>",,,27131009306,19.0000
000127900,"Perfectly Clean Multi-Action Foam Cleanser/Purifying Mask 150 ml",estee-lauder-perfectly-clean-multi-action-foam-cleanser-purifying-mask-150-ml-000127900,https://ultrafemme.com/media/catalog/product/1/2/127900_27131987840_01_3131.jpg,,"Todo tipo de piel",,769.000000,,,"Estee Lauder","Ingredients: Water\Aqua\Eau, Myristic Acid, Glycerin, Behenic Acid, Potassium Hydroxide, Palmitic Acid, Sodium Methyl Cocoyl Taurate, Lauric Acid, Stearic Acid, Sucrose, Montmorillonite, Silybum Marianum (Lady's Thistle) Extract, Gentiana Lutea (Gentian) Root Extract, Algae Extract, Sodium Hyaluronate, Sorbitol, Caffeine, Zinc Pca, Peg-3 Distearate, Kaolin, Fragrance (Parfum), Disodium Edta, Methylchloroisothiazolinone, Methylisothiazolinone 
",Espumas,"Perfectly Clean","<p>Trata tu piel con esta espuma refrescante que limpia suavemente, pero en profundidad. La fórmula cremosa forma rápidamente una espuma que elimina suavemente el maquillaje y otras impurezas sin secar la piel, dejándola sana, fresca y luminosa. </p><ul><li> Úsalo de dos maneras: Como un limpiador aplicándolo en la mañana y en la noche. Masajea gentilmente sobre la piel húmeda y después enjuaga tu cara.
</li><li>También puedes usarlo como una mascarilla limpiadora: Aplica dos veces a la semana (o según lo necesites) sobre la piel seca y deja trabajar durante dos minutos.</li></ul>",,"Perfectly Clean",27131987840,6.0000
000044568,"Re-Nutriv Softening Lotion 250 ml",estee-lauder-re-nutriv-locion-suavizante-250-ml-000044568,https://ultrafemme.com/media/catalog/product/4/4/44568_27131208709_01_1444.jpg,,"Todo tipo de piel",,1889.000000,,,"Estee Lauder","Ingredients: Water\Aqua\Eau, Polysorbate 20, Acetyl Glucosamine, Yeast Extract\Faex\Extrait De Levure, Camellia Sinensis (Green Tea) Leaf Extract, Adenosine Phosphate, Hordeum Vulgare (Barley) Extract\Extrait D'orge, Pantethine, Triticum Vulgare (Wheat) Germ Extract, Cholesterol, Squalane, Linoleic Acid, Sodium Hyaluronate, Glycerin, Hydrolyzed Wheat Protein, Gold, Caprylyl Glycol, Acrylates/C10-30 Alkyl Acrylate Crosspolymer, Silica, Tromethamine, Polymethylsilsesquioxane, Hexylene Glycol, Fragrance (Parfum), Disodium Edta, Phenoxyethanol, Caramel, Titanium Dioxide (Ci 77891), Mica, Red 33 (Ci 17200) 
",Lociones,"Re Nutriv","<ul><li>Salpicada con una perla dorada, esta loción tonificante perfecciona la superficie de la piel, suaviza, humecta y refresca. </li><li>Lujosamente sedosa, deja la piel con un velo invisible de humedad y ayuda a mantener el equilibrio óptimo de la humedad. </li><li>Prepara tu piel para obtener el máximo beneficio del resto de su cuidado de la piel Re-Nutriv.</li></ul>",,"Re Nutriv",27131208709,16.0000
000262518,"Resilience Multi-Effect Moisturizer Tri-Peptide Face And Neck Creme SPF 15 50 ml",estee-lauder-resilience-multi-tri-peptide-face-neck-cream-50-ml-000262518,https://ultrafemme.com/media/catalog/product/2/6/262518_887167368637_01_0b6d.jpg,,Mixta,,2889.000000,,,"Estee Lauder","Ingredients: Water\Aqua\Eau, Neopentyl Glycol Diheptanoate, Ethylhexyl Salicylate, Butyl Methoxydibenzoylmethane, Octocrylene, Cetyl Alcohol, Glycerin, Butyloctyl Salicylate, Pentaerythrityl Tetraethylhexanoate, Polyethylene, Di-C12-15 Alkyl Fumarate, Petrolatum, Hydrogenated Lecithin, Butylene Glycol, Propanediol, Hydrogenated Polyisobutene, Octyldodecyl Myristate, Hexyldecyl Stearate, Behenyl Alcohol, Cucumis Melo (Melon) Fruit Extract, Polygonum Aviculare Extract, Myrtus Communis Leaf Extract, Laminaria Digitata Extract, Acetyl Hexapeptide-8, Tetradecyl Aminobutyroylvalylaminobutyric Urea Trifluoroacetate, Lactoperoxidase, Glucose Oxidase, Cholesterol, Propylene Glycol Dicaprylate, Aminopropyl Ascorbyl Phosphate, Sodium Hyaluronate, Glucose, Algae Extract, Artemia Extract, Acetyl Glucosamine, Sigesbeckia Orientalis (St. Paul's Wort) Extract, Glyceryl Stearate, Persea Gratissima (Avocado) Oil, Dimethicone, C12-16 Alcohols, Trehalose, Ethylhexylglycerin, Peg-100 Stearate, Caffeine, Palmitic Acid, Glycine Soja (Soybean) Sterols, Caprylyl Glycol, Isohexadecane, Polymethyl Methacrylate, Trifluoroacetyl Tripeptide-2, Tocopheryl Acetate, Zinc Pca, Polysilicone-11, Polysorbate 80, Yeast Extract\Faex\Extrait De Levure, Potato Starch Modified, Decarboxy Carnosine Hcl, Xanthan Gum, Fragrance (Parfum), Sodium Hydroxide, Potassium Sulfate, Acrylamide/Sodium Acryloyldimethyltaurate Copolymer, Dextran, Hexylene Glycol, Disodium Edta, Bht, Potassium Sorbate, Phenoxyethanol, Red 4 (Ci 14700), Mica, Titanium Dioxide (Ci 77891) 
",Cremas,"Resilience Multi Effect","<p>Nutre profundamente para una piel radiante, más firme, tersa y una apariencia más joven.
</p><p>Formulado con nuestro avanzado Complejo Tri-Péptido, comprobado con tests in vitro que ayuda a amplificar significativamente el colágeno en sólo 3 días en un 124%, para una piel que se siente y se ve más firme.</p><p>
Experimenta en tu piel los múltiples efectos:
</p><ul><li>Resistencia. Los anti-oxidantes ayudan a proteger la piel para mantener su firmeza natural.
Con ayuda de nuestra tecnología Ir-Defense, ayuda a defender la barrera humectante de la piel de los rayos infrarrojos.
</li><li>Nutrición. La piel se encuentra nutrida y radiante. Humectación intensiva que dura todo el día.
</li><li>Firmeza. La apaiencia de las líneas de expresión se reduce significativamente. La piel se ve más tersa.</li></ul>",,"Resilience Multi Effect",887167368637,3.0000
000294522,"Re-Nutriv Ultimate Lift Regenerating Youth Moisturizer Creme 50 ml",estee-lauder-re-nutriv-crema-rejuvenecedora-ultimate-lift-50-ml-000294522,https://ultrafemme.com/media/catalog/product/2/9/294522_887167512986_01_f81b.jpg,,"Todo tipo de piel",,5869.000000,,,"Estee Lauder","Ingredients: Water\Aqua\Eau, Butyrospermum Parkii (Shea) Butter, Caprylic/Capric/Myristic/Stearic Triglyceride, Methyl Trimethicone, Di-C12-15 Alkyl Fumarate, Dimethicone, Butylene Glycol, Steareth-2, Stearyl Alcohol, Glyceryl Stearate, Pentylene Glycol, Glycerin, Steareth-21, Punica Granatum (Pomegranate) Sterols, Swertia Chirata Extract, Narcissus Tazetta Bulb Extract, Laminaria Digitata Extract, Polygonum Cuspidatum Root Extract, Cucumis Sativus (Cucumber) Fruit Extract, Pyrus Malus (Apple) Fruit Extract, Scutellaria Baicalensis Root Extract, Ergothioneine, Artemia Extract, Saccharomyces Lysate Extract, Fuscoporia Obliqua Extract, Gelidiella Acerosa Extract, Cordyceps Sinensis Extract, Glycine Soja (Soybean) Protein, Hydrolyzed Wheat Protein, Cholesterol, Caffeine, Linoleic Acid, Hypnea Musciformis (Algae) Extract, Whey Protein\Lactis Protein\Proteine Du Petit-Lait, Hordeum Vulgare (Barley) Extract\Extrait D'orge, Pearl Powder, Acetyl Hexapeptide-8, Propylene Glycol Dicaprate, Algae Extract, Sodium Hyaluronate, Trehalose, Porphyridium Cruentum Extract, Acetyl Glucosamine, Gold, Helianthus Annuus (Sunflower) Seed Extract, Decarboxy Carnosine Hcl, Caprylyl Glycol, Glucose, Yeast Extract\Faex\Extrait De Levure, Polysilicone-11, Isohexadecane, Tocopheryl Acetate, Sodium Hydroxide, Acrylamide/Sodium Acryloyldimethyltaurate Copolymer, Carbomer, Polysorbate 80, Lecithin, Polymethylsilsesquioxane, Citric Acid, Cellulose, Fragrance (Parfum), Pentaerythrityl Tetra-Di-T-Butyl Hydroxyhydrocinnamate, Sodium Metabisulfite, Bht, Sodium Sulfite, Disodium Edta, Sodium Benzoate, Sodium Dehydroacetate, Phenoxyethanol, Yellow 5 (Ci 19140), Red 33 (Ci 17200) 
",Cremas,"Re Nutriv","<p>El Secreto de la belleza infinita. Vea su piel prosperar con esta crema rica en recompensas, infundida con nuestro exclusivo Floralixir ™ Dew, potente tecnología Ultimate Lift y nutrición rejuvenecedora. </p><p>La piel se ve notablemente más elevada, se siente dramáticamente más firme y se fortalece para ayudar a resistir los futuros signos del envejecimiento. </p><p>Un deslumbrante resplandor se revela. Regenerar sin cesar la vital flor de la juventud. El Floralixir™ Dew Una potente fuerza para despertar la renovación juvenil de la piel. </p><p>Comienza con dos flores preciosas que prosperan en el frígido Himalaya y en las secas tierras altas de Brasil, su potencia magnificada por el poder de la ciencia Re-Nutriv. </p>",,"Re Nutriv",887167512986,2.0000
000294525,"Re-Nutriv Ultimate Lift Regenerating Youth Eye Creme 15 ml",estee-lauder-crema-para-ojos-re-nutriv-ultimate-lift-regenerating-youth-15-ml-000294525,https://ultrafemme.com/media/catalog/product/2/9/294525_887167507739_01_c885.jpg,"Crema antiedad",Mixta,,4399.000000,,,"Estee Lauder","Ingredients: Water\Aqua\Eau, Cyclopentasiloxane, Butylene Glycol, Glycerin, Dimethicone, Caprylic/Capric/Myristic/Stearic Triglyceride, Polysilicone-11, Swertia Chirata Extract, Narcissus Tazetta Bulb Extract, Laminaria Digitata Extract, Sodium Hyaluronate, Anthemis Nobilis (Chamomile) Flower Extract, Cordyceps Sinensis Extract, Fuscoporia Obliqua Extract, Cucumis Sativus (Cucumber) Fruit Extract, Saccharomyces Lysate Extract, Hypnea Musciformis (Algae) Extract, Asparagopsis Armata Extract, Algae Extract, Porphyridium Cruentum Extract, Ascophyllum Nodosum Extract, Laminaria Ochroleuca Extract, Scutellaria Baicalensis Root Extract, Tocopheryl Acetate, Euphrasia Officinalis (Euphrasia) Extract, Acetyl Hexapeptide-8, Gelidiella Acerosa Extract, Helianthus Annuus (Sunflower) Seed Extract, Artemia Extract, Pyrus Malus (Apple) Fruit Extract, Hordeum Vulgare (Barley) Extract\Extrait D'orge, Cetyl Peg/Ppg-10/1 Dimethicone, Cyclohexasiloxane, Hydrogenated Polyisobutene, Isononyl Isononanoate, Trehalose, Sorbitol, Acetyl Glucosamine, Caprylyl Glycol, Caffeine, Lauryl Pca, Caprylic/Capric Triglyceride, Lauryl Peg-9 Polydimethylsiloxyethyl Dimethicone, Whey Protein\Lactis Protein\Proteine Du Petit-Lait, Polygonum Cuspidatum Root Extract, Gold, Hydrolyzed Wheat Protein, Decarboxy Carnosine Hcl, Propylene Glycol Dicaprate, Pearl Powder, Ergothioneine, Linoleic Acid, Glucose, Glycine Soja (Soybean) Protein, Yeast Extract\Faex\Extrait De Levure, Sucrose, Citric Acid, Hexylene Glycol, Triethoxycaprylylsilane, Polymethylsilsesquioxane, Cellulose, Peg/Ppg-18/18 Dimethicone, Alumina, Nylon-12, Cyclodextrin, Silica, Dimethicone Crosspolymer, Lecithin, Magnesium Sulfate, Bht, Ethylbisiminomethylguaiacol Manganese Chloride, Sodium Sulfite, Sodium Metabisulfite, Disodium Edta, Phenoxyethanol, Sodium Benzoate, Potassium Sorbate, Mica, Titanium Dioxide (Ci 77891), Iron Oxides (Ci 77491) 
",Cremas,"Re Nutriv","<p>Siente como la piel del contorno de los ojos florece con esta suave y refrescante crema. Creada con la poderosa tecnología Ultimate Lift y con nutrientes rejuvenecedores para que la delicada piel del contorno de los ojos luzca firme, fuerte y libre de líneas y arrugas. </p><p>La hinchazón y las ojeras se reducen significativamente.
</p><p>Contiene tecnología Floralixir ™ Dew, la cual consiste en dos flores que florecen en los Himalayas y en las tierras altas de Brasil que se potencializan gracias al poder de la ciencia Re-Nutriv.</p>",,"Re Nutriv",887167507739,2.0000
000302303,"Re-NutrivUltimate Lift Regenerating Youth Eye Creme Rich 15 ml",estee-lauder-pt4j01,https://ultrafemme.com/media/catalog/product/3/0/302303_887167567733_01_71a5.jpg,"Crema para contorno de ojos",,,3769.000000,,"Le da a los ojos una mirada más brillante, más levantada, una sensación más firme.","Estee Lauder","Agua\Aqua\Eau, Manteca de Butyrospermum parkii (karité), Polietileno, Butilenglicol, Alcohol cetearílico, Ésteres cetílicos, Polibuteno, Neopentanoato de isostearilo, Dimeticona, Estearato de Peg-100, Extracto de Swertia chirata, Extracto de bulbo de Narcissus tazetta, Extracto de algas, Extracto de Hypnea musciformis (algas), Extracto de Gelidiella acerosa, Extracto de raíz de Polygonum cuspidatum, Extracto de Euphrasia officinalis (Eufrasia), Extracto de Ascophyllum Nodosum, Extracto de Laminaria ochroleuca, Extracto de Laminaria digitata, Extracto de Cordyceps Sinensis, Extracto de Fuscoporia Obliqua, Extracto de Fruta de Cucumis Sativus (Pepino), Extracto de Lisado de Saccharomyces, Extracto de Fruta de Pyrus Malus (Manzana), Extracto de Asparagopsis Armata, Extracto de Artemia, Extracto de Raíz de Scutellaria Baicalensis, Hialuronato de Sodio, Aceferil Aceto, Dicaprato de Propilenglicol, Acetil Hexapéptido-8, Glicerina, Cafeína, Triglicérido Caprílico/Cáprico, Oro, Acetil Glucosamina, Perla en Polvo, Extracto de Semilla de Helianthus Annuus (Girasol), Caprilil Glicol, Cetearilo glucósido, sorbitol, colesterol, ácido linoleico, lauril pca, proteína de suero\proteína lactis\proteína del petit-lait, trehalosa, extracto de hordeum vulgare (cebada)\extrait d'orge, clorhidrato de carnosina descarboxi, ergotioneína, proteína de trigo hidrolizada, glucosa, proteína de glicina soja (soja), extracto de levadura\faex\extrait de levure, lecitina hidrogenada, copolímero de acriloildimetiltarato de amonio/vp, pentilenglicol, acrilatos/polímero cruzado de acrilato de alquilo C10-30, 1,2-hexanodiol, ciclodextrina, Polimetilsilsesquioxano, celulosa, lecitina, hidróxido de sodio, ácido cítrico, EDTA disódico, Bht, cloruro de etilbisiminometilguaiacol y manganeso, metabisulfito de sodio, sulfito de sodio, tetra-di-t-butil pentaeritritilohidroxihidrocinamato de sodio, deshidroacetato de sodio, benzoato de sodio, sorbato de potasio, fenoxietanol, mica, dióxido de titanio (Ci 77891), óxidos de hierro (Ci 77491), amarillo 5 (Ci 19140) <ILN49042>",Cremas,"Re Nutriv","Observa cómo la piel del contorno de los ojos se desarrolla con esta crema para ojos excepcionalmente emoliente. Con una infusión de potentes tecnologías Ultimate Lift y una nutrición más intensiva para la delicada zona de los ojos.
La piel se ve notablemente más tersa y se fortalece para ayudar a resistir futuros signos de envejecimiento. Las patas de gallo y la hinchazón se ven minimizadas. Las ojeras se iluminan visiblemente.

El resplandor vital de los ojos juveniles se regenera.","Aplicar AM y PM.","Re Nutriv",887167567733,14.0000
000262522,"Resilience Lift Multi Effect Set 50 ml",estee-lauder-resilience-lift-multi-effect-reafirma-levanta-spf-15-000262522,https://ultrafemme.com/media/catalog/product/2/6/262522_887167423626_01_3db9.jpg,"Crema hidratante",,,7629.000000,,,"Estee Lauder",,Sets,,"<p>El set contiene:</p><ul><li>Resilience Multi-Effect Tri-Peptide Face & Neck Creme Broad Spectrum SPF 15 for Normal/Combination Skin de 50 ml.</li><li>Resilience Multi-Effect Night Tri-Peptide Face and Neck Creme for All Skintypes de 50 ml.</li><li>Resilience Multi-Effect -Tri Peptide Eye Creme for All skin types de 15 ml.</li></ul>",,,887167423626,37.0000
000294526,"Re-Nutriv Ultimate Lift Regenerating Youth Eye Creme Duo Set 15 ml",estee-lauder-renutriv-regenerating-eye-creme-duo-pnwt019000,https://ultrafemme.com/media/catalog/product/2/9/294526_887167546899_01_d1be.jpg,"Crema para contorno de ojos",Normal,,7909.000000,,"Le da a los ojos un aspecto más brillante y levantado.","Estee Lauder","Agua\Aqua\Eau, ciclopentasiloxano, butilenglicol, glicerina, dimeticona, triglicéridos caprílicos/cápricos/mirísticos/esteáricos, polisilicona-11, extracto de Swertia chirata, extracto de bulbo de Narcissus tazetta, extracto de Laminaria digitata, hialuronato de sodio, extracto de flor de Anthemis Nobilis (manzanilla), extracto de Cordyceps sinensis, extracto de Fuscoporia obliqua, extracto de fruta de Cucumis sativus (pepino), extracto de lisado de Saccharomyces, extracto de Hypnea musciformis (algas), extracto de Asparagopsis armata, Extracto de Algas, Extracto de Porphyridium Cruentum, Extracto de Ascophyllum Nodosum, Extracto de Laminaria Ochroleuca, Extracto de Raíz de Scutellaria Baicalensis, Acetato de Tocoferilo, Extracto de Eufralis (Eufrasia), Acetil Hexapéptido-8, Extracto de Gelidiella acerosa, Extracto de semilla de Helianthus annuus (girasol), Extracto de Artemia, Extracto de Pyrus Malus (manzana), Extracto de Hordeum vulgare (Cebada)\Extrait d'Orge, Cetyl Peg/PPG-10/1 Dimeticona, Ciclohexasiloxano, Poliisobuteno hidrogenado, Isononilo Isononanoato, Trehalosa, Sorbitol, Acetil Glucosamina, Caprilil Glicol, Cafeína, Lauril Pca, Triglicérido Caprílico/Cáprico, Lauril Peg-9 Polidimetilsiloxietil Dimeticona, Proteína de Suero de Leche\Proteína de Lactis \ Proteine du Petit-Lait, Extracto de Raíz de Polygonum Cuspidatum, Oro, Proteína de Trigo Hidrolizada, Hidrato de Carnosina Descarboxinada, Dicaprato de Propilenglicol, Perla en Polvo, Ergotioneína, Ácido Linoleico, Glucosa, Proteína de Glicina Soja (Soja), Extracto de Levadura\Faex\Extrait de Levure, Sacarosa, Ácido Cítrico, Hexilenglicol, trietoxicaprililsilsilano, polimetilsilsesquioxano, celulosa, peg/ppg-18/18 dimeticona, alúmina, nylon-12, ciclodextrina, sílice, polímero cruzado de dimeticona, lecitina, sulfato de magnesio, bht, etilbisiminometilguaiacol, cloruro de manganeso, sulfito de sodio, metabisulfito de sodio, edta disódico, fenoxietanol, benzoato de sodio, sorbato de potasio, mica, dióxido de titanio (Ci 77891), óxidos de hierro (Ci 77491) <ILN47948>",Cremas,"Re Nutriv","El secreto de la belleza infinita.
Observa cómo la piel del contorno de los ojos se desarrolla con esta crema para ojos suave y refrescante, enriquecida con genciana preciosa, tecnología SIRTIVITY-LP™ y una nutrición rica y rejuvenecedora para la delicada zona de los ojos.

Los ojos se ven notablemente más levantados, menos hinchados y se sienten fortalecidos para ayudar a resistir futuros signos de envejecimiento. Las líneas se ven minimizadas. Las ojeras se reducen visiblemente.","Aplicar AM y PM.","Re Nutriv",887167546899,2.0000
000302305,"Re-Nutriv Ultimate Lift Regenerating Youth Creme Rich 50 ml",estee-lauder-re-nutriv-crema-para-ojos-anti-edad-ultimate-lift-50-ml-000302305,https://ultrafemme.com/media/catalog/product/3/0/302305_887167570092_01_5ac4.jpg,Facial,,,5869.000000,,"Mejora la luminosidad y proporciona comodidad a la piel seca, minimiza la aparición de líneas y arrugas, mejora la definición de la firmeza y los contornos, probado por dermatólogos y no comedogénico.","Estee Lauder","Water\Aqua\Eau, Caprylic/Capric/Myristic/Stearic Triglyceride, Petrolatum, Hexyldecyl Stearate, Butylene Glycol, Dimethicone, Glycereth-26, Peg-100 Stearate, Behenyl Alcohol, Glyceryl Stearate, Pentylene Glycol, Hordeum Vulgare (Barley) Extract\Extrait D'Orge, Cucumis Sativus (Cucumber) Fruit Extract, Saccharomyces Lysate Extract, Narcissus Tazetta Bulb Extract, Pyrus Malus (Apple) Fruit Extract, Scutellaria Baicalensis Root Extract, Laminaria Ochroleuca Extract, Mangifera Indica (Mango) Seed Oil, Swertia Chirata Extract, Polygonum Cuspidatum Root Extract, Hypnea Musciformis (Algae) Extract, Cholesterol, Linoleic Acid, Whey Protein\Lactis Protein\Proteine Du Petit-Lait, Gelidiella Acerosa Extract, Laminaria Digitata Extract, Bioflavonoids, Astrocaryum Murumuru Seed Butter, Pearl Powder, Cordyceps Sinensis Extract, Fuscoporia Obliqua Extract, Artemia Extract, Acetyl Hexapeptide-8, Gold, Caffeine, Hydrolyzed Wheat Protein, Sodium Hyaluronate, Decarboxy Carnosine Hcl, Glycine Soja (Soybean) Protein, Ergothioneine, Propylene Glycol Dicaprate, Helianthus Annuus (Sunflower) Seedcake, Isohexadecane, Algae Extract, Trehalose, Yeast Extract\Faex\Extrait De Levure, Acetyl Glucosamine, Caprylic/Capric Triglyceride, Myristyl Myristate, Glycerin, Caprylyl Glycol, Acrylates/C10-30 Alkyl Acrylate Crosspolymer, Tromethamine, Glycine Soja (Soybean) Sterols, Polysorbate 80, Tocopheryl Acetate, Myristyl Laurate, Hexylene Glycol, Potassium Sorbate, Myristyl Alcohol, Aluminum Hydroxide, Polymethylsilsesquioxane, Citric Acid, Cellulose, Lecithin, Stearic Acid, Fragrance (Parfum), Acrylamide/Sodium Acryloyldimethyltaurate Copolymer, Disodium Edta, Bht, Sodium Benzoate, Phenoxyethanol, Titanium Dioxide (Ci 77891), Yellow 5 (Ci 19140), Red 33 (Ci 17200)",Cremas,"Re Nutriv","Es un exquisito tratamiento antienvejecimiento que minimiza las líneas y arrugas, al tiempo que mejora la definición de la firmeza y los contornos. Un envase dorado es el comienzo de una sensación inspiradora y lujosa. De acuerdo con el empaque, la textura es rica y nutritiva para ofrecer la mejor experiencia hidratante. Cuando se trata de resultados, los ingredientes son la clave para liberar a los jóvenes. Para comenzar, Argireline disminuye eficientemente las líneas y la profundidad de las arrugas, con resultados tan exitosos que a menudo se comparan con un procedimiento cosmético. Junto con la arginina, el complejo de péptidos de leche y la acetil glucosamina trabajan para reducir la apariencia de las arrugas. Además, el Complejo de Péptidos de Leche es un poderoso ingrediente para mejorar la firmeza y redefinir los contornos de la cara. Igualmente importante, el ácido hialurónico hidrata profundamente, protege la piel y ayuda a los activos solubles en agua a penetrar más profundamente para lograr mejores resultados.","Aplica por la mañana y por la noche después del suero.","Re Nutriv",887167570092,4.0000
000221825,"Wood Sage & Sea Salt Body Crème 175 ml",jo-malone-london-wood-sage-and-sea-salt-body-creme-175-ml-000221825,https://ultrafemme.com/media/catalog/product/2/2/221825_690251040339_01_303c.png,"Crema corporal",,,2069.000000,,,"Jo Malone London","Water\Aqua\Eau, Glycerin, Cetearyl Alcohol, Simmondsia Chinensis (Jojoba) Seed Oil, Glyceryl Stearate, Stearic Acid, Fragrance (Parfum), Triethanolamine, Isopropyl Palmitate, Theobroma Cacao (Cocoa) Seed Butter, Prunus Amygdalus Dulcis (Sweet Almond) Oil, Aloe Barbadensis Leaf Juice, Dimethicone, Caffeine, Caprylyl Glycol, Bisabolol, Hexylene Glycol, Linalool, Limonene, Alpha-Isomethyl Ionone, Geraniol, Benzyl Alcohol, Citronellol, Citral, Coumarin, Disodium Edta, Phenoxyethanol 
",Cremas,"Wood Sage & Sea Salt","Escapa de lo cotidiano a la costa azotada por el viento. Olas que rompen en espuma blanca,el aire fresco impregnado de sal marina. Viva con el aroma mineral de los escarpados acantilados.Mezclada con la terrenalidad leñosa de la salvia. Dinámica, enérgica y totalmente alegre. Nuestra rica crema corporal, con sus aceites acondicionadoresde semilla de jojoba, semilla de cacao y almendra dulce, ayuda a hidratar, nutrir y proteger la piel, mientras sus deliciosas fragancias perfuman todo su cuerpo.","Tome una generosa cantidad de nuestra suntuosa Crema Corporal y aplíquela mediante masaje a toda la piel.","Wood Sage & Sea Salt",690251040339,7.0000
000221823,"Wood Sage & Sea Salt Body & Hand Wash 250 ml",jo-malone-london-wood-sage-and-sea-salt-body-and-hand-wash-250-ml-000221823,https://ultrafemme.com/media/catalog/product/2/2/221823_690251052943_01_7812.png,"Gel de baño",,,1079.000000,,,"Jo Malone London","Water\Aqua\Eau, Sodium Laureth Sulfate, Lauramidopropyl Betaine, Fragrance (Parfum), Peg-7 Glyceryl Cocoate, Glycerin, Peg-120 Methyl Glucose Dioleate, Ceteth-20, Limnanthes Alba (Meadowfoam) Seed Oil, Caffeine, Ethylhexylglycerin, Sucrose, Peg-6 Caprylic/Capric Glycerides, Polysorbate 20, Peg-150 Pentaerythrityl Tetrastearate, Pentylene Glycol, Caprylyl Glycol, Sodium Chloride, Citric Acid, Hexylene Glycol, Polyquaternium-7, Alpha-Isomethyl Ionone, Geraniol, Linalool, Limonene, Methylchloroisothiazolinone, Methylisothiazolinone, Phenoxyethanol 
",Jabones,"Wood Sage & Sea Salt","Escapa de lo cotidiano a la costa azotada por el viento. Olas que rompen en espuma blanca,el aire fresco impregnado de sal marina. Viva con el aroma mineral de los escarpados acantilados.Mezclada con la terrenalidad leñosa de la salvia. Dinámica, enérgica y totalmente alegre. Con este lujoso y revitalizante Body & Hand Wash refrescas y acondicionas la piel, dejandola deliciosamente aromatizada.","Dispense una pequeña cantidad en las manos mojadas, cree espuma y aclare bien.","Wood Sage & Sea Salt",690251052943,2.0000
000243958,"Blackberry & Bay Body & Hand Wash 250 ml",jo-malone-london-blackberry-and-bay-body-and-hand-wash-250-ml-000243958,https://ultrafemme.com/media/catalog/product/2/4/243958_690251052820_01_df71.png,"Gel de baño",,,1079.000000,,,"Jo Malone London","Water\Aqua\Eau, Sodium Laureth Sulfate, Lauramidopropyl Betaine, Fragrance (Parfum), Ceteth-20, Glycerin, Polysorbate 20, Limnanthes Alba (Meadowfoam) Seed Oil, Caffeine, Peg-6 Caprylic/Capric Glycerides, Peg-7 Glyceryl Cocoate, Sucrose, Ethylhexylglycerin, Pentylene Glycol, Caprylyl Glycol, Peg-120 Methyl Glucose Dioleate, Sodium Chloride, Polyquaternium-7, Citric Acid, Hexylene Glycol, Peg-150 Pentaerythrityl Tetrastearate, Limonene, Benzyl Salicylate, Methylchloroisothiazolinone, Methylisothiazolinone, Phenoxyethanol 
",Jabones,"Blackberry & Bay","Recuerdos de la niñez recogiendo moras... Una explosión de jugo de mora intenso y ácido, que se funde con la frescura de las maderas de laurel y zarzas recién recogidas. Vibrante y verde. Con este lujoso y revitalizante Body & Hand Wash refrescas y acondicionas la piel, dejandola deliciosamente aromatizada.","Dispense una pequeña cantidad en las manos mojadas, cree espuma y aclare bien.","Blackberry & Bay",690251052820,2.0000
000226640,"Blackberry & Bay Body & Hand Lotion 250 ml",jo-malone-london-blackberry-and-bay-body-and-hand-lotion-250-ml-000226640,https://ultrafemme.com/media/catalog/product/2/2/226640_690251042135_01_3e02.png,"Loción hidratante",,,1479.000000,,,"Jo Malone London","Water\Aqua\Eau, Aloe Barbadensis Leaf Juice, Caprylic/Capric/Myristic/Stearic Triglyceride, Butylene Glycol, Hydrogenated Polyisobutene, Ppg-5-Ceteth-20, Fragrance (Parfum), Cetyl Acetate, Cocos Nucifera (Coconut) Oil, Peg-40 Stearate, Glyceryl Stearate, Dimethicone, Crithmum Maritimum Extract, Sea Salt\Maris Sal\Sel Marin, Sorbitan Stearate, Glyceryl Laurate, Jojoba Alcohol, Isopropyl Jojobate, Jojoba Esters, Caprylyl Glycol, Caprylic/Capric Triglyceride, Sodium Hyaluronate, Carbomer, Tromethamine, Hexylene Glycol, Disodium Edta, Linalool, Benzyl Salicylate, Limonene, Citronellol, Phenoxyethanol 
",Lociones,"Blackberry & Bay","Recuerdos de la niñez recogiendo moras...Una explosión de jugo de mora intenso y ácido, que se funde con la frescura de las maderas de laurel y zarzas recién recogidas. Vibrante y verde.  Enriquecida con aceite de coco, nuestra Loción de Cuerpo y Manos se absorbe fácilmente para hidratar y acondicionar al instante, mientras su fragancia perfuma la piel.","Dispense una pequeña cantidad en las palmas de las manos y masajee por la piel.","Blackberry & Bay",690251042135,2.0000
000221829,"English Pear & Freesia Limited-Edition Body & Hand Wash 250 ml",jo-malone-london-english-pear-and-freesia-body-and-hand-wash-250-ml-000221829,https://ultrafemme.com/media/catalog/product/2/2/221829_690251052837_01_652d.png,"Gel de baño",,,1079.000000,,,"Jo Malone London","Water\Aqua\Eau, Sodium Laureth Sulfate, Lauramidopropyl Betaine, Peg-120 Methyl Glucose Dioleate, Fragrance (Parfum), Peg-7 Glyceryl Cocoate, Glycerin, Ceteth-20, Limnanthes Alba (Meadowfoam) Seed Oil, Caffeine, Sucrose, Polysorbate 20, Pentylene Glycol, Peg-6 Caprylic/Capric Glycerides, Caprylyl Glycol, Ethylhexylglycerin, Peg-150 Pentaerythrityl Tetrastearate, Polyquaternium-7, Hexylene Glycol, Citric Acid, Sodium Chloride, Linalool, Limonene, Benzyl Benzoate, Geraniol, Magnesium Nitrate, Methylchloroisothiazolinone, Methylisothiazolinone, Phenoxyethanol 
",Jabones,"English Pear & Freesia","La esencia del otoño. La sensual frescura de las peras maduras se envuelve en un buqué de fresias blancas y se suaviza con el ámbar, el pachulí y las maderas. Exquisita y dorada. Con este lujoso y revitalizante Body & Hand Wash refrescas y acondicionas la piel, dejandola deliciosamente aromatizada.","Dispense una pequeña cantidad en las manos mojadas, cree espuma y aclare bien.","English Pear & Freesia",690251052837,2.0000
000221819,"English Pear & Freesia Body & Hand Lotion 250 ml",jo-malone-london-english-pear-and-freesia-body-and-hand-lotion-250-ml-000221819,https://ultrafemme.com/media/catalog/product/2/2/221819_690251040377_01_1da7.png,"Loción hidratante",,,1479.000000,,,"Jo Malone London","Water\Aqua\Eau, Aloe Barbadensis Leaf Juice, Caprylic/Capric/Myristic/Stearic Triglyceride, Butylene Glycol, Ppg-5-Ceteth-20, Hydrogenated Polyisobutene, Fragrance (Parfum), Cetyl Acetate, Cocos Nucifera (Coconut) Oil, Peg-40 Stearate, Glyceryl Stearate, Crithmum Maritimum Extract, Sea Salt\Maris Sal\Sel Marin, Dimethicone, Sorbitan Stearate, Glyceryl Laurate, Jojoba Alcohol, Isopropyl Jojobate, Jojoba Esters, Caprylyl Glycol, Caprylic/Capric Triglyceride, Sodium Hyaluronate, Hexylene Glycol, Carbomer, Tromethamine, Bht, Tocopherol, Disodium Edta, Citral, Limonene, Linalool, Geraniol, Citronellol, Phenoxyethanol 
",Lociones,"English Pear & Freesia","La esencia del otoño. La sensual frescura de las peras maduras se envuelve en un buqué de fresias blancas y se suaviza con el ámbar, el pachulí y las maderas. Exquisita y dorada.  Enriquecida con aceite de coco, nuestra Loción de Cuerpo y Manos se absorbe fácilmente para hidratar y acondicionar al instante, mientras su fragancia perfuma la piel.","Dispense una pequeña cantidad en las palmas de las manos y masajee por la piel.","English Pear & Freesia",690251040377,3.0000
000221824,"English Pear & Freesia Body Crème 175 ml",jo-malone-london-english-pear-and-freesia-body-cream-175-ml-000221824,https://ultrafemme.com/media/catalog/product/2/2/221824_690251040223_01_c9ed.png,"Crema corporal",,,2069.000000,,,"Jo Malone London","Water\Aqua\Eau, Glycerin, Cetearyl Alcohol, Simmondsia Chinensis (Jojoba) Seed Oil, Glyceryl Stearate, Fragrance (Parfum), Stearic Acid, Triethanolamine, Isopropyl Palmitate, Theobroma Cacao (Cocoa) Seed Butter, Prunus Amygdalus Dulcis (Sweet Almond) Oil, Aloe Barbadensis Leaf Extract, Caffeine, Dimethicone, Caprylyl Glycol, Bisabolol, Hexylene Glycol, Linalool, Geraniol, Limonene, Butylphenyl Methylpropional, Citronellol, Citral, Disodium Edta, Phenoxyethanol 
",Cremas,"English Pear & Freesia","La esencia del otoño. La sensual frescura de las peras maduras se envuelve en un buqué de fresias blancas y se suaviza con el ámbar, el pachulí y las maderas. Exquisita y dorada. Nuestra rica crema corporal, con sus aceites acondicionadores de semilla de jojoba, semilla de cacao y almendra dulce, ayuda a hidratar, nutrir y proteger la piel, mientras sus deliciosas fragancias perfuman todo su cuerpo.","Tome una generosa cantidad de nuestra suntuosa Crema Corporal y aplíquela mediante masaje a toda la piel.","English Pear & Freesia",690251040223,6.0000
000226710,"Lime Basil & Mandarin Body & Hand Lotion 250 ml",jo-malone-london-lime-basil-and-mandarin-body-and-hand-lotion-250-ml-000226710,https://ultrafemme.com/media/catalog/product/2/2/226710_690251038596_01_9f19.png,"Loción hidratante",,,1479.000000,,,"Jo Malone London","Water\Aqua\Eau, Aloe Barbadensis Leaf Extract, Caprylic/Capric/Myristic/Stearic Triglyceride, Butylene Glycol, Hydrogenated Polyisobutene, Ppg-5-Ceteth-20, Cocos Nucifera (Coconut) Oil, Cetyl Acetate, Fragrance (Parfum), Peg-40 Stearate, Glyceryl Stearate, Sodium Hyaluronate, Isopropyl Jojobate, Jojoba  Alcohol, Dimethicone, Sorbitan Stearate, Tromethamine, Carbomer, Jojoba Esters, Limonene, Butylphenyl Methylpropional, Linalool, Hydroxycitronellal, Alpha-Isomethyl Ionone, Evernia Prunastri (Oakmoss) Extract, Citral, Amyl Cinnamal, Geraniol, Citronellol, Benzyl Salicylate, Disodium Edta, Phenoxyethanol 
",Lociones,"Lime Basil & Mandarin","Nuestra fragancia insignia. El punto picante de la albahaca y el aromático tomillo blanco aportan un giro inesperado a los aromas de las limas en la brisa del Caribe. Un clásico moderno. Enriquecida con aceite de coco, nuestra Loción de Cuerpo y Manos se absorbe fácilmente para hidratar y acondicionar al instante, mientras su fragancia perfuma la piel.","Dispense una pequeña cantidad en las palmas de las manos y masajee por la piel.","Lime Basil & Mandarin",690251038596,3.0000
000221826,"Peony & Blush Suede Body & Hand Lotion 250 ml",jo-malone-london-peony-and-blush-suede-body-and-hand-lotion-250-ml-000221826,https://ultrafemme.com/media/catalog/product/2/2/221826_690251053797_01_4861.png,"Loción hidratante",,,1479.000000,,,"Jo Malone London","Water\Aqua\Eau, Aloe Barbadensis Leaf Juice, Caprylic/Capric/Myristic/Stearic Triglyceride, Butylene Glycol, Hydrogenated Polyisobutene, Ppg-5-Ceteth-20, Fragrance (Parfum), Cetyl Acetate, Cocos Nucifera (Coconut) Oil, Peg-40 Stearate, Glyceryl Stearate, Dimethicone, Crithmum Maritimum Extract, Sea Salt\Maris Sal\Sel Marin, Jojoba Esters, Isopropyl Jojobate, Jojoba Alcohol, Sodium Hyaluronate, Caprylyl Glycol, Sorbitan Stearate, Caprylic/Capric Triglyceride, Glyceryl Laurate, Carbomer, Tromethamine, Hexylene Glycol, Disodium Edta, Alpha-Isomethyl Ionone, Hydroxycitronellal, Benzyl Salicylate, Linalool, Geraniol, Citronellol, Eugenol, Cinnamyl Alcohol, Isoeugenol, Phenoxyethanol 
",Lociones,"Peony & Blush Suede","La esencia del encanto. Peonías en voluptuosa floración, exquisitamente frágiles. Coqueto con el jugoso bocado de manzana roja y la opulencia de jazmín, rosa y flor dorada. Meteándose con la sensualidad del ante suave y sonrojante. Lujoso y seductor.","Dispense una pequeña cantidad en las palmas de las manos y masajee por la piel.","Peony & Blush Suede",690251053797,10.0000
000045078,"Sun Beauty Tan Deepener Spf 6",lancaster-sun-beauty-tan-deepener-spf-6-200-ml-000045078,https://ultrafemme.com/media/catalog/product/b/l/blc40054240200_7o7kjmurhvyq2nad.png,"Bronceador corporal",,,599.000000,,,Lancaster,,,,"Con esta crema autobronceadora hidratante y confortable de textura ligera y sedosa, obtienes un tono dorado instantáneo. Viste tu piel con un velo satinado ligeramente coloreado para una aplicación infalible.",,,3414200542401,123.0000
000272969,"Sun Beauty Velvet Milk Spf30",lancaster-sun-beauty-velvet-milk-spf30-75ml-000272969,https://ultrafemme.com/media/catalog/product/b/l/blc40110002000_erkgo3snls1ha2hx.jpg,"Protector solar corporal",,,339.000000,,,Lancaster,,,,"Su piel necesita un amplio espectro de protección solar confiable. La leche proporciona una protección de amplio espectro y un bronceado radiante e impecable.

La fórmula única combina la exclusiva tecnología Full Light, que protege la piel del 100% de los rayos solares (UVB, UVA, luz infrarroja y visible) y el Tanning Activation Complex, un activador de la síntesis de melanina.

La leche proporciona un bronceado perfecto y duradero a la vez que ayuda a mantener la firmeza y elasticidad de la piel. Ideal para pieles que se broncean con facilidad y rara vez se queman con el sol.",,,3614226901897,2.0000
000088803,"Sun Beauty Face Cream Spf15  ",lancaster-sun-beauty-face-cream-spf15-000088803,https://ultrafemme.com/media/catalog/product/b/l/blc40054051600_aashxb0kdlly2qt2.jpg,"Protector solar facial",,,569.000000,,,Lancaster,,,,"Lancaster sabe que un bronceado bonito es el resultado de una buena protección. Hoy, ofrece una tecnología exclusiva que integra, además de los filtros UVB & UVA, una innovadora Tecnología de Infrarrojos para proteger mejor la piel de los daños del sol.
Esta crema sedosa proporciona un bronceado ideal manteniendo al mismo tiempo la firmeza y elasticidad de la piel.
¿Cuándo utilizarlo?
Ideal para pieles que se queman poco y que se broncean gradualmente.
Consejos de belleza:
 - Tu rostro está más expuesto al sol que el resto de tu cuerpo, por eso cuidar el rostro debe ser tu prioridad número 1.
 - Aplícate 365 Cellular Elixir, 3 gotas mañana y noche, para ayudar a reparar los daños visibles en el ADN.
Tecnología innovadora:
 - Sun Beauty presenta una nueva fórmula que combina la protección UVA/UVB con una innovadora Tecnología de Infrarrojos para una completa protección.
 - Además para un bronceado todavía más uniforme y dorado un nuevo Complejo Activador del Bronceado (TAC) mejora el legendario bronceado de Lancaster.",,,3616302022496,26.0000
000088804,"Sun Beauty Face Cream Spf30  ",lancaster-sun-beauty-face-cream-spf30-000088804,https://ultrafemme.com/media/catalog/product/b/l/blc40054050700_llcuff994k0lofdc.jpg,"Protector solar facial",,,569.000000,,,Lancaster,,,,"Lancaster sabe que un hermoso bronceado es el resultado de una protección de alta calidad. Hoy ofrecemos nuestra protección solar más completa, con una nueva fórmula que combina los rayos UVA / UVB con la nueva Tecnología Infrarrojos, para proteger aún más la piel de los daños causados ​​por la exposición solar. Esta crema aterciopelada asegura un hermoso bronceado dorado mientras preserva el tono y la elasticidad de la piel.",,,3616302022526,13.0000
000243102,"Golden Tan Maximizer After Sun Lotion",lancaster-golden-tan-maximizer-after-sun-lotion-125-ml-000243102,https://ultrafemme.com/media/catalog/product/b/l/blc40056151200_quik15r1whp32nhk.jpg,"Bronceador corporal",,,599.000000,,,Lancaster,,,,"After Sun en crema para el rostro y el cuerpo. Tan Maximizer Moisturizer After Sun de Lancaster calma e hidrata la piel después de la exposición al sol. Prolonga el bronceado hasta un mes.",,,3614227913974,29.0000
000045483,"Eye Contour Mask 30 ml",sisley-eye-contour-mask-30-ml-000045483,https://ultrafemme.com/media/catalog/product/4/5/45483_3473311421005_01_374c.png,,,,3700.000000,,,"Sisley Paris","Tila: suaviza, alivia, protege

Árnica: tonifica y alivia

Rosa: refresca, suaviza

Ginkgo Biloba: tonifica, protege

Glicerina vegetal: hidrata

Acetato de vitamina E: antioxidante

Clorela: revitaliza

Malaquita: refuerza las defensas de la piel contra los radicales libres

Provitamina B5 : suaviza y mantiene la hidratación de la epidermis",Mascarillas,,"<p>Es una mascarilla antiarrugas y antiojeras exprés especialmente formulada para la delicada zona del contorno del ojo. Gracias a una asociación inédita de activos de origen vegetal (ginkgo biloba, árnica, castaño de Indias y tila), de vitaminas (provitamina B5 y acetato de vitamina E) y oligoelementos (malaquita y clorela), actúa en 10 minutos para rehidratar y reducir las marcas de cansancio:</p><ul><li>Las pequeñas arrugas del contorno del ojo se reducen visiblemente.</li><li>Las bolsas y las ojeras se atenúan visiblemente.</li><li>Las defensas naturales del contorno del ojo se refuerzan. Al retirar la mascarilla, su textura original ""gel-patch"" deja una capa imperceptible de gran suavidad que sigue actuando tras la aplicación.</li></ul><p>Tolerancia probada bajo control dermatológico y oftalmológico.</p><p>Las arruguitas del contorno del ojo se reducen visiblemente; el contorno del ojo y los párpados se alisan. En 10 minutos, la delicada zona del contorno del ojo queda tonificada y los signos de cansancio desaparecen con total eficacia.</p>","Aplicar sobre la piel limpia y seca de 2 a 3 veces por semana, por la mañana o por la noche, en una capa gruesa sobre el contorno del ojo y los párpados. Dejar actuar 10 minutos y retirar sin aclarar.",,3473311421005,4.0000
000309916,"Revitalizing Supreme+ Moisturizer Youth Power Creme 50 ml",estee-lauder-revitalizing-supreme-moisturizer-youth-power-creme-50-ml-000309916,https://ultrafemme.com/media/catalog/product/3/0/309916_887167539532_01_7559.png,,"Todo tipo de piel",,2659.000000,,,"Estee Lauder","Ingredients: Water\Aqua\Eau, Dimethicone, Glycerin, Isohexadecane, Butylene Glycol, Bis-Peg-18 Methyl Ether Dimethyl Silane, Peg-10 Dimethicone, Disteardimonium Hectorite, Moringa Oleifera Seed Extract, Hibiscus Sinensis Flower Extract, Sodium Hyaluronate, Acetyl Hexapeptide-8, Laminaria Digitata Extract, Whey Protein\Lactis Protein\Proteine Du Petit-Lait, Opuntia Tuna Extract, Acetyl Glucosamine, Tocopheryl Acetate, Narcissus Tazetta Bulb Extract, Squalane, Algae Extract, Hypnea Musciformis (Algae) Extract, Pyrus Malus (Apple) Fruit Extract, Cucumis Sativus (Cucumber) Fruit Extract, Lens Esculenta (Lentil) Fruit Extract, Citrullus Lanatus (Watermelon) Fruit Extract, Silybum Marianum (Lady's Thistle) Extract, Gelidiella Acerosa Extract, Helianthus Annuus (Sunflower) Seed Extract, Sigesbeckia Orientalis (St. Paul's Wort) Extract, Caffeine, Hordeum Vulgare (Barley) Extract\Extrait D'orge, Sodium Lactate, Triticum Vulgare (Wheat) Germ Extract, Sorbitol, Propylene Glycol Dicaprate, Sucrose, Sodium Pca, Aminopropyl Ascorbyl Phosphate, Pentylene Glycol, Caprylyl Glycol, Propylene Carbonate, Polyethylene, Polysilicone-11, Peg-32, Peg-6, Disodium Edta, Isoceteth-20, Isododecane, Citric Acid, Fragrance (Parfum), Bht, Sodium Citrate, Potassium Sorbate, Sodium Dehydroacetate, Sodium Benzoate, Phenoxyethanol, Iron Oxides (Ci 77491) 
",Cremas,"Revitalizing Supreme","<p>El poder rejuvenecedor está dentro de tu piel. </p><p>Luce una apariencia más firme, radiante y profundamente nutrida, por primera vez con efecto reafirmante. Con nuestro complejo insignia RevitaKey™ que combina el poderoso efecto del extracto de moringa con efectivos reconstructores de colágeno como los péptidos, extractos de algas marinas y proteína de suero. </p><p>La tecnología RevitaKey™ motiva a la producción natural de colágeno, desbloqueando el potencial de la piel para lucir un aspecto más juvenil a través de componentes anti-edad. </p><ul><li>Mejora la firmeza, densidad y elasticidad de tu piel para una apariencia firme. </li><li>Reduce drásticamente la apariencia de líneas de expresión y arrugas. Devuelve a tu rostro su brillo sano y natural.
</li></ul>","<p>Aplicar sobre rostro y cuello limpios cada mañana, después de tu suero reparador.</p>","Revitalizing Supreme",887167539532,31.0000
000309922,"Re-Nutriv Ultimate Diamond Transformative Brilliance Serum 30 ml",estee-lauder-serum-ultimate-diamond-transformative-brilliance-suero-30-ml-000309922,https://ultrafemme.com/media/catalog/product/3/0/309922_887167557772_01_60a6.png,"Suero antimanchas","Todo tipo de piel",,6369.000000,,,"Estee Lauder","Ingredients: Water\Aqua\Eau, Dimethicone, Butylene Glycol, Isostearyl Neopentanoate, Vinyl Dimethicone/Methicone Silsesquioxane Crosspolymer, Polysorbate 20, Ascorbyl Glucoside, Glycerin, Tuber Melanosporum Extract, Laminaria Digitata Extract, Narcissus Tazetta Bulb Extract, Hydrolyzed Yeast Protein, Acetyl Hexapeptide-8, Aminopropyl Ascorbyl Phosphate, Sodium Hyaluronate, Molasses Extract\Saccharum Officinarum\Extrait De Melasse, Dipotassium Glycyrrhizate, Palmaria Palmata Extract, Scutellaria Baicalensis Root Extract, Pyrus Malus (Apple) Fruit Extract, Cucumis Sativus (Cucumber) Fruit Extract, Boswellia Serrata Extract, Fuscoporia Obliqua Extract, Sigesbeckia Orientalis (St. Paul's Wort) Extract, Pearl Powder, Gold, Caffeine, Algae Extract, Acetyl Glucosamine, Helianthus Annuus (Sunflower) Seed Extract, Tocopheryl Acetate, Coffea Arabica (Coffee) Seed Oil, Hordeum Vulgare (Barley) Extract\Extrait D'orge, Cordyceps Sinensis Extract, Ergothioneine, Hydrogenated Lecithin, Laminaria Saccharina Extract, Tocopherol, Lecithin, Yeast Extract\Faex\Extrait De Levure, Hydrolyzed Wheat Protein, Urea, Trehalose, Glucose, Cellulose, Citric Acid, Sodium Citrate, Sodium Pca, Sodium Hydroxide, Artemia Extract, Fragrance (Parfum), Xanthan Gum, Sclerotium Gum, Silica, Sodium Metabisulfite, Sodium Sulfite, Caprylyl Glycol, Pullulan, Polymethylsilsesquioxane, Triacetin, Polyquaternium-51, Ethylhexylglycerin, Phenyl Trimethicone, Bis-Stearyl Dimethicone, Polysilicone-11, Sodium Polyacryloyldimethyl Taurate, Isododecane, Propylene Glycol Dicaprate, Peg-11 Methyl Ether Dimethicone, Disodium Edta, Potassium Sorbate, Sodium Benzoate, Chlorphenesin, Sorbic Acid, Phenoxyethanol, Titanium Dioxide (Ci 77891), Mica, Red 4 (Ci 14700) 
",Sueros,"Re Nutriv","Piel radiante como un diamante: Luminosa, hermosa e inolvidable.","<p>Aplicar sobre rostro y cuello limpios antes del hidratante. Repetir mañana y noche.</p>","Re Nutriv",887167557772,13.0000
000316604,"Soft Clean Infusion Hydrating Essence Lotion With Amino Acid + Waterlily 400 ml",estee-lauder-soft-clean-infusion-hydrating-essence-lotion-with-amino-acid-waterlily-400-ml-000316604,https://ultrafemme.com/media/catalog/product/3/1/316604_887167561861_01_2143.png,"Loción hidratante",Seca,,799.000000,,,"Estee Lauder","Ingredients: Water\Aqua\Eau, Glycereth-26, Bis-Peg-18 Methyl Ether Dimethyl Silane, Polysorbate 20, Sucrose, Nymphaea Alba (Water Lily) Flower Extract, Sodium Hyaluronate, Trehalose, Dipotassium Glycyrrhizate, Caffeine, Glutamic Acid, Aspartic Acid, Serine, Leucine, Alanine, Lysine, Arginine, Tyrosine, Phenylalanine, Proline, Threonine, Valine, Isoleucine, Histidine, Glycine, Squalane, Passiflora Incarnata Flower Extract, Leontopodium Alpinum Extract, Lythrum Salicaria Extract, Hordeum Vulgare Extract\Extrait D'orge, Triticum Vulgare (Wheat) Germ Extract, Tocopherol, Sodium Pca, Linoleic Acid, Glycerin, Butylene Glycol, Urea, Sodium Palmitoyl Proline, Cholesterol, Sodium Levulinate, Dipropylene Glycol, Citric Acid, Polyvinyl Acetate, Triacetin, Bht, Sodium Citrate, Sodium Benzoate, Potassium Sorbate, Chlorphenesin, Sorbic Acid, Disodium Edta, Polyquaternium-51, Tromethamine, Carbomer, Fragrance (Parfum), Phenoxyethanol, Ethylhexylglycerin 
",Lociones,"Soft Clean Infusion","<p>Hidratación profunda de la piel durante todo el día. La piel se ve instantáneamente más radiante. </p><p>Contiene aminoácidos y extracto de flor de nenúfar que ayudan a atraer y mantener la hidratación en la piel. </p>","<p>Aplicar sobre rostro y cuello limpios antes del suero y humectante. Repetir mañana y noche.Estée Lauder, una de las primeras empresarias en el mundo, la marca continúa con su legado de crear los productos más innovadores, sofisticados y de alto desempeño para el cuidado de la piel y el maquillaje, así como fragancias icónicas, todo infundido con una profunda comprensión de las necesidades y deseos de la mujeres. Hoy Estée Lauder se conecta con mujeres de más de 150 países y territorios en todo el mundo y en una variedad de puntos de contacto en las tiendas y en línea. Y cada una de estas relaciones refleja constantemente los poderosos y auténticos puntos de vista de mujer a mujer de Estée.</p>","Soft Clean Infusion",887167561861,9.0000
000316605,"Advanced Night Repair Eye Supercharged Gel-Creme Synchronized Multi-Recovery Eye Cream 15 ml",estee-lauder-advanced-night-repair-eye-supercharged-gel-creme-15-ml-000316605,https://ultrafemme.com/media/catalog/product/3/1/316605_887167588509_01_9e4c.jpg,"Gel para contorno de ojos","Todo tipo de piel",,1629.000000,,,"Estee Lauder","Ingredients: Water\Aqua\Eau, Dimethicone, Methyl Trimethicone, Bifida Ferment Lysate, Dimethicone/Vinyl Dimethicone Crosspolymer, Propanediol, Petrolatum, Sucrose, Glycerin, Butylene Glycol, Acrylamide/Sodium Acryloyldimethyltaurate Copolymer, Trehalose, Tripeptide-32, Adansonia Digitata Seed Extract, Lavandula Angustifolia (Lavender) Flower Extract, Sodium Hyaluronate, Lactobacillus Ferment, Tocopheryl Acetate, Yeast Extract\Faex\Extrait De Levure, Hypnea Musciformis Extract, Sodium Rna, Caffeine, Squalane, Anthemis Nobilis Flower Oil, Poria Cocos Sclerotium Extract, Citrullus Lanatus (Watermelon) Fruit Extract, Lens Esculenta (Lentil) Fruit Extract, Pyrus Malus (Apple) Fruit Extract, Ethylhexylglycerin, Sodium Pca, Phytosphingosine, Hydrolyzed Algin, Hordeum Distichon (Barley) Extract\Extrait D'orge A Deux Rangs, Jojoba Esters, Triticum Vulgare (Wheat) Germ Oil, Hydrogenated Lecithin, Lecithin, Isohexadecane, Jojoba Alcohol, Isopropyl Jojobate, Peg/Ppg-18/18 Dimethicone, Polysorbate 80, Acrylates/C10-30 Alkyl Acrylate Crosspolymer, Tromethamine, Sorbitan Oleate, Sodium Lactate, Polysorbate 40, Potassium Gluconate, Tocopherol, Bht, Phenoxyethanol, Potassium Sorbate, Sodium Benzoate, Iron Oxides (Ci 77491), Iron Oxides (Ci 77492) 
",Cremas,"Advanced Night Repair","<p>Nuevo Advanced Night Repair Eye Supercharged Complex para una mirada renovada, con doble poder para combatir los efectos de los radicales libres, resistiendo la irritación causada por el ambiente con su exclusiva tecnología FR-Defense™ que activamente neutraliza los radicales libres con sus potentes antioxidantes. </p><ul><li>Ayuda a reparar el impacto visible de la falta de sueño, la luz azul, reduce las líneas de expresión y las ojeras.</li></ul>",,"Advanced Night Repair",887167588509,53.0000
000316598,"Advanced Night Repair Eye Supercharged Gel-Creme Duo 15 ml",estee-lauder-advanced-night-repair-eye-supercharged-gel-creme-synchronized-multi-recovery-duo-15-ml-000316598,https://ultrafemme.com/media/catalog/product/3/1/316598_887167608641_01_520b.jpg,"Gel antiedad","Todo tipo de piel",,2939.000000,,"Ayuda a reducir la apariencia de ojeras.
Doble acción contra radicales libres.
Los ojos muestran un aspecto brillante y descansado.
Reduce la irritación.
Combate los signos de envejecimiento.
Hasta 24 horas de hidratación.
Empaque hecho de materiales reciclados.","Estee Lauder","Water\Aqua\Eau, Dimethicone, Methyl Trimethicone, Bifida Ferment Lysate, Dimethicone/Vinyl Dimethicone Crosspolymer, Propanediol, Petrolatum, Sucrose, Glycerin, Butylene Glycol, Acrylamide/Sodium Acryloyldimethyltaurate Copolymer, Trehalose, Tripeptide-32, Adansonia Digitata Seed Extract, Lavandula Angustifolia (Lavender) Flower Extract, Sodium Hyaluronate, Lactobacillus Ferment, Tocopheryl Acetate, Yeast Extract\Faex\Extrait De Levure, Hypnea Musciformis Extract, Sodium Rna, Caffeine, Squalane, Anthemis Nobilis Flower Oil, Poria Cocos Sclerotium Extract, Citrullus Lanatus (Watermelon) Fruit Extract, Lens Esculenta (Lentil) Fruit Extract, Pyrus Malus (Apple) Fruit Extract, Ethylhexylglycerin, Sodium Pca, Phytosphingosine, Hydrolyzed Algin, Hordeum Distichon (Barley) Extract\Extrait D'Orge A Deux Rangs, Jojoba Esters, Triticum Vulgare (Wheat) Germ Oil, Hydrogenated Lecithin, Lecithin, Isohexadecane, Jojoba Alcohol, Isopropyl Jojobate, Peg/Ppg-18/18 Dimethicone, Polysorbate 80, Acrylates/C10-30 Alkyl Acrylate Crosspolymer, Tromethamine, Sorbitan Oleate, Sodium Lactate, Polysorbate 40, Potassium Gluconate, Tocopherol, Bht, Phenoxyethanol, Potassium Sorbate, Sodium Benzoate, Iron Oxides (Ci 77491), Iron Oxides (Ci 77492) <ILN50654>",Cremas,"Advanced Night Repair"," Advanced Night Repair Eye Supercharged Complex para una mirada renovada, con doble poder para combatir los efectos de los radicales libres, resistiendo la irritación causada por el ambiente con su exclusiva tecnología FR-Defense™ que activamente neutraliza los radicales libres con sus potentes antioxidantes. 

Ayuda a reparar el impacto visible de la falta de sueño, la luz azul, reduce las líneas de expresión y las ojeras.
Se ha demostrado que los ojos muestran un aspecto brillante y visiblemente despierto.
Su  textura ligera en gel se absorbe rápidamente, dejando la piel suave y sedosa.","Aplica en la mañana y noche alrededor de la zona de los ojos.","Advanced Night Repair",887167608641,17.0000
000316599,"Advanced Night Repair Set 50 ml",estee-lauder-advanced-night-repair-suero-y-advanced-night-repair-eye-supercharged-multi-recovery-gel-creme-50-ml-000316599,https://ultrafemme.com/media/catalog/product/3/1/316599_887167612051_01_3b8c.jpg,"Suero antiedad",,,3649.000000,,"Este set exclusivo de viaje es perfecto para maximizar un sueño reparador. Por la noche, repare con advanced night repair. Reduce significativamente la apariencia de múltiples signos de envejecimiento causado por los ataques ambientales de la vida moderna. Eye gel creme revela ojos brillantes, hidratados y visiblemente revitalizados. Recomendaciones de uso: aplica el suero por toda la cara y cuello. Aplica eye gel-crème sobre el contorno de los ojos.","Estee Lauder",,Sueros,"Advanced Night Repair","Este set exclusivo de viaje es perfecto para maximizar un sueño reparador.
Por la noche, repare con Advanced Night Repair. Reduce significativamente la apariencia de múltiples signos de
envejecimiento causado por los ataques ambientales de la vida moderna.
Se ha demostrado que este completo Eye Gel Creme revela ojos brillantes, hidratados y visiblemente revitalizados. Nuestro supercargado complejo con ácido hialurónico, infunde a la piel con vitalidad humedad. Revela ojos que lucen radiantes, descansados y suaves.","Aplica el suero por toda la cara y cuello.
Aplica Eye Gel-Crème sobre el contorno de los ojos.","Advanced Night Repair",887167612051,28.0000
000207270,"Strobe Cream",mac-strobe-cream-pinklite-000207270,https://ultrafemme.com/media/catalog/product/2/0/207270_773602422029_01_bb80.jpg,"Crema iluminadora",,,639.000000,,"Iluminación, suavidad y hidratación.",MAC,"Water\Aqua\Eau, Dimethicone, Butylene Glycol, Cetyl Ricinoleate, Glyceryl Distearate, Trisiloxane, Glyceryl Stearate Se, Cholesterol, Simmondsia Chinensis (Jojoba) Seed Oil, Steareth-10, Cetyl Esters, Cetyl Alcohol, Silica, Vitis Vinifera (Grape) Fruit Extract, Camellia Sinensis (Green Tea) Leaf Extract, Pyrus Malus (Apple) Fruit Extract, Morus Bombycis (Mulberry) Root Extract, Scutellaria Baicalensis Root Extract, Saccharomyces Lysate Extract, Tocopheryl Acetate, Sodium Hyaluronate, Panthenol, Ceramide Ng, Xanthan Gum, Sucrose, Glycerin, Cyanocobalamin, Tin Oxide, Caprylyl Glycol, Magnesium Ascorbyl Phosphate, Hexylene Glycol, Polysorbate 80, Sodium Citrate, Sodium Sulfite, Sodium Metabisulfite, Acrylamide/Sodium Acryloyldimethyltaurate Copolymer, Linoleic Acid, Isohexadecane, Citric Acid, Fragrance (Parfum), Edta, Disodium Edta, Phenoxyethanol, Mica, Titanium Dioxide (Ci 77891), Red 4 (Ci 14700) 
",Cremas,,"Crema iluminadora humectante con partículas aperladas que aporta vitalidad y luminosidad a la piel mientras proporciona humectación a largo plazo a través de un sistema de liberación prolongada. Su innovadora fórmula está enriquecida con té verde, antioxidantes naturales y vitaminas B5, B12, A y E que suavizan y aportan Glow deslumbrante sobre el rostro.
","Aplicar directamente sobre la piel con los dedos o con ayuda de la brocha 109. * Para un brillo más sutil y natural, mezcla la Strobe Cream con tu base de maquillaje favorita.
",,773602422029,7.0000
000207274,"Strobe Cream",mac-strobe-cream-goldlite-000207274,https://ultrafemme.com/media/catalog/product/2/0/207274_773602422050_01_cf23.jpg,"Crema iluminadora",,,639.000000,,"Iluminación, suavidad y hidratación.",MAC,"Water\Aqua\Eau, Dimethicone, Butylene Glycol, Cetyl Ricinoleate, Glyceryl Distearate, Trisiloxane, Glyceryl Stearate Se, Cholesterol, Simmondsia Chinensis (Jojoba) Seed Oil, Steareth-10, Cetyl Esters, Cetyl Alcohol, Silica, Vitis Vinifera (Grape) Fruit Extract, Camellia Sinensis (Green Tea) Leaf Extract, Pyrus Malus (Apple) Fruit Extract, Morus Bombycis (Mulberry) Root Extract, Scutellaria Baicalensis Root Extract, Saccharomyces Lysate Extract, Tocopheryl Acetate, Sodium Hyaluronate, Panthenol, Ceramide Ng, Xanthan Gum, Sucrose, Glycerin, Cyanocobalamin, Tin Oxide, Caprylyl Glycol, Magnesium Ascorbyl Phosphate, Hexylene Glycol, Polysorbate 80, Sodium Citrate, Sodium Sulfite, Sodium Metabisulfite, Acrylamide/Sodium Acryloyldimethyltaurate Copolymer, Linoleic Acid, Isohexadecane, Citric Acid, Fragrance (Parfum), Edta, Disodium Edta, Phenoxyethanol, Mica, Titanium Dioxide (Ci 77891), Red 4 (Ci 14700) 
",Cremas,,"Crema iluminadora humectante con partículas aperladas que aporta vitalidad y luminosidad a la piel mientras proporciona humectación a largo plazo a través de un sistema de liberación prolongada. Su innovadora fórmula está enriquecida con té verde, antioxidantes naturales y vitaminas B5, B12, A y E que suavizan y aportan Glow deslumbrante sobre el rostro.
","Aplicar directamente sobre la piel con los dedos o con ayuda de la brocha 109. * Para un brillo más sutil y natural, mezcla la Strobe Cream con tu base de maquillaje favorita.
",,773602422050,5.0000
000207270-000207270,"Strobe Cream",mac-strobe-cream,https://ultrafemme.com/media/catalog/product/2/0/207270_773602422029_01_bb80.jpg,"Crema iluminadora",,,,,"Iluminación, suavidad y hidratación.",MAC,"Water\Aqua\Eau, Dimethicone, Butylene Glycol, Cetyl Ricinoleate, Glyceryl Distearate, Trisiloxane, Glyceryl Stearate Se, Cholesterol, Simmondsia Chinensis (Jojoba) Seed Oil, Steareth-10, Cetyl Esters, Cetyl Alcohol, Silica, Vitis Vinifera (Grape) Fruit Extract, Camellia Sinensis (Green Tea) Leaf Extract, Pyrus Malus (Apple) Fruit Extract, Morus Bombycis (Mulberry) Root Extract, Scutellaria Baicalensis Root Extract, Saccharomyces Lysate Extract, Tocopheryl Acetate, Sodium Hyaluronate, Panthenol, Ceramide Ng, Xanthan Gum, Sucrose, Glycerin, Cyanocobalamin, Tin Oxide, Caprylyl Glycol, Magnesium Ascorbyl Phosphate, Hexylene Glycol, Polysorbate 80, Sodium Citrate, Sodium Sulfite, Sodium Metabisulfite, Acrylamide/Sodium Acryloyldimethyltaurate Copolymer, Linoleic Acid, Isohexadecane, Citric Acid, Fragrance (Parfum), Edta, Disodium Edta, Phenoxyethanol, Mica, Titanium Dioxide (Ci 77891), Red 4 (Ci 14700) 
",Cremas,,"Crema iluminadora humectante con partículas aperladas que aporta vitalidad y luminosidad a la piel mientras proporciona humectación a largo plazo a través de un sistema de liberación prolongada. Su innovadora fórmula está enriquecida con té verde, antioxidantes naturales y vitaminas B5, B12, A y E que suavizan y aportan Glow deslumbrante sobre el rostro.
","Aplicar directamente sobre la piel con los dedos o con ayuda de la brocha 109. * Para un brillo más sutil y natural, mezcla la Strobe Cream con tu base de maquillaje favorita.
",,,12.0000
000211568,"Clinique For Men Maximum Hydrator Activated Water-Gel Concentrate 48 ml",clinique-for-men-maximum-hydrator-activated-water-gel-concentrate-000211568,https://ultrafemme.com/media/catalog/product/2/1/211568_20714860790_01_dcd5.png,"Gel hidratante","Todo tipo de piel",,829.000000,,,Clinique,,Geles,"Clinique For Men","<p>¿Qué es? </p><p>Hidratante concentrado que refresca e hidrata hasta la piel más deshidratada. 
</p>",,"Clinique For Men",20714860790,5.0000
000160601,"Great Skin Starts Here Set 200 ml",clinique-great-skin-starts-here-set-with-dramatically-differentand-moisturizing-lotion-000160601,https://ultrafemme.com/media/catalog/product/1/6/160601_20714699680_01_1ce8.jpg,Varios,,,709.000000,,,Clinique,,Sets,"Great Skin","Cuidado de la piel en 3 pasos desarrollado por dermatólogos, personalizado para darle a tu piel exactamente lo que necesita para tener una piel excelente. Este set incluye tamaños de viaje de liquid facial soap mild y clarifying lotion (2) Además, una loción hidratante dramáticamente diferente para suavizar, suavizar y mejorar tu piel. Probado para alergias. 100% libre de fragancias.",,"Great Skin",20714699680,3.0000
000316644,"Moisture Surge Hydro-Infused Lotion 200 ml",clinique-moisture-surge-hydro-infused-lotion-000316644,https://ultrafemme.com/media/catalog/product/3/1/316644_192333105207_01_15eb.png,,"Todo tipo de piel",Mujer,879.000000,,"Hidratante, Humectante, Agranda",Clinique,,Lociones,"Moisture Surge","La loción acuosa reparadora infunde a la piel una hidratación estabilizadora y refina la textura, dejando un brillo luminoso.",,"Moisture Surge",192333105207,9.0000
000294563,"All About Moisture Set 75 ml",clinique-set-all-about-moisture-000294563,https://ultrafemme.com/media/catalog/product/2/9/294563_192333095157_01_21b5.png,Varios,,,989.000000,,,Clinique,,Sets,"Moisture Surge","El set contiene un 100H Auto-Replenishing Hydrator, un All About Eyes Serum y un Moisture Surge Face Spray",,"Moisture Surge",192333095157,76.0000
000309942,"Clinique Smart Clinical Repair Wrinkle Correcting Eye Cream 15 ml",clinique-smart-clinical-repair-wrinkle-correcting-eye-cream-000309942,https://ultrafemme.com/media/catalog/product/3/0/309942_192333102749_01_17e8.jpg,"Crema antiedad",,Mujer,1249.000000,,"Fortalecedor, Reducción de arrugas y líneas de edad, Smoothing, Hidratante",Clinique,,Cremas,"Clinique Smart Clinical Repair","Nuestro luchador contra las arrugas más inteligente, ahora para los ojos. Esta potente crema para ojos correctora de arrugas ayuda a disminuir visiblemente la apariencia de líneas y arrugas alrededor del área de los ojos y fortalecer la piel desde múltiples ángulos: Aumenta la producción natural de colágeno, refuerza la estructura natural de la piel y la fortalece con hidratación. La piel alrededor de los ojos se siente más fuerte y luce más suave.
",,"Clinique Smart Clinical Repair",192333102749,41.0000
000044872,"7 Day Scrub Cream Rinse-Off Formula 100 ml",clinique-7-day-scrub-rinse-off-cream-100-ml-000044872,https://ultrafemme.com/media/catalog/product/4/4/44872_20714045159_01_fbeb.jpg,,"Todo tipo de piel",Mujer,599.000000,,Exfoliante,Clinique,,Cremas,"Rinse Off","<p>¿Qué es? </p><p>Crema suave exfoliante que pule y refina la textura de la piel. </p><p>¿Qué hace?</p><p> Crema exfoliante desarrollada por dermatólogos que refina la textura de la piel, ayuda a suavizar y pulir la piel y destapa los poros. Además, ayuda a minimizar la aparencia de finas líneas y secas. El exfoliante despeja el camino para la humedad y la aplicación del maquillaje. </p><p>Ingredientes / Tecnología clave:</p><ul><li>La sílica proporciona una exfoliación suave en esta crema a base de agua. 100ml</li></ul><p>Nuestra filosofía de pureza:</p><ul><li>Sin parabenos.</li><li> Sin ftalatos.</li><li> Sin fragancia.</li><li> Piel simplemente feliz.
</li></ul>",,"Rinse Off",20714045159,8.0000
000147415,"Clinique For Men Moisturizing Lotion 100 ml",clinique-for-men-moisturizing-lotion-100-ml-000147415,https://ultrafemme.com/media/catalog/product/1/4/147415_20714649562_01_9e41.jpg,"Loción facial",Seca,Hombre,699.000000,,Humectante,Clinique,,Lociones,"Clinique For Men","Fórmula ligera, otorga humectación que dura todo el día, más ingredientes que fortalecen la piel. Se absorbe rápidamente.
",,"Clinique For Men",20714649562,6.0000
000302289,"Clinique For Men Oil-Free Moisturizer 100 ml",clinique-for-men-oil-free-moisturizer-100-ml-000302289,https://ultrafemme.com/media/catalog/product/3/0/302289_192333116203_01_70af.png,"Loción hidratante",Grasa,Hombre,699.000000,,Humectante,Clinique,,Cremas,"Clinique For Men","Un humectante facial hidratante sin aceite para hombres con piel normal a grasa. Fórmula liviana y no grasosa. Enriquecido con extractos de semillas de girasol, cebada y pepino para fortalecer la piel. Equilibra las pieles más grasas y matifica el exceso de grasa superficial durante el día.",,"Clinique For Men",192333116203,4.0000
000123046,"Moisture Surge Overnight Mask 100 ml",clinique-moisture-surge-overnight-mask-100-ml-000123046,https://ultrafemme.com/media/catalog/product/1/2/123046_20714576219_01_76e8.png,,"Todo tipo de piel",Mujer,699.000000,,"Hidratante, Humectante",Clinique,,Mascarillas,"Moisture Surge","<p>¿Qué es?&nbsp; &nbsp; &nbsp;</p><p>Mascarilla facial cremosa libre de aceites, humecta a profundidad mientras duermes. Despiértate con un brillo fresco en la mañana. </p><p>      ¿Qué hace?</p><p>     ¿Sabías que la piel pierde humedad mientras duermes? Esta rica penetrante masacarilla repone la piel toda la noche. Alivia y nutre ayudando a la piel a mantenerse hidratada. Te despertarás con una piel suave, húmeda y brillante. </p><p>Recomendado para todo tipo de piel. Libre de aceite. Probado oftalmológicamente. </p><p>      Nuestra filosofía de pureza:&nbsp; &nbsp; </p><ul><li>Sin parabenos.</li><li> Sin ftalatos.</li><li> Sin fragancia.</li><li> Piel simplemente feliz.
</li></ul>",,"Moisture Surge",20714576219,2.0000
000044876,"Take The Day Off Makeup Remover For Lids, Lashes & Lips 125 ml",clinique-desmaquillante-take-the-day-off-125-ml-000044876,https://ultrafemme.com/media/catalog/product/4/4/44876_20714146559_01_b09d.png,,"Todo tipo de piel",Mujer,539.000000,,"Remueve el maquillaje",Clinique,,Desmaquillantes,"Take The Day Off","<p>¿Qué es? </p><p>Nuestro removedor de maquillaje más vendido. La fórmula elimina el maquillaje sin tener que tirar de la piel. </p><p>¿Qué hace?</p><p> Disuelve y elimina el maquillaje de larga duración, incluso la mascara de pestaña a prueba de agua. No irrita y no pica.</p><p>Nuestra filosofía de pureza:</p><ul><li>Sin parabenos.</li><li> Sin ftalatos.</li><li> Sin fragancia.</li><li> Piel simplemente feliz.
</li></ul>",,"Take The Day Off",20714146559,11.0000
000044905,"Take The Day Off Cleansing Balm 125 ml",clinique-desmaquillante-take-the-day-off-balm-125-ml-000044905,https://ultrafemme.com/media/catalog/product/4/4/44905_20714215552_01_0a35.png,,"Todo tipo de piel",Mujer,829.000000,,"Limpiador, Remueve el maquillaje",Clinique,,Bálsamos,"Take The Day Off","<p>¿Qué es?</p><p> Nuestro removedor de maquillaje #1 en una fórmula de bálsamo sedoso.
</p>",,"Take The Day Off",20714215552,21.0000
000044901,"Dramatically Different Moisturizing Gel",clinique-dramatically-differentand-moisturizing-gel-125-ml-000044901,https://ultrafemme.com/media/catalog/product/4/4/44901_20714222857_01_beb4.jpg,"Gel hidratante",Grasa,Mujer,709.000000,,"Humectante, Control de grasa",Clinique,"Water (Aqua Purificata) Purified, Dimethicone, Isododecane, Butylene Glycol, Bis-Peg-18 Methyl Ether Dimethyl Silane, Glycerin, Laminaria Saccharina Extract, Lactobacillus Ferment, Polygonum Cuspidatum Root Extract, Saccharomyces Lysate Extract, Cucumis Sativus (Cucumber) Fruit Extract, Hordeum Vulgare (Barley) Extract, Helianthus Annuus (Sunflower) Seedcake, Caffeine, Trehalose, Sodium Hyaluronate, Tocopheryl Acetate, Chamomilla Recutita (Matricaria), Polysilicone-11, Silica, Propylene Glycol Dicaprate, Oleth-10, Laureth-23, Laureth-4, Ammonium Acryloyldimethyltaurate/Vp Copolymer, Carbomer, Tromethamine, Disodium Edta, Phenoxyethanol, Methylparaben, Yellow 5 (Ci 19140), Red 4 (Ci 14700), Yellow 6 (Ci 15985) 
",Geles,"Dramatically Different","<p>¿Qué es? </p><p>Paso 3 en nuestro Sistema de 3 Pasos personalizado. El humectante sin aceite desarrollado por dermatólogos suaviza y mejora la piel, dejando la piel hidratada. </p><p>¿Qué hace?</p><p> Combina una hidratacion sin aceite con ingredientes que fortalecen la piel. Se difumina fácilmente y se absorbe rápidamente. Balancea y refresca las pieles más grasas. El secreto en nuestro sistema. Nuestro revolucionario Sistema de 3 Pasos fue creado por un reconocido dermatólogo. Es simple, personalizado y toma tres minutos, dos veces al día: limpia con Facial Soap, exfolia con Clarifying Lotion, humecta con Dramatically Different Moisturizing Lotion+, Gel libre de aceite o Jelly ligero.</p>",,"Dramatically Different",20714222857,29.0000
000095168,"Dramatically Different Moisturizing Gel Duo 125 ml",clinique-dramatically-different-moisturizing-gel-125ml-000095168,https://ultrafemme.com/media/catalog/product/9/5/95168_20714458669_01_7873.jpg,"Gel hidratante",Grasa,Mujer,1209.000000,,,Clinique,,Sets,"Dramatically Different","El set contiene dos Dramatically Different Moisturizing Gel de 125 ml.

Humectante desarrolado por Dermatólogos de uso diario con ingredientes que fortalecen la piel. Suaviza, empareja, mejora.",,"Dramatically Different",20714458669,15.0000
000133987,"Dramatically Different Moisturizing Lotion+ Duo 125 ml",clinique-dramatically-different-moisturizing-lotion-125-ml-pump-duo-125-ml-000133987,https://ultrafemme.com/media/catalog/product/1/3/133987_20714636289_01_8459.jpg,"Loción hidratante",Seca,,1209.000000,,,Clinique,,Lociones,"Dramatically Different","Contiene dos Dramatically Different Moisturizing Lotion+ de 125 ml.

Esta loción desarrollada por dermatólogos es el humectante facial n.° 1 de Clinique. Esta loción humectante sedosa y de rápida absorción con urea pura y glicerina pura fortalece rápidamente la barrera cutánea.

Probada por dermatólogos. Probada contra alergias. 100 % libre de fragancias.",,"Dramatically Different",20714636289,11.0000
000147413,"Clinique For Men Aloe Shave Gel 125 ml",clinique-for-men-aloe-shave-gel-125-ml-000147413,https://ultrafemme.com/media/catalog/product/1/4/147413_20714673529_01_f394.png,"Gel para afeitar","Todo tipo de piel",Hombre,419.000000,,,Clinique,,Geles,"Clinique For Men","Gel rico en sábila, suaviza y protege el rostro para una afeitada suave y al ras. Libre de aceite.
",,"Clinique For Men",20714673529,14.0000
000294564,"Moisture Surge 100H Auto-Replenishing Hydrator Ultra Hydration Set 125 ml",clinique-moisture-surge-ultra-hydration-set-125-ml-000294564,https://ultrafemme.com/media/catalog/product/2/9/294564_192333095164_01_53b0.png,Varios,"Todo tipo de piel",,1509.000000,,,Clinique,,Sets,"Moisture Surge","El set contiene un 100H Auto-Replenishing Hydrator, un All About Eyes Serum y un Moisture Surge Face Spray",,"Moisture Surge",192333095164,55.0000
000063958,"Clinique For Men Anti-Age Eye Cream 15 ml",clinique-for-men-anti-age-eye-cream-15-ml-000063958,https://ultrafemme.com/media/catalog/product/6/3/63958_20714382742_01_adfb.png,"Crema antiedad",,,749.000000,,"Reducción de arrugas y líneas de edad, Desinflamante, Hidratante, Iluminador",Clinique,,Cremas,"Clinique For Men","La piel en el área de los ojos es la que normalmente muestra los signos del envejecimiento primero. Este tratamiento hidratante combate las líneas y arrugas en el área de ojos para una apariencia más joven. Suaviza con humectación y da luz al rostro. Probado por oftalmólogos.
",,"Clinique For Men",20714382742,30.0000
000037124,"All About Eyes Eye Cream 15 ml",clinique-all-about-eyes-15-ml-crema-de-ojos-15-ml-000037124,https://ultrafemme.com/media/catalog/product/3/7/37124_20714157760_01_e421.png,"Crema para contorno de ojos","Todo tipo de piel",Mujer,749.000000,,"Desinflamante, Iluminador, Hidratante",Clinique,,Cremas,"All About Eyes","Esta crema de ojos ligera disminuye la apariencia de bolsas y ojeras. Ayuda a fijar el maquillaje por más tiempo y evita que se agriete. Para usarlo día y noche en el contorno de ojos y párpados. Oftalmológicamente probado.
",,"All About Eyes",20714157760,16.0000
000044926,"All About Eyes Rich 15 ml",clinique-all-about-eyes-rich-15-ml-crema-para-ojos-15-ml-000044926,https://ultrafemme.com/media/catalog/product/4/4/44926_20714287047_01_81d3.png,"Crema para contorno de ojos","Todo tipo de piel",Mujer,749.000000,,"Desinflamante, Hidratante",Clinique,,Cremas,"All About Eyes","Crema para ojos rica en humectación, disminuye la apariencia de ojeras, sombras en los ojos y líneas finas, tanto al instante como con el paso del tiempo. Deshincha, calma con hidratación. Fortalece la barrera de humectación de la piel contra irritantes comunes. Probado por oftalmólgos.
",,"All About Eyes",20714287047,14.0000
000262488,"Moisture Surge Eye 96-Hour Hydro-Filler Concentrate 15 ml",clinique-moisture-surge-eye-96-hour-hydro-filler-concentrate-15-ml-000262488,https://ultrafemme.com/media/catalog/product/2/6/262488_20714984236_01_90e9.png,"Gel hidratante",,Mujer,749.000000,,"Iluminador, Hidratante",Clinique,,Geles,"Moisture Surge Eye","<p>¿Qué es?</p><p>Gel de agua ultra ligero que inunda instantáneamente la delicada área de los ojos con 96 horas de hidratación continua, que rellena las líneas.</p><p>¿Qué hace?</p><p>Instantáneamente refresca, reafirma e ilumina la piel. Brinda hidratación continua a la delicada área de los ojos por 96 horas, mientras que las esferas de lípidos encapsuladas ayudan a reconstruir la piel delgada y seca del contorno de ojos.</p><p>Ingredientes/Tecnología Clave:</p><ul><li> Tecnología de auto-reposición de esferas lipídicas:  La tecnología de auto-reposición de Moisture Surge trabaja de la mano junto con nuestras esferas lipídicas para inundar la piel con hidratación continua durante 96 horas. </li><li>La manteca de aloe (compuesta de aceite de coco infundido con extracto de hoja de aloe) + vitaminas antioxidantes   Cy E  - cubre la piel con una capa protectora para hidratar y fortalecer la barrera de la piel. </li><li>Ayuda a crear una apariencia hidratada y lisaPéptidos:  Una mezcla de péptidos funciona de forma sinérgica para que la piel se vea más lisa y más joven. </li><li>Extracto de microalgas verdes: Promueve la síntesis de proteínas, trabajando para estimular y apoyar la producción natural de colágeno y elastina.</li><li>Extractos de té verde y pepino:  Refrescan la piel fatigada del contorno de ojos.Extracto de algas / extracto de fermentación de alteromonas / sacarosa:  Trabajan para calmar la delicada zona de los ojos.</li></ul><p>Nuestra filosofía de pureza:</p><ul><li>Sin parabenos.</li><li> Sin ftalatos.</li><li> Sin fragancia.</li><li> Piel simplemente feliz.
</li></ul>",,"Moisture Surge Eye",20714984236,3.0000
000157115,"All About Clean Foaming Facial Soap 150 ml",clinique-all-about-cleanand-facial-cremoso-y-espumoso-150-ml-000157115,https://ultrafemme.com/media/catalog/product/1/5/157115_20714672164_01_939b.png,,Seca,,589.000000,,Limpiador,Clinique,,Jabones,"All About Clean","<p>Jabón facial cremoso y espumoso creado especialmente para el Cepillo Sonic Cleansing Brush. Ayuda a que las cerdas se deslicen con facilidad sobre la piel. Remueve suave y eficazmente impurezas, exceso de grasa para una piel más limpia y tersa. Libre de aceite.</p><p>¿Qué es?</p><p>Jabón facial espumos especialmente formulado para una limpieza sónica.</p><p>       ¿Qué hace? </p><p>    La espuma cremosa protege la piel para que el cepillo sónico se deslice con facilidad y limpie suavemente. Remueve suciedad, exceso de grasa e impurezas dejando una piel más suave y clara. Suavemente ayuda a eliminar el estrés de la contaminacion para que la piel luzca más joven por más tiempo. </p><p>Nuestra filosofía de pureza:&nbsp; &nbsp; </p><ul><li>Sin parabenos. </li><li>Sin ftalatos. </li><li>Sin fragancia.</li><li> Piel simplemente feliz.
</li></ul>",,"All About Clean",20714672164,5.0000
000045029,"Broad Spectrum SPF 50 Sunscreen Body Cream 150 ml",clinique-broad-spectrum-spf-50-sunscreen-body-cream-150-ml-000045029,https://ultrafemme.com/media/catalog/product/4/5/45029_20714352967_01_e5c0.png,,"Todo tipo de piel",,1089.000000,,,Clinique,,"Protectores solares","Sun Protection","<p>Tecnología innovadora SolarSmart que estabiliza la protección de alto nivel contra los efectos de envejecimiento y quemaduras de los rayos UVA y UVB. Con antioxidantes que se activan con el sol para prevenir el daño visible. Suficientemente suave para pieles sensibles. Probado dermatológicamente. Libre de aceite.</p><p>Nuestra Filosofía de pureza:</p><ul><li> Sin parabenos. </li><li>Sin ftalatos. </li><li>Sin fragancia. </li><li>Piel simplemente feliz.
</li></ul>",,"Sun Protection",,17.0000
000147405,"Face Wash 200 ml",clinique-for-men-face-wash-200-ml-000147405,https://ultrafemme.com/media/catalog/product/1/4/147405_20714672072_01_0452.png,,Seca,,349.000000,,Limpiador,Clinique,,Espumas,"Clinique For Men","Fórmula libre de aceite que limpia a profundidad pieles normales a grasas, removiendo el exceso de grasa en la superficie de la piel. Deja la piel sintiéndose fresca y cómoda sin sensación tirante o seca. Prepara la piel para una rasurada cómoda.",,"Clinique For Men",20714672072,11.0000
000044994,"Clarifying Lotion 2",clinique-clarifying-lotion-2-200-ml-000044994,https://ultrafemme.com/media/catalog/product/4/4/44994_20714462765_01_b5c5.jpg,,Mixta,Mujer,479.000000,,"<ul><li>La fórmula suave y refrescante marca la diferencia para una piel sana. Elimina la contaminación, suciedad, piel muerta dejando una piel más lisa y clara.</li><li>Deja fresca tu piel gracias a la fórmula que incluye Hamamelis, un purificante que deja la piel limpia y refrescada.</li><li>Prepara la piel para el hidratante - exfoliar la piel hace que la piel sea más receptiva a los hidratantes y tratamientos.</li><li>Para pieles más grasas, la exfoliación dos veces al día ayuda a minimizar el exceso de grasa en la piel y deja los poros limpios.</li><li>Para pieles más secas, la exfoliación dos veces al día ayuda a remover la piel muerta que pueden obstruir la absorción de la humedad. Incluso, ayuda a disminuir las finas líneas.</li></ul>",Clinique,"Water\Aqua\Eau, Alcohol Denat., Glycerin, Hamamelis Virginiana (Witch Hazel) Extract, Acetyl Glucosamine, Trehalose, Sodium Hyaluronate, Butylene Glycol, Sodium Bicarbonate, Red 6 (Ci 15850), Red 33 (Ci 17200), Ext. Violet 2 (Ci 60730) <ILN46333>",Lociones,,"Fórmula desarrollada por dermatólogos que revela una piel más suave y saludable. Remueve las células muertas para que el hidratante actúe con más eficacia. Para tipo de piel mixta a seca.",,,20714462765,57.0000
000044904,"All About Clean Liquid Facial Soap Oily Skin Formula 200 ml",clinique-facial-soap-oily-skin-200-ml-000044904,https://ultrafemme.com/media/catalog/product/4/4/44904_20714227685_01_72bf.jpg,,Grasa,Mujer,509.000000,,,Clinique,,Jabones,"All About Clean","<p>Jabón líquido facial desarrollado por dermatólogos es el primer paso para una piel saludable. Este limpiador suave se enjuaga rápidamente y no reseca la piel. Deja la piel con una sensación de frescura.
</p><p>
Probado por dermatólogos. Probado por oftalmólogos. Probado contra alergias. 100 % libre de fragancias.</p>",,"All About Clean",20714227685,19.0000
000045006,"All About Clean Liquid Facial Soap Mild 200 ml",clinique-liquid-facial-soap-200-ml-000045006,https://ultrafemme.com/media/catalog/product/4/5/45006_20714227661_01_5809.png,,Seca,Mujer,509.000000,,Limpiador,Clinique,,Jabones,"All About Clean","<p>¿Qué es?</p><p> Es el Paso 1 en nuestro Sistema de 3 Pasos personalizado. El jabón líquido desarrollado por dermatólogos limpia suavemente y a profundidad.
</p>",,"All About Clean",20714227661,13.0000
000294561,"100H Auto-Replenishing Hydrator 200 ml",clinique-moisture-surge-100h-auto-replenishing-hydrator-200-ml-000294561,https://ultrafemme.com/media/catalog/product/2/9/294561_192333066966_01_702a.png,"Crema hidratante","Todo tipo de piel",,2349.000000,,,Clinique,,Cremas,"Moisture Surge","Hidratante facial refrescante sin aceite con biofermento de aloe y ácido hialurónico que brinda hidratación instantánea que alivia en 3 segundos. El 100 % muestra un aumento instantáneo de la hidratación y el brillo.

Probado por dermatólogos. Seguro para pieles sensibles. Probado contra alergias. 100 % libre de fragancias.",,"Moisture Surge",192333066966,30.0000
000294558,"Moisture Surge 100H Auto-Replenishing Hydrator",clinique-moisture-surge-100h-auto-replenishing-hydrator-30-ml-000294558,https://ultrafemme.com/media/catalog/product/2/9/294558_192333066928_01_9015.jpg,"Crema hidratante","Todo tipo de piel",Mujer,519.000000,,"Hidratante, Agranda",Clinique,"Water\Aqua\Eau, Dimethicone, Butylene Glycol, Glycerin, Trisiloxane, Trehalose, Sucrose, Ammonium Acryloyldimethyltaurate/Vp Copolymer, Hydroxyethyl Urea, Camellia Sinensis (Green Tea) Leaf Extract, Silybum Marianum (Lady's Thistle) Extract, Betula Alba (Birch) Bark Extract, Saccharomyces Lysate Extract, Aloe Barbadensis Leaf Water, Aloe Barbadensis Leaf Extract, Thermus Thermophillus Ferment, Caffeine, Sorbitol, Palmitoyl Hexapeptide-12, Sodium Hyaluronate, Caprylyl Glycol, Oleth-10, Sodium Polyaspartate, Aloe Barbadensis Leaf Polysaccharides, Lactobacillus Ferment Lysate, Saccharide Isomerate, Hydrogenated Lecithin, Tocopheryl Acetate, Acrylates/C10-30 Alkyl Acrylate Crosspolymer, Glyceryl Polymethacrylate, Tromethamine, Peg-8, Hexylene Glycol, Magnesium Ascorbyl Phosphate, Citric Acid, Bht, Disodium Edta, Sodium Citrate, Potassium Sorbate, Sodium Benzoate, Phenoxyethanol, Red 4 (Ci 14700), Yellow 5 (Ci 19140) 
",Cremas,"Moisture Surge","<p>¿Qué es?</p><p>Una actualización de nuestro humectante favorito, refrescante fórmula crema en gel sin aceite con exclusivo biofermento de aloe y ácido hialurónico que penetra en la superficie de la piel, para una hidratación de más de 10 capas de profundidad  y que dura 100 horas, incluso después de lavarte el rostro.</p><p>¿Qué hace?</p><p>Fórmula ligera libre de aceite que proporciona una hidratación 10 capas a profundidad.  Proporciona un boost máximo de hidratación de un 174% que permite que la piel se mantenga humectada hasta por 100 horas. Este avanzado hidratante de doble acción con Tecnología de Auto-Reposición ayuda a la piel a crear su propia fuente de humectación interna para rehidratarse continuamente, reteninedo la humedad para lograr una piel fresca y saludable por más tiempo. </p><p>Ingredientes y Tecnología Clave </p><ul><li>Bio-fermento de aloe: hecho con lactobacilos, agua activada de aloe, y extracto de aloe orgánico certificado y de origen responsable, este exclusivo ingrediente rico en nutrientes ayuda a la piel a retener la humedad. Uno de los beneficios del proceso de fermentación es que rompe las moléculas grandes en tamaños más pequeños para que se absorban mejor en la piel. Ayuda a rellenar la piel para una apariencia más suave.</li><li>Ácido hialurónico: este ingrediente que retiene la humedad ayuda a crear un ""depósito de humedad"" para una hidratación ideal. Nuestra fórmula se mezcla con dos pesos moleculares diferentes de ácido hialurónico.</li><li>Agua de aloe activada: se infunde agua pura con extracto de hoja de aloe barbadensis, luego se carga para mantener las cargas iónicas positivas y negativas que ayudan a la piel a absorber la humedad más fácilmente.</li><li>Tecnología de Reabastecimiento: al usar agua de aloe activada y cafeína ayudan a activar el sistema de rehidratación de la piel.</li></ul><p><br></p><p>Es bueno saberlo</p><p>Sometido a Pruebas de Alergia. 100% libre de fragancia. Libre de aceite. No acnegénico. Probado dermatológicamente. Probado oftalmológicamente.</p><p>Nuestra filosofía de pureza</p><p>Sin parabenos. Sin ftalatos. Sin fragancia. Piel simplemente feliz. </p><p>Envase sostenible</p><p>Ahora más sostenible. 30 ml, 50 ml y 75 ml en frascos de vidrio reciclables. El frasco de 15 ml está fabricado con un mínimo de 40% de material reciclado postconsumo.</p>",,"Moisture Surge",192333066928,6.0000
000327545,"Moisture Surge Broad Spectrum SPF 28 Sheer Hydrator",clinique-moisture-surge-spf-25-30-ml-000327545,https://ultrafemme.com/media/catalog/product/3/2/327545_192333163603_01_93c2.png,"Crema hidratante","Todo tipo de piel",Unisex,579.000000,,"Hidratante, Protección solar",Clinique,"Water\Aqua\Eau, Homosalate, Ethylhexyl Methoxycinnamate, Ethylhexyl Salicylate, Butylene Glycol, Butyl Methoxydibenzoylmethane, Ethylhexyl Methoxycrylene, Butyloctyl Salicylate, Dextrin Palmitate, Polymethylsilsesquioxane, Glycerin, Lactobacillus Ferment Lysate, Aloe Barbadensis Leaf Polysaccharides, Sodium Hyaluronate, Caffeine, Sodium Polyaspartate, 7-Dehydrocholesterol, Caprylyl Glycol, Acrylates Copolymer, Sorbitol, Dimethicone, Polyglyceryl-2 Stearate, Sucrose, Saccharide Isomerate, Hydroxyethyl Urea, Ppg-8-Ceteth-20, Sorbeth-30 Tetraisostearate, Glyceryl Stearate, Sorbitan Sesquiisostearate, Potassium Hydroxide, Carbomer, Dipropylene Glycol, Dehydroxanthan Gum, Stearyl Alcohol, Sodium Polyacryloyldimethyl Taurate, Hexylene Glycol, Acrylates/Beheneth-25 Methacrylate Copolymer, Acrylates/C10-30 Alkyl Acrylate Crosspolymer, Tocopheryl Acetate, Bht, Disodium Edta, Sodium Citrate, Citric Acid, Potassium Sorbate, Sodium Benzoate, Phenoxyethanol, Red 4 (Ci 14700) 
",Cremas,"Moisture Surge","Este humectante facial con FPS que se siente como una nube hidrata y brinda protección solar total, incluso para tonos de piel oscuros. El 100 % muestra instantáneamente un aumento en la hidratación y el brillo.",,"Moisture Surge",192333163603,37.0000
000044995,"Clarifying Lotion 2",clinique-clarifying-lotion-2-400-ml-000044995,https://ultrafemme.com/media/catalog/product/4/4/44995_20714462727_01_22f6.jpg,,Mixta,,739.000000,,"<ul><li>La fórmula suave y refrescante marca la diferencia para una piel sana. Elimina la contaminación, suciedad, piel muerta dejando una piel más lisa y clara.</li><li>Deja fresca tu piel gracias a la fórmula que incluye Hamamelis, un purificante que deja la piel limpia y refrescada.</li><li>Prepara la piel para el hidratante - exfoliar la piel hace que la piel sea más receptiva a los hidratantes y tratamientos.</li><li>Para pieles más grasas, la exfoliación dos veces al día ayuda a minimizar el exceso de grasa en la piel y deja los poros limpios.</li><li>Para pieles más secas, la exfoliación dos veces al día ayuda a remover la piel muerta que pueden obstruir la absorción de la humedad. Incluso, ayuda a disminuir las finas líneas.</li></ul>",Clinique,"Water\Aqua\Eau, Alcohol Denat., Glycerin, Hamamelis Virginiana (Witch Hazel) Extract, Acetyl Glucosamine, Trehalose, Sodium Hyaluronate, Butylene Glycol, Sodium Bicarbonate, Red 6 (Ci 15850), Red 33 (Ci 17200), Ext. Violet 2 (Ci 60730) <ILN46333>",Lociones,,"Fórmula desarrollada por dermatólogos que revela una piel más suave y saludable. Remueve las células muertas para que el hidratante actúe con más eficacia. Para tipo de piel mixta a seca.",,,20714462727,12.0000
000271821,"Clinique For Men Maximum Hydrator 72-Hour Auto-Replenishing Hydrator 50 ml",clinique-for-men-maximum-hydrator-72h-auto-replenishing-hydrator-50-ml-000271821,https://ultrafemme.com/media/catalog/product/2/7/271821_20714993085_01_be99.jpg,"Crema hidratante","Todo tipo de piel",Hombre,829.000000,,Hidratante,Clinique,,Cremas,"Clinique For Men","<p>¿Qué es? </p><p>Crema-gel Ligera, libre de aceites y adictivamente refrescante que instantáneamente brinda hidratación y continúa hidratando por 72 horas - incluso después de lavar tu rostro. 
</p>",,"Clinique For Men",20714993085,27.0000
000044954,"Dramatically Different Moisturizing Gel",clinique-dramatically-differentand-moisturizing-gel-50-ml-000044954,https://ultrafemme.com/media/catalog/product/4/4/44954_20714222864_01_7afe.jpg,"Gel hidratante",Grasa,Mujer,389.000000,,"Humectante, Control de grasa",Clinique,"Water (Aqua Purificata) Purified, Dimethicone, Isododecane, Butylene Glycol, Bis-Peg-18 Methyl Ether Dimethyl Silane, Glycerin, Laminaria Saccharina Extract, Lactobacillus Ferment, Polygonum Cuspidatum Root Extract, Saccharomyces Lysate Extract, Cucumis Sativus (Cucumber) Fruit Extract, Hordeum Vulgare (Barley) Extract, Helianthus Annuus (Sunflower) Seedcake, Caffeine, Trehalose, Sodium Hyaluronate, Tocopheryl Acetate, Chamomilla Recutita (Matricaria), Polysilicone-11, Silica, Propylene Glycol Dicaprate, Oleth-10, Laureth-23, Laureth-4, Ammonium Acryloyldimethyltaurate/Vp Copolymer, Carbomer, Tromethamine, Disodium Edta, Phenoxyethanol, Methylparaben, Yellow 5 (Ci 19140), Red 4 (Ci 14700), Yellow 6 (Ci 15985) 
",Geles,"Dramatically Different","<p>¿Qué es? </p><p>Paso 3 en nuestro Sistema de 3 Pasos personalizado. El humectante sin aceite desarrollado por dermatólogos suaviza y mejora la piel, dejando la piel hidratada. </p><p>¿Qué hace?</p><p> Combina una hidratacion sin aceite con ingredientes que fortalecen la piel. Se difumina fácilmente y se absorbe rápidamente. Balancea y refresca las pieles más grasas. El secreto en nuestro sistema. Nuestro revolucionario Sistema de 3 Pasos fue creado por un reconocido dermatólogo. Es simple, personalizado y toma tres minutos, dos veces al día: limpia con Facial Soap, exfolia con Clarifying Lotion, humecta con Dramatically Different Moisturizing Lotion+, Gel libre de aceite o Jelly ligero.</p>",,"Dramatically Different",20714222864,18.0000
000294559,"Moisture Surge 100H Auto-Replenishing Hydrator",clinique-moisture-surge-100h-auto-replenishing-hydrator-50-ml-000294559,https://ultrafemme.com/media/catalog/product/2/9/294559_192333066935_01_8792.jpg,"Gel hidratante","Todo tipo de piel",Mujer,829.000000,,"Hidratante, Agranda",Clinique,"Water\Aqua\Eau, Dimethicone, Butylene Glycol, Glycerin, Trisiloxane, Trehalose, Sucrose, Ammonium Acryloyldimethyltaurate/Vp Copolymer, Hydroxyethyl Urea, Camellia Sinensis (Green Tea) Leaf Extract, Silybum Marianum (Lady's Thistle) Extract, Betula Alba (Birch) Bark Extract, Saccharomyces Lysate Extract, Aloe Barbadensis Leaf Water, Aloe Barbadensis Leaf Extract, Thermus Thermophillus Ferment, Caffeine, Sorbitol, Palmitoyl Hexapeptide-12, Sodium Hyaluronate, Caprylyl Glycol, Oleth-10, Sodium Polyaspartate, Aloe Barbadensis Leaf Polysaccharides, Lactobacillus Ferment Lysate, Saccharide Isomerate, Hydrogenated Lecithin, Tocopheryl Acetate, Acrylates/C10-30 Alkyl Acrylate Crosspolymer, Glyceryl Polymethacrylate, Tromethamine, Peg-8, Hexylene Glycol, Magnesium Ascorbyl Phosphate, Citric Acid, Bht, Disodium Edta, Sodium Citrate, Potassium Sorbate, Sodium Benzoate, Phenoxyethanol, Red 4 (Ci 14700), Yellow 5 (Ci 19140) 
",Cremas,"Moisture Surge","<p>¿Qué es?</p><p>Una actualización de nuestro humectante favorito, refrescante fórmula crema en gel sin aceite con exclusivo biofermento de aloe y ácido hialurónico que penetra en la superficie de la piel, para una hidratación de más de 10 capas de profundidad  y que dura 100 horas, incluso después de lavarte el rostro.</p><p>¿Qué hace?</p><p>Fórmula ligera libre de aceite que proporciona una hidratación 10 capas a profundidad.  Proporciona un boost máximo de hidratación de un 174% que permite que la piel se mantenga humectada hasta por 100 horas. Este avanzado hidratante de doble acción con Tecnología de Auto-Reposición ayuda a la piel a crear su propia fuente de humectación interna para rehidratarse continuamente, reteninedo la humedad para lograr una piel fresca y saludable por más tiempo. </p><p>Ingredientes y Tecnología Clave </p><ul><li>Bio-fermento de aloe: hecho con lactobacilos, agua activada de aloe, y extracto de aloe orgánico certificado y de origen responsable, este exclusivo ingrediente rico en nutrientes ayuda a la piel a retener la humedad. Uno de los beneficios del proceso de fermentación es que rompe las moléculas grandes en tamaños más pequeños para que se absorban mejor en la piel. Ayuda a rellenar la piel para una apariencia más suave.</li><li>Ácido hialurónico: este ingrediente que retiene la humedad ayuda a crear un ""depósito de humedad"" para una hidratación ideal. Nuestra fórmula se mezcla con dos pesos moleculares diferentes de ácido hialurónico.</li><li>Agua de aloe activada: se infunde agua pura con extracto de hoja de aloe barbadensis, luego se carga para mantener las cargas iónicas positivas y negativas que ayudan a la piel a absorber la humedad más fácilmente.</li><li>Tecnología de Reabastecimiento: al usar agua de aloe activada y cafeína ayudan a activar el sistema de rehidratación de la piel.</li></ul><p><br></p><p>Es bueno saberlo</p><p>Sometido a Pruebas de Alergia. 100% libre de fragancia. Libre de aceite. No acnegénico. Probado dermatológicamente. Probado oftalmológicamente.</p><p>Nuestra filosofía de pureza</p><p>Sin parabenos. Sin ftalatos. Sin fragancia. Piel simplemente feliz. </p><p>Envase sostenible</p><p>Ahora más sostenible. 30 ml, 50 ml y 75 ml en frascos de vidrio reciclables. El frasco de 15 ml está fabricado con un mínimo de 40% de material reciclado postconsumo.</p>",,"Moisture Surge",192333066935,27.0000
000327544,"Moisture Surge Broad Spectrum SPF 28 Sheer Hydrator",clinique-moisture-surge-spf-25-50-ml-000327544,https://ultrafemme.com/media/catalog/product/3/2/327544_192333150580_01_f590.png,"Gel hidratante","Todo tipo de piel",Unisex,939.000000,,"Hidratante, Protección solar",Clinique,"Water\Aqua\Eau, Homosalate, Ethylhexyl Methoxycinnamate, Ethylhexyl Salicylate, Butylene Glycol, Butyl Methoxydibenzoylmethane, Ethylhexyl Methoxycrylene, Butyloctyl Salicylate, Dextrin Palmitate, Polymethylsilsesquioxane, Glycerin, Lactobacillus Ferment Lysate, Aloe Barbadensis Leaf Polysaccharides, Sodium Hyaluronate, Caffeine, Sodium Polyaspartate, 7-Dehydrocholesterol, Caprylyl Glycol, Acrylates Copolymer, Sorbitol, Dimethicone, Polyglyceryl-2 Stearate, Sucrose, Saccharide Isomerate, Hydroxyethyl Urea, Ppg-8-Ceteth-20, Sorbeth-30 Tetraisostearate, Glyceryl Stearate, Sorbitan Sesquiisostearate, Potassium Hydroxide, Carbomer, Dipropylene Glycol, Dehydroxanthan Gum, Stearyl Alcohol, Sodium Polyacryloyldimethyl Taurate, Hexylene Glycol, Acrylates/Beheneth-25 Methacrylate Copolymer, Acrylates/C10-30 Alkyl Acrylate Crosspolymer, Tocopheryl Acetate, Bht, Disodium Edta, Sodium Citrate, Citric Acid, Potassium Sorbate, Sodium Benzoate, Phenoxyethanol, Red 4 (Ci 14700) 
",Cremas,"Moisture Surge","Este humectante facial con FPS que se siente como una nube hidrata y brinda protección solar total, incluso para tonos de piel oscuros. El 100 % muestra instantáneamente un aumento en la hidratación y el brillo.",,"Moisture Surge",192333150580,7.0000
000316643,"Clinique Smart Clinical Repair Wrinkle Correcting Cream 50 ml",clinique-smart-clinical-repairand-wrinkle-correcting-cream-50-ml-000316643,https://ultrafemme.com/media/catalog/product/3/1/316643_192333125120_01_ca6b.jpg,"Crema hidratante",Seca,Mujer,1469.000000,,"Fortalecedor, Reducción de arrugas y líneas de edad, Hidratante",Clinique,,Cremas,"Clinique Smart Clinical Repair","Wrinkle Correcting Cream es una crema lujosa y más densa para las personas de piel más seca.Crema antiarrugas que ayuda a fortalecer y nutrir, para una piel más suave y de aspecto más joven.
",,"Clinique Smart Clinical Repair",192333125120,16.0000
000302286,"Clinique Smart Clinical Repair Wrinkle Correcting Serum",clinique-smart-clinical-repair-wrinkle-correcting-serum-100-ml-000302286,https://ultrafemme.com/media/catalog/product/3/0/302286_192333101681_01_3e03.png,"Suero antiedad","Todo tipo de piel",Mujer,1889.000000,,"Reducción de líneas de edad y arrugas, Suaviza, Hidratante",Clinique,"Water\Aqua\Eau, Dimethicone, Isododecane, Butylene Glycol, Glycerin, Polysilicone-11, Ascorbyl Glucoside, Sodium Hyaluronate, Tocopheryl Acetate, Squalane, Hypnea Musciformis (Algae) Extract, Gelidiella Acerosa Extract, Sigesbeckia Orientalis (St. Paul's Wort) Extract, Helianthus Annuus (Sunflower) Seed Extract, Hordeum Vulgare (Barley) Extract\Extrait D'orge, Triticum Vulgare (Wheat) Germ Extract, Cucumis Sativus (Cucumber) Fruit Extract, Caffeine, Acetyl Hexapeptide-8, Palmitoyl Tripeptide-1, Palmitoyl Tetrapeptide-7, Palmitoyl Hexapeptide-12, Peg-10 Dimethicone, Glycyrrhetinic Acid, Whey Protein\Lactis Protein\Protéine Du Petit-Lait, Isohexadecane, Propylene Glycol Dicaprate, Caprylyl Glycol, Hydroxypinacolone Retinoate, Acetyl Glucosamine, Cholesterol, Peg-8, Yeast Extract\Faex\Extrait De Levure, Peg-6, Dimethyl Isosorbide, Glyceryl Polymethacrylate, Polysorbate 20, Sodium Phosphate, Synthetic Fluorphlogopite, Polysorbate 80, Carbomer, Hexylene Glycol, Ammonium Acryloyldimethyltaurate/Vp Copolymer, Acrylamide/Sodium Acryloyldimethyltaurate Copolymer, Potassium Hydroxide, Tin Oxide, Disodium Phosphate, Citric Acid, Disodium Edta, Sodium Citrate, Phenoxyethanol, Potassium Sorbate, Titanium Dioxide (Ci 77891) 
",Sueros,"Clinique Smart Clinical Repair","¿Qué es? Suero desarrollado por dermatólogos y clínicamente probado que ataca las líneas y arrugas desde 3 ángulos distintos. ¿Para quién? Ideal para todo tipo de piel.Beneficios• Instantáneamente: penetra profundamente en la superficie de la piel para dar volumen y luminosidad.• En 10 días: comience a ver una piel más suave y con un aspecto más joven.• En 4 semanas: aumenta el colágeno para una piel más suave, el 80% ve menos líneas y arrugas visibles.Ingredientes Principales• Retinoide potente: Un ingrediente poderoso con un toque suave, optimizado para la renovación celular sin irritación.• Ácido hialurónico: Este humectante intenso ayuda a darle a tu piel la hidratación necesaria y mantenerla. • CL1870 Laser Focus Complex TM: Una mezcla experta de péptidos, diseñada para ayudar a fortalecer la estructura del soporte de la piel.Modo de uso Aplica una capa fina en todo el rostro, utilízalo de día acompañado de tu protector solar y por las noches.Es bueno saberloSometido a Pruebas de Alergia. 100% libre de fragancia. Libre de aceite. No acnegénico. Probado dermatológicamente. Probado oftalmológicamente.Nuestra filosofía de purezaSin parabenos. Sin ftalatos. Sin fragancia. Piel simplemente feliz.
",,"Clinique Smart Clinical Repair",192333101681,36.0000
000045024,"Broad Spectrum SPF 50 Sunscreen Face Cream 50 ml",clinique-solarsmart-face-cream-spf-50-protection-50-ml-000045024,https://ultrafemme.com/media/catalog/product/4/5/45024_20714352837_01_0689.png,"Protector solar facial","Todo tipo de piel",Mujer,709.000000,,"Protección solar",Clinique,,"Protectores solares","Sun Protection","<p>Tecnología innovadora SolarSmart que estabiliza la protección de alto nivel contra los efectos de envejecimiento y quemaduras de los rayos UVA y UVB. Con antioxidantes que se activan con el sol para prevenir el daño visible. Suficientemente suave para pieles sensibles. Probado dermatológicamente. Libre de aceite. </p><p>   Nuestra Filosofía de pureza:</p><ul><li>Sin parabenos.</li><li> Sin ftalatos.</li><li> Sin fragancia.</li><li> Piel simplemente feliz.</li></ul>",,"Sun Protection",20714352837,30.0000
000294560,"Moisture Surge 100H Auto-Replenishing Hydrator",clinique-moisture-surge-100h-auto-replenishing-hydrator-75-ml-000294560,https://ultrafemme.com/media/catalog/product/2/9/294560_192333066942_01_94b9.jpg,"Gel hidratante","Todo tipo de piel",Mujer,1109.000000,,"Hidratante, Agranda",Clinique,"Water\Aqua\Eau, Dimethicone, Butylene Glycol, Glycerin, Trisiloxane, Trehalose, Sucrose, Ammonium Acryloyldimethyltaurate/Vp Copolymer, Hydroxyethyl Urea, Camellia Sinensis (Green Tea) Leaf Extract, Silybum Marianum (Lady's Thistle) Extract, Betula Alba (Birch) Bark Extract, Saccharomyces Lysate Extract, Aloe Barbadensis Leaf Water, Aloe Barbadensis Leaf Extract, Thermus Thermophillus Ferment, Caffeine, Sorbitol, Palmitoyl Hexapeptide-12, Sodium Hyaluronate, Caprylyl Glycol, Oleth-10, Sodium Polyaspartate, Aloe Barbadensis Leaf Polysaccharides, Lactobacillus Ferment Lysate, Saccharide Isomerate, Hydrogenated Lecithin, Tocopheryl Acetate, Acrylates/C10-30 Alkyl Acrylate Crosspolymer, Glyceryl Polymethacrylate, Tromethamine, Peg-8, Hexylene Glycol, Magnesium Ascorbyl Phosphate, Citric Acid, Bht, Disodium Edta, Sodium Citrate, Potassium Sorbate, Sodium Benzoate, Phenoxyethanol, Red 4 (Ci 14700), Yellow 5 (Ci 19140) 
",Cremas,"Moisture Surge","<p>¿Qué es?</p><p>Una actualización de nuestro humectante favorito, refrescante fórmula crema en gel sin aceite con exclusivo biofermento de aloe y ácido hialurónico que penetra en la superficie de la piel, para una hidratación de más de 10 capas de profundidad  y que dura 100 horas, incluso después de lavarte el rostro.</p><p>¿Qué hace?</p><p>Fórmula ligera libre de aceite que proporciona una hidratación 10 capas a profundidad.  Proporciona un boost máximo de hidratación de un 174% que permite que la piel se mantenga humectada hasta por 100 horas. Este avanzado hidratante de doble acción con Tecnología de Auto-Reposición ayuda a la piel a crear su propia fuente de humectación interna para rehidratarse continuamente, reteninedo la humedad para lograr una piel fresca y saludable por más tiempo. </p><p>Ingredientes y Tecnología Clave </p><ul><li>Bio-fermento de aloe: hecho con lactobacilos, agua activada de aloe, y extracto de aloe orgánico certificado y de origen responsable, este exclusivo ingrediente rico en nutrientes ayuda a la piel a retener la humedad. Uno de los beneficios del proceso de fermentación es que rompe las moléculas grandes en tamaños más pequeños para que se absorban mejor en la piel. Ayuda a rellenar la piel para una apariencia más suave.</li><li>Ácido hialurónico: este ingrediente que retiene la humedad ayuda a crear un ""depósito de humedad"" para una hidratación ideal. Nuestra fórmula se mezcla con dos pesos moleculares diferentes de ácido hialurónico.</li><li>Agua de aloe activada: se infunde agua pura con extracto de hoja de aloe barbadensis, luego se carga para mantener las cargas iónicas positivas y negativas que ayudan a la piel a absorber la humedad más fácilmente.</li><li>Tecnología de Reabastecimiento: al usar agua de aloe activada y cafeína ayudan a activar el sistema de rehidratación de la piel.</li></ul><p><br></p><p>Es bueno saberlo</p><p>Sometido a Pruebas de Alergia. 100% libre de fragancia. Libre de aceite. No acnegénico. Probado dermatológicamente. Probado oftalmológicamente.</p><p>Nuestra filosofía de pureza</p><p>Sin parabenos. Sin ftalatos. Sin fragancia. Piel simplemente feliz. </p><p>Envase sostenible</p><p>Ahora más sostenible. 30 ml, 50 ml y 75 ml en frascos de vidrio reciclables. El frasco de 15 ml está fabricado con un mínimo de 40% de material reciclado postconsumo.</p>",,"Moisture Surge",192333066942,101.0000
000320147,"Fotoprotector Uv Mineral Brush SPF50+ 2 gr",isdin-fotoprotector-isdin-uv-mineral-brush-spf-50-2g-000320147,https://ultrafemme.com/media/catalog/product/3/2/320147_8429420200814_01_54af.png,"Protector solar facial",Mixta,,719.000000,,"Filtros 100% minerales. 
Contiene activos antipolución que protegen la piel frente a los contaminantes ambientales.
Cuenta con partículas reflectoras de la luz que reducen visualmente las arrugas y hacen que la piel se vea más lisa.
No aporta color, se adapta a tu tono de piel y es aplicable sobre maquillaje.
Resulta cómodo de aplicar y es portable a cualquier lugar. Ideal para retocar la fotoprotección en cualquier momento.""",Isdin,,"Protectores solares",Fotoproteccion,"Protege tu piel contra la luz azul y la radiación UVB/UVA con el fotoprotector facial en brocha UV Mineral Brush SPF 50+ Con Filtros 100% minerales y efecto antipolución, está indicado para su aplicación sobre el maquillaje.","Aplicar el producto generosamente sobre la piel seca, evitando inhalar el proucto.",Fotoproteccion,8429420200814,5.0000
000320138,"Fotoprotector Fusion Water Color SPF50",isdin-fusion-water-color-light-spf-50-000320138,https://ultrafemme.com/media/catalog/product/3/2/320138_8429420226265_01_f730.png,"Protector solar facial",Mixta,,809.000000,,"Fotoprotector facial ultraligero de fase externa acuosa y uso diario con color que se funde con la piel sin dejar residuo. Su tono aporta cobertura natural disimulando imperfecciones, uniﬁca el tono de la piel y es una base ideal de maquillaje. Con ácido hialurónico y vitamina E. Mineral Oil-free. No comedogénico. Testado dermatológicamente. Apto para piel atópica y sensible.",Isdin,,"Protectores solares",Fotoproteccion,"Fusion Water Color es un protector solar facial con color. Gracias a su fórmula ultraligera, protege tu piel a diario contra los rayos UVB y UVA (SPF 50). Aporta una cobertura natural que disimula imperfecciones, unifica el tono y proporciona un efecto buena cara. ¿Lo mejor? No irrita los ojos.","Aplicar generosamente sobre la piel seca o mojada, media hora antes de la exposición solar. Reaplicar cada 2 horas así como tras transpirar, nadar, o secarse con la toalla. Al reducir esta cantidad, se reduce el factor de protección.",Fotoproteccion,8429420226265,6.0000
000320153,"Fotoprotector Fusion Gel Sport SPF50+ 100 ml",isdin-fotoprotector-spf-50-fusion-gel-sport-100ml-100-ml-000320153,https://ultrafemme.com/media/catalog/product/3/2/320153_8470001631695_01_aad7.png,"Protector solar corporal",Mixta,,749.000000,,"Ultraligero, invisible y refrescante. Muy resistente al agua y resistente al sudor. Ideal para zonas pilosas, como brazos y piernas. Con GINGER CELL PROTECT: Fórmula con extracto de jengibre natural que gracias a su alto contenido en antioxidantes, ofrece una fortificación celular frente al daño oxidativo. WET SKIN: Permite su aplicación sobre piel mojada.",Isdin,,"Protectores solares",Fotoproteccion,"Protege tu piel al hacer deporte con Fusion Gel Sport SPF 50. De textura ultraligera, acabado invisible y absorción inmediata, aporta efecto refrescante y una alta protección. Es resistente al sudor y muy resistente al agua.","Aplicar generosamente sobre la piel, media hora antes de la exposición solar. Al reducir la cantidad de producto aplicada, se reduce el factor de protección. Reaplicar todas las veces que se considere necesario, incluso sobre piel mojada, mínimo cada 2 horas.",Fotoproteccion,8470001631695,3.0000
000320155,"Fotoprotector Hydro Oil SPF30 200 ml",isdin-foto-hydro-oil-spf-30-200-ml-000320155,https://ultrafemme.com/media/catalog/product/3/2/320155_8429420161245_01_be5a.png,"Bronceador corporal",Mixta,,759.000000,,"Loción oleoacuosa bifásica de doble acción: PROTEGE: Alta protección UVB y UVA SPF 30.BRONCEA: Gracias a su formulación con Pro-Melanin Technology ofrece una protección natural, potenciando el bronceado de la piel hasta un 63% más.",Isdin,,"Protectores solares",Fotoproteccion,"Protege y broncea tu piel con el fotoprotector corporal bifásico de alta protección UVB/UVA Hydro Oil SPF 30. Su fórmula contiene Natural Tan Booster, que potencia el bronceado hasta en un 63%.","Agitar enérgicamente durante 5 segundos hasta obtener una mezcla homogénea del producto antes de cualquier aplicación. Aplicar el producto generosamente sobre la piel seca, manteniendo una distancia máxima de 5 cm de la piel, y media hora antes de la exposición solar. es necesario extender de manera uniforme el producto tras la aplicación hasta su total absorción. Asegurar un número de pulverizaciones suﬁcientes para cubrir el área completa. Al reducir esta cantidad, se reduce el factor de protección.",Fotoproteccion,8429420161245,13.0000
000320154,"Fotoprotector Hydrolotion SPF50+ 200 ml",isdin-fotopro-50-hydrolotion-200-ml-000320154,https://ultrafemme.com/media/catalog/product/3/2/320154_8429420192263_01_cf47.png,"Protector solar corporal",Mixta,,759.000000,,"Protege y detoxifica tu piel con el fotoprotector corporal bifásico hidratante de secado inmediato Hydro Lotion SPF 50. Su fórmula con Chlorella maris evita la oxidación de la piel. Alta protección UVB/UVA SPF 50.",Isdin,,"Protectores solares",Fotoproteccion,"Protege y detoxifica tu piel con el fotoprotector corporal bifásico hidratante de secado inmediato Hydro Lotion SPF 50. Su fórmula con Chlorella maris evita la oxidación de la piel. Alta protección UVB/UVA SPF 50.","Protege y detoxifica tu piel con el fotoprotector corporal bifásico hidratante de secado inmediato Hydro Lotion SPF 50. Su fórmula con Chlorella maris evita la oxidación de la piel. Alta protección UVB/UVA SPF 50.",Fotoproteccion,8429420192263,2.0000
000320151,"Fotoprotector Transparent Spray Wet Skin Pediátrico SPF50+ 250 ml",isdin-fotopro50-transp-spray-skin-ped-250-ml-000320151,https://ultrafemme.com/media/catalog/product/3/2/320151_8429420188020_01_f1e4.png,"Protector solar corporal",Mixta,,839.000000,,"Fotoprotector corporal especialmente formulado para la piel del niño. Ofrece una alta protección UVB y UVA SPF 50. Con SIEMPREVIVA EXTRACT (Helychrisum Italicum), extracto de siempreviva, que ayuda a calmar y reforzar la función barrera de la piel. WET SKIN: permite su absorción tanto en piel mojada como en piel seca sin dejar residuo blanco y manteniendo el factor de protección. Muy resistente al agua. Absorción rápida e instantánea.  Permite su aplicación en cualquier dirección. Apto para todo tipo de piel, incluida piel atópica.",Isdin,"Isobutane, Aqua (Water), Dibutyl Adipate, C12-15 Alkyl Benzoate, Dicaprylyl Ether, Isopropyl Palmitate, Caprylic/Capric Triglyceride, Ethylhexyl Salicylate, Butyl Methoxydibenzoylmethane, Bis-Ethylhexyloxyphenol Methoxyphenyl Triazine, Ethylhexyl Triazone, Trimethylpentanediol/Adipic Acid/Glycerin Crosspolymer, Phenylbenzimidazole Sulfonic Acid, 1,2-Hexanediol, Arginine, Diethylamino Hydroxybenzoyl Hexyl Benzoate, Diethylhexyl Butamido Triazone, Glycerin, Panthenol, Silica Dimethyl Silylate, Tocopheryl Acetate, Pentaerythrityl Tetra-Di-T-Butyl Hydroxyhydrocinnamate, Tetrasodium Glutamate Diacetate, Tocopherol, Helichrysum Italicum Extract.","Protectores solares",Fotoproteccion,"Protege su piel con Transparent Spray Wet Skin Pediatrics, el fotoprotector corporal transparente, fresco y de secado inmediato para niños y bebés a partir de 6 meses. Su fórmula contiene extracto de siempreviva, que ayuda a reforzar la barrera cutánea.","Aplicar generosamente sobre la piel seca o mojada, media hora antes de la exposición solar, y manteniendo una distancia máxima de 5cm de la piel. Es necesario extender de manera uniforme el producto hasta su total absorción. Reaplicar cada 2 horas y tras transpirar, nadar, o secarse con la toallay durante la exposición al sol. Si no se aplica la cantidad suficiente de producto, se reduce el factor de protección.",Fotoproteccion,8429420188020,5.0000
000320137,"Fotoprotector Gel Cream SPF50+ 250 ml",isdin-fotoprotector-isdin-50-gel-crema-250-ml-000320137,https://ultrafemme.com/media/catalog/product/3/2/320137_8429420161214_01_1660.png,"Protector solar corporal",Mixta,,809.000000,,"Fotoprotector corporal que ofrece una alta protección UVB y UVA SPF50. Hidrata como una crema y se absorbe rápidamente como un gel. Proporciona una agradable sensación de frescor con un acabado sedoso y sin brillos.
 SEA FRIENDLY. Fórmula con la mayoría de ingredientes biodegradables y/o inorgánicos.",Isdin,,"Protectores solares",Fotoproteccion,"Fotoprotección diaria para todo tipo de piel.
Ideal para toda la familia.
Hidrata como una crema y se absorbe rápidamente como un gel.Proporciona una agradable sensación de frescor con un acabado sedoso y sin brillos. ","Aplicar generosamente sobre la piel seca, media hora antes de la exposición solar. Reaplicar cada 2 horas y tras transpirar, nadar, bañarse, secarse con toalla y durante la exposición al sol. Al reducir esta cantidad, se reduce el factor de protección.",Fotoproteccion,8429420161214,10.0000
000320152,"Fotoprotector Gel Cream Pediátrico SPF50+ 250 ml",isdin-fotoprotector-isdin-50gel-crema-pediatrico-250-ml-000320152,https://ultrafemme.com/media/catalog/product/3/2/320152_8429420125117_01_0c78.png,"Protector solar corporal",Mixta,,809.000000,,"Fotoprotector corporal ligero en gel crema que aporta el frescor de un gel y la hidratación de una crema específico para niños. Contiene extracto de SIEMPREVIVA, un ingrediente de origen natural que ayuda a calmar la piel y a reparar y reforzar la función barrera. Muy resistente al agua. Resistente a la fricción. Absorción inmediata. Mineral Oil-free. Apto para piel atópica y sensible. Testado dermatológicamente y pediátricamente. Hipoalergénico: formulado para minimizar el riesgo de alergia.",Isdin,,"Protectores solares",Fotoproteccion,"¿Busca una opción de protección solar eficaz y segura para sus pequeños? ¡El Fotoprotector Isdin 50+Gel Crema Pediátrico es perfecto! Con propiedades hidratantes, una textura de gel-crema que se absorbe rápidamente y resistencia tanto al agua como a la fricción, este protector solar es perfecto para su uso diario.
Fotoprotector corporal es una crema de uso diario ideal para la piel frágil e inmadura del niño.
Hidrata como una crema y se absorbe rápidamente como un gel.
Fácil extensibilidad.
Acabado sedoso y sin brillos.
Muy resistente al agua y a la fricción.
Mantiene la piel del niño protegida gracias a su formulación con filtros biológicos, vitamina E y dexpantenol para proporcionar una protección extra frente al sol.","Aplicar generosamente sobre la piel seca o mojada, media hora antes de la exposición solar. Reaplicar cada 2 horas y tras transpirar, nadar, bañarse, secarse con toalla y durante la exposición al sol. Al reducir esta cantidad, se reduce el factor de protección. Evitar el contacto con ojos y mucosas.",Fotoproteccion,8429420125117,6.0000
000320136,"Fotoprotector Fusión Water SPF50+ 50 ml ",isdin-fotoprotector-fusion-water-spf-50-50-ml-000320136,https://ultrafemme.com/media/catalog/product/3/2/320136_8429420107502_01_4975.png,"Protector solar facial",Mixta,,809.000000,,"High UV protection. Alta protección UV evaluada clínicamente en laboratorio. Testado en condiciones reales de alta radiación solar.   Does not irritate eyes. Evaluado bajo control oftalmológico. Oil-control. Textura ultraligera de absorción inmediata e hidratación intensa que no deja residuo. High tolerability. All skin types. Para todo tipo de pieles, incluido pieles sensibles y atópicas. We care for seas & oceans. está comprometido con proyectos para la regeneración de mares y océanos.",Isdin,,"Protectores solares",Fotoproteccion,"Tecnología Fusion con la delicadeza del agua.
Fotoprotección diaria facial para todo tipo de pieles que proporciona una delicada sensación de frescor y un acabado sedoso.
Absorción inmediata, que proporciona una agradable sensación refrescante con un acabado mate, suave y sedoso al tacto.
No deja residuos: Al aplicarlo sobre la piel sus filtros UV se transforman en agua, proporcionando una protección invisible.
Muy alta protección UVA y UVB 50+
Safe-Eye Technology: no irrita los ojos
Resistente al agua
WET SKIN: Puede aplicarse incluso en piel mojada","Agitar antes de usar. Aplicar generosamente sobre la piel media hora antes de la exposición solar. Reaplicar cada 2 horas y tras transpirar, nadar, bañarse, secarse con toalla y durante la exposición al sol. Al reducir esta cantidad, se reduce el factor de protección.",Fotoproteccion,8429420107502,3.0000
000320141,"Fotoprotector Fusion Water Urban SPF30 50 ml",isdin-fotoprotector-fusion-water-urban-spf30-50-ml-000320141,https://ultrafemme.com/media/catalog/product/3/2/320141_8429420201361_01_6d68.png,"Protector solar facial",Mixta,,809.000000,,"Fotoprotector facial de fase acuosa y textura ultraligera que combina una protección reforzada UVA y luz azul con una acción antipolución y antifatiga. Especialmente diseñado para entornos urbanos.
 Alta protección UVB/UVA SPF 30 y Luz Azul.
 Protege la piel del daño oxidativo inducido por la polución urbana.
 Mejora los signos de fatiga en la piel aportándole luminosidad y un aspecto saludable.
 SEA FRIENDLY. Fórmula con la mayoría de ingredientes biodegradables y/o inorgánicos.",Isdin,"Aqua (Water), Dibutyl Adipate, Propanediol, Ethylhexyl Salicylate, Ethylhexyl Triazone, Bis-Ethylhexyloxyphenol Methoxyphenyl Triazine, Dimethicone, Butyl Methoxydibenzoylmethane, Phenylbenzimidazole Sulfonic Acid, Silica, Diisopropyl Sebacate, Arginine, Pentylene Glycol, Hydroxyacetophenone, Lauryl PEG/PPG-18/18 Methicone, VP/Eicosene Copolymer, Polysorbate 60, Dimethicone/Vinyl Dimethicone Crosspolymer, Caprylyl Glycol, Hydrated Silica, Tocopheryl Acetate, Caesalpinia Spinosa Fruit Extract, PEG-10 Dimethicone, Tetrasodium Glutamate Diacetate, Parfum (Fragrance), Sclerotium Gum, Sodium Hyaluronate, Xanthan Gum, Kappaphycus Alvarezii Extract, Citric Acid.","Protectores solares",Fotoproteccion,"Combate el fotoenvejecimiento con Fusion Water Urban SPF 30, el protector solar facial con textura ultraligera de uso diario para entornos urbanos. Su fórmula protectora mejora la apariencia de los signos de fatiga de la piel, aportándole luminosidad y un aspecto saludable.","Aplicar generosamente sobre la piel seca como último paso de la rutina de cuidado de la piel, antes del maquillaje. Si la exposición solar es superior a dos horas, recomendamos reaplicar el producto. ",Fotoproteccion,8429420201361,12.0000
000320139,"Fotoprotector Fusion Water Color SPF50",isdin-fotoprotector-isdin-spf-50-fusion-water-color-50-ml-000320139,https://ultrafemme.com/media/catalog/product/3/2/320139_8429420154186_01_4ccc.png,"Protector solar facial",Mixta,,809.000000,,"Fotoprotector facial ultraligero de fase externa acuosa y uso diario con color que se funde con la piel sin dejar residuo. Su tono aporta cobertura natural disimulando imperfecciones, uniﬁca el tono de la piel y es una base ideal de maquillaje. Con ácido hialurónico y vitamina E. Mineral Oil-free. No comedogénico. Testado dermatológicamente. Apto para piel atópica y sensible.",Isdin,,"Protectores solares",Fotoproteccion,"Fusion Water Color es un protector solar facial con color. Gracias a su fórmula ultraligera, protege tu piel a diario contra los rayos UVB y UVA (SPF 50). Aporta una cobertura natural que disimula imperfecciones, unifica el tono y proporciona un efecto buena cara. ¿Lo mejor? No irrita los ojos.","Aplicar generosamente sobre la piel seca o mojada, media hora antes de la exposición solar. Reaplicar cada 2 horas así como tras transpirar, nadar, o secarse con la toalla. Al reducir esta cantidad, se reduce el factor de protección.",Fotoproteccion,8429420154186,15.0000
000320140,"Fotoprotector Fusion Water Color SPF50",isdin-fotoprotector-isdin-spf-50-fusion-water-color-bronze-50-ml-000320140,https://ultrafemme.com/media/catalog/product/3/2/320140_8429420226272_01_77e6.png,"Bronceador facial",Mixta,,809.000000,,"Fotoprotector facial ultraligero de fase externa acuosa y uso diario con color que se funde con la piel sin dejar residuo. Su tono aporta cobertura natural disimulando imperfecciones, uniﬁca el tono de la piel y es una base ideal de maquillaje. Con ácido hialurónico y vitamina E. Mineral Oil-free. No comedogénico. Testado dermatológicamente. Apto para piel atópica y sensible.",Isdin,,"Protectores solares",Fotoproteccion,"Fusion Water Color es un protector solar facial con color. Gracias a su fórmula ultraligera, protege tu piel a diario contra los rayos UVB y UVA (SPF 50). Aporta una cobertura natural que disimula imperfecciones, unifica el tono y proporciona un efecto buena cara. ¿Lo mejor? No irrita los ojos.","Aplicar generosamente sobre la piel seca o mojada, media hora antes de la exposición solar. Reaplicar cada 2 horas así como tras transpirar, nadar, o secarse con la toalla. Al reducir esta cantidad, se reduce el factor de protección.",Fotoproteccion,8429420226272,7.0000
000320150,"Fotoprotector Fusion Water Pediátrico SPF50 50 ml",isdin-fotopro-water-pediatrics-spf50-50-ml-000320150,https://ultrafemme.com/media/catalog/product/3/2/320150_8429420196377_01_b58b.png,"Protector solar facial",Mixta,,809.000000,,"Fotoprotector facial ultraligero de fase externa acuosa, uso diario y especíﬁco para niños. Contiene extracto de SIEMPREVIVA un ingrediente de origen natural que ayuda a calmar la piel y a reparar y reforzar la función barrera de la piel. Con vitamina E antioxidante y Pantenol, que hidrata intensamente la piel, favoreciendo el proceso de regeneración natural de la piel tras la exposición solar. Para niños a partir de 6 meses.",Isdin,,"Protectores solares",Fotoproteccion,"Fotoprotector facial de fase acuosa que aporta hidratación intensa, absorción inmediata y garantiza una alta protección SPF 50 frente a la radiación UVB y UVA. Está especialmente formulado para la piel de niños y bebés a partir de 6 meses. Fotoprotección ultraligera de uso diario para niños que no irrita los ojos. Recomendaciones de uso: Aplicar generosamente sobre la piel seca o mojada, media hora antes de la exposición solar, y reaplicar cada 2 horas.","Aplicar generosamente sobre la piel seca o mojada, media hora antes de la exposición solar. Reaplicar cada 2 horas así como tras transpirar, nadar o secarse con la toalla. Mantener a los bebés y niños fuera de la luz solar directa. Pediatras y dermatólogos recomiendan no exponerlos directamente al sol y protegerlos adecuadamente (ropa, sombrero, gafas de sol y alta protección UV). En bebés, utilizar el fotoprotector en las áreas no cubiertas (cara y dorso en manos) durante la exposición solar indirecta. ",Fotoproteccion,8429420196377,7.0000
000320146,"Fotoultra 100 Active Unify Color SPF 50 50 ml",isdin-fotoultra-100-active-unify-color-50-ml-000320146,https://ultrafemme.com/media/catalog/product/3/2/320146_8429420160668_01_72f8.png,"Protector solar facial",Mixta,,829.000000,,"Fotoprotector facial de muy alta protección UV de uso diario para ayudar a corregir las  hiperpigmentaciones derivadas de la radiación solar, aclarando y uniﬁcando el tono de la piel gracias a la triple acción despigmentante de DP3-Unify complex.",Isdin,"Aqua (Water), Dibutyl Adipate, Cyclopentasiloxane, Octocrylene, Niacinamide, Alcohol Denat., Titanium Dioxide [nano], Butyl Methoxydi-benzoylmethane, CI 77891 (Titanium Dioxide), Cyclohexasiloxane, Bis-Ethyl-hexyloxyphenol Methoxyphenyl Triazine, PEG-30 Dipolyhydroxystearate, Glycerin, Nylon-12, PEG-10 Dimethicone, Sodium Chloride, Phenoxyethanol, CI 77492 (Iron Oxides), Silica, Dimethicone, Phenylethyl Resorcinol, Disteardimonium Hectorite, CI 77491 (Iron Oxides), Panthenol, Tocopheryl Acetate, Allantoin, Glyceryl Stearate, CI 77499 (Iron Oxides), Parfum (Fragrance), Alumi-num Hydroxide, Disodium EDTA, Ethylhexyl-glycerin, Dimethiconol, Sodium Lauroyl Glutamate, PEG-8, Lysine, Tocopherol, Magnesium Chloride, Tetrapeptide-30, Ascorbyl Palmitate, Ascorbic Acid, Citric Acid.","Protectores solares",Fotoultra,"Ayuda a reducir y a prevenir las manchas en la piel ocasionadas por la radiación solar con Active Unify Color SPF 50+. Su fórmula con color proporciona triple acción despigmentante y una muy alta protección UVB/UVA, unificando el tono y evitando la aparición de nuevas manchas.","Agitar antes de usar. Aplicar generosamente sobre la piel seca, media hora antes de la exposición solar. Reaplicar cada 2 horas y tras transpirar, nadar, bañarse, secarse con toalla y durante la exposición al sol. Al reducir esta cantidad, se reduce el factor de protección. Si usted tiene manchas pigmentarias debidas al sol, evite la exposición solar directa. Pueden observarse molestias tras las aplicaciones iniciales. En caso de persistencia suspenda su uso.",Fotoultra,8429420160668,15.0000
000320145,"Fotoultra 100 Active Unify SPF50 50 ml",isdin-fotoultra-100-isdin-active-unify-50-ml-000320145,https://ultrafemme.com/media/catalog/product/3/2/320145_8429420160750_01_fe5d.png,"Protector solar facial",Mixta,,829.000000,,"Fotoprotector facial de muy alta protección UV de uso diario con color para ayudar a corregir las  hiperpigmentaciones derivadas de la radiación solar, aclarando y uniﬁcando el tono de la piel gracias a la triple acción despigmentante de DP3-Unify complex.",Isdin,"Aqua (Water), Dibutyl Adipate, Cyclopentasiloxane, Octocrylene, Niacinamide, Alcohol Denat., Titanium Dioxide [Nano], Butyl Methoxydibenzoylmethane, Cyclohexasiloxane, Bis-Ethylhexyloxyphenol Methoxyphenyl Triazine, Butylene Glycol, PEG-30 Dipolyhydroxystearate, Glycerin, Nylon-12, PEG-10 Dimethicone, Sodium Chloride, Phenoxyethanol, Silica, Dimethicone, Phenylethyl Resorcinol, Disteardimonium Hectorite, Panthenol, Tocopheryl Acetate, Allantoin, Glyceryl Stearate, Parfum (Fragrance), Disodium EDTA, Ethylhexylglycerin, Sodium Hyaluronate, Dimethiconol, PEG-8, Tocopherol, Tetrapeptide-30, Ascorbyl Palmitate, Ascorbic Acid, Citric Acid.","Protectores solares",Fotoultra,"Ayuda a reducir y a prevenir las manchas en la piel ocasionadas por la radiación solar con Active Unify SPF 50+. Proporciona triple acción despigmentante, una muy alta protección UVB/UVA, unificando el tono de la piel y ayudando a evitar la aparición de nuevas manchas.","agitar antes de usar. Aplicar generosamente sobre la piel seca, media hora antes de la exposición solar. Reaplicar cada 2 horas y tras transpirar, nadar, bañarse, secarse con toalla y durante la exposición al sol. Al reducir esta cantidad, se reduce el factor de protección. Si usted tiene manchas pigmentarias debidas al sol, evite la exposición solar directa. Pueden observarse molestias tras las aplicaciones iniciales. En caso de persistencia suspenda su uso.",Fotoultra,8429420160750,4.0000
000320144,"Fotoultra 100 Spot Prevent SPF50 50 ml",isdin-fotoultra-100-spot-prevent-50-ml-000320144,https://ultrafemme.com/media/catalog/product/3/2/320144_8429420160804_01_5482.png,"Protector solar facial",Mixta,,829.000000,,"Fotoprotector facial de muy alta protección UV de uso diario para ayudar a prevenir hiperpigmentacio-nes derivadas de la radiación solar.",Isdin,"Aqua (Water), Dibutyl Adipate, Cyclopentasiloxane, Octocrylene, Alcohol Denat., Titanium Dioxide [nano], Butyl Methoxydibenzoylmethane, Cyclohexasiloxane, Bis-Ethylhexyloxyphenol Methoxyphenyl Triazine, Butylene Glycol, PEG-30 Dipolyhydroxystearate, Nylon-12, PEG-10 Dimethicone, Sodium Chloride, Phenoxyethanol, Silica, Dimethicone, Disteardimonium Hectorite, Panthenol, Tocopheryl Acetate, Allantoin, Glyceryl Stearate, Parfum (Fragrance), Disodium EDTA, Ethylhexylglycerin, Sodium Hyaluronate, Dimethiconol, PEG-8, Tocopherol, Ascorbyl Palmitate, Ascorbic Acid, Citric Acid.","Protectores solares",Fotoultra,"Cuida tu rostro con el fotoprotector Spot Prevent SPF 50+. De textura fluida y muy alta protección UVB/UVA, ayuda a prevenir la formación de manchas solares y a mejorar la elasticidad de la piel.","agitar antes de usar. Aplicar generosamente sobre la piel seca, media hora antes de la exposición solar. Reaplicar cada 2 horas y tras transpirar, nadar, bañarse, secarse con toalla y durante la exposición al sol. Al reducir esta cantidad, se reduce el factor de protección. ",Fotoultra,8429420160804,4.0000
000320142,"Fotoultra Age Repair Fusion Water SPF50+ 50 ml",isdin-fotoultra-50-age-repair-water-50-ml-50-ml-000320142,https://ultrafemme.com/media/catalog/product/3/2/320142_8429420216075_01_0ab9.png,"Protector solar facial",Mixta,,859.000000,,"Fórmula mejorada. Triple acción antifotoenvejecimiento: PROTEGE, REPARA Y REVIERTE. 1. PROTEGE: Alta protección UV que ayuda a prevenir el daño solar.Su innovadora fórmula protege la piel de la polución urbana. 2. REPARA: Contribuye a la reparación del daño solar acumulado a nivel celular. 3. REVIERTE: Reduce las arrugas y mejora la luminosidad, hidratación y elasticidad de la piel. No irrira los ojos. Apto para todo tipo de pieles.",Isdin,,"Protectores solares",Fotoultra,"Triple acción antifotoenvejecimientoaplicar generosamente sobre la piel seca o mojada, media hora antes de la exposición solar, y reaplicar cada 2 horas. Alta protección UV que ayuda a prevenir el daño solar. Su innovadora fórmula protege la piel de la polución urbana. Reduce las arrugas y mejora la luminosidad, hidratación y elasticidad de la piel.","Aplicar generosamente sobre la piel seca o mojada, media hora antes de la exposición solar. Reaplicar cada 2 horas así como tras transpirar, nadar, o secarse con la toalla. ",Fotoultra,8429420216075,5.0000
000320143,"Fotoultra Age Repair Fusion Water Color SPF50 50 ml",isdin-fotoultra-50-age-repair-water-color-50-ml-000320143,https://ultrafemme.com/media/catalog/product/3/2/320143_8429420144002_01_920a.png,"Protector solar facial",Mixta,,859.000000,,"Fórmula mejorada. Triple acción antifotoenvejecimiento: PROTEGE, REPARA Y REVIERTE. 1. PROTEGE: Alta protección UV que ayuda a prevenir el daño solar.Su innovadora fórmula protege la piel de la polución urbana. 2. REPARA: Contribuye a la reparación del daño solar acumulado a nivel celular. 3. REVIERTE: Reduce las arrugas y mejora la luminosidad, hidratación y elasticidad de la piel. No irrira los ojos. Apto para todo tipo de pieles.",Isdin,,"Protectores solares",Fotoultra,"Protección solar facial con color, ultraligero y de uso diario con triple acción antifotoenvejecimiento.Aplicar generosamente sobre la piel limpia y seca media hora antes de la exposición solar y como último paso de la rutina, antes del maquillaje. Reaplicar cada 2 horas. Aporta una cobertura natural que unifica el tono y disimula imperfecciones, proporcionando un efecto buena cara.","Aplicar generosamente sobre la piel seca o mojada, media hora antes de la exposición solar. Reaplicar cada 2 horas así como tras transpirar, nadar, o secarse con la toalla. ",Fotoultra,8429420144002,7.0000
000316236,"Body Ultra Tanning Satin Dry Oil SPF 30 150 ml",lancaster-sun-beauty-dry-oil-spf30-150-ml-000316236,https://ultrafemme.com/media/catalog/product/3/1/316236_3616302022618_01_db59.jpg,"Bronceador corporal",,,599.000000,,"Proporciona una amplia protección contra el espectro solar. Ayuda a reparar la piel de la exposición al sol. Fortalece la resistencia al fotoenvejecimiento de la piel. Ayuda al proceso de bronceado. Fórmula limpia y respetuosa con el océano.",Lancaster,,"Protectores solares","Body Ultra Tanning","Nuestra protección solar más amplia para el cuerpo en textura de aceite seco. Textura embellecedora altamente sensorial para una piel luminosa inmediatamente","Al menos cada 2 horas para una protección solar óptima y después de nadar.","Body Ultra Tanning",3616302022618,9.0000
000177225,"Sun Beauty Body Milk SPF30",lancaster-sun-beauty-velvet-tanning-milk-spf30-400-ml-000177225,https://ultrafemme.com/media/catalog/product/1/7/177225_3607343192002_01_6392.jpg,"Protector solar corporal",,,789.000000,,"Proporciona una amplia protección contra el espectro solar.Ayuda a reparar la piel de la exposición al sol. Fortalece la resistencia al fotoenvejecimiento de la piel. Ayuda al proceso de bronceado. Fórmula limpia y respetuosa con el océano.",Lancaster,,"Protectores solares","Sun Beauty Body","Nuestra protección solar más amplia para el cuerpo en una textura suave y confortable. Textura altamente sensorial para una sensación aterciopelada en la piel.","Al menos cada 2 horas para una protección solar óptima y después de nadar.","Sun Beauty Body",3607343192002,19.0000
000140991,"Absolue L'Éxtrait Eye Ritual  15 ml",lancome-absolue-lextrait-eye-ritual-15-ml-000140991,https://ultrafemme.com/media/catalog/product/l/4/l4467404_1-1_tmrafuxmxiwx5yvv.jpg,"Bálsamo para ojos",,,7649.000000,,,Lancôme,,,,,,,3605533065785,1.0000
000218278,"Lancôme Bi Facil Desmaquillante Bifásico para Ojos",lancome-desmaquillante-bi-facil-200-ml-000218278,https://ultrafemme.com/media/catalog/product/2/1/218278_3605532321370_01_f162.png,,"Todo tipo de piel",Mujer,1125.000000,,"<p>Remueve todo tipo de maquillaje, incluso el resistente al agua.</p><p>No deja sensación grasosa ni pegajosa.</p><p>Apto para ojos sensibles y usuarios de lentes de contacto.</p>",Lancôme,"Su fórmula bifásica única contiene una fase oleosa para retirar el maquillaje de ojos y una fase acuosa con una mezcla única de emolientes.",Desmaquillantes,"Bi Facil","<p>El desmaquillante de ojos Bi-Facil elimina el maquillaje de forma sencilla, con total suavidad.</p<<p>Su fórmula es adecuada incluso para los ojos más sensibles y para los portadores de lentes de contacto. Bi-Facil elimina suavemente el maquillaje, incluso la mascara resistente al agua.</p><p>Agitar el frasco para descubrir su agradable sensación mientras elimina por completo el maquillaje de los ojos. Desmaquilla suavemente los ojos sin  dejar un efecto graso, combinando los efectos de su fase aceite y su fase agua, eliminando perfectamente todo tipo de maquillaje inclusive los resistentes al agua.</p>","<ol><li>Antes de cada uso, agita la botella para mezclar la fórmula bifásica.</li><li>Empapa un disco de algodón o una bolita de algodón con la fórmula.</li><li>Colócalo sobre los ojos cerrados para humedecer y suavizar el maquillaje. Luego, desliza suavemente sobre el maquillaje para removerlo.</li></ol>","Bi Facil",3605532321370,16.0000
000331976,"Rénergie HPN 300 Peptide Cream 50 ml",lancome-renergie-hpn-300-peptide-cream-50-ml-000331976,https://ultrafemme.com/media/catalog/product/3/3/331976_3614273924061_01_23a0.png,,"Todo tipo de piel",Mujer,3185.000000,,"<p>EFECTO LIFTING</p><ul><li>Semana 1: La piel adquiere nueva firmeza y las zonas flácidas comienzan a mostrar una mejora significativa.</li><li>Semana 2: Los resultados se aceleran con mejoras clínicas en elasticidad y volumen.</li><li>Semana 8: +27% lifting, +38% firmeza, +35% elasticidad.</li></ul><p>CORRECCIÓN DE ARRUGAS</p><ul><li>Semana 1: Las arrugas en la cara y el cuello se vuelven menos marcadas y comienzan a desplegarse.</li><li>Semana 2: La piel parece renovada con una mejora del +39% en suavidad.</li><li>Semana 8: +48% suavidad y -21% arrugas.</li></ul><p>REDUCCIÓN DE MANCHAS OSCURAS</p><ul><li>Semana 1: Resultados probados en luminosidad y mejora clínica medida en decoloraciones.</li><li>Semana 2: La uniformidad del tono ya ha mejorado significativamente.</li><li>Semana 8: -22% manchas oscuras, +22% uniformidad.</li></ul><p>El 84% de las mujeres que usan cremas de lujo confirmaron que cambiarían a la crema Rénergie H.P.N. 300-Peptide.</p>",Lancôme,"<p>ÁCIDO HIALURÓNICO</p><p>Conocido por absorber 1000 veces su peso en agua, el ácido hialurónico ayuda a rellenar la piel con hidratación para corregir la apariencia de arrugas y volúmenes.</p><p>MÁS DE 300 TIPOS DE PÉPTIDOS</p><p>Un descubrimiento de más de 300 tipos de péptidos obtenidos de la biotecnología y las ciencias verdes. Juntos, ofrecen una gama más alta y amplia de péptidos que los péptidos sintéticos comunes.</p><p>NIACINAMIDA</p><p>Una vitamina que apoya las funciones de la piel con eficacia probada en la uniformidad del tono de la piel y las decoloraciones por la edad.</p>",Cremas,Rénergie,"<p>Crema Anti Signos de la Edad con Péptidos</p><p>Descubre por primera vez una concentración única de Ácido hialurónico, nuestro descubrimiento de 300 tipos de Péptidos y el poder de la Niacinamida en una crema de alto rendimiento.</p><´>La mayor concentración de dermoactivos de Lancôme, nunca antes vista en una fórmula patentada y de fácil absorción.</p>","<ol><li>Sobre la piel limpia, comienza con Rénergie H.C.F. Triple Serum para ayudar a corregir la piel capa por capa: arrugas, volúmenes, manchas oscuras. Aplica el equivalente a 2 pulsaciones y extiende uniformemente, con movimientos ascendentes.</li><li>Aplica la crema RÉNERGIE H.P.N. 300-Peptide para sellar todos los pasos anteriores y ayudar a que la piel se regenere más rápido, como una piel más joven.</li></ol>",Rénergie,3614273924061,8.0000
000319980,"Rénergie Triple Serum Eye",lancome-renergie-triple-serum-50-ml-000319980,https://ultrafemme.com/media/catalog/product/3/1/319980_3614272860377_01_abb0.png,"Suero antiedad","Todo tipo de piel",Mujer,3060.000000,,"<ul><li>-31% DE LÍNEAS DE EXPRESIÓN EN EL CONTRONO DE LOS OJOS*</li><li>+8% DE ELEVACIÓN DE LOS PÁRPADOS*</li><li>-15% DE VOLUMEN EN LAS BOLSAS DE LOS OJOS*</li></ul><p>*Evaluación clínica, 84 mujeres, 8 semanas.</p>",Lancôme,"<ul><li>ÁCIDO HIALURÓNICO + PÉPTIDO SNK​</li><li>C + NIACINAMIDA​</li><li>VITAMINA F​</li></ul>",Sueros,Rénergie,"Descubre la nueva revolución en el cuidado del contorno de los ojos. La eficacia anti-signos de la edad de alto rendimiento del nuevo Rénergie H.C.F Triple Sérum ahora para el contorno de ojos. Tres activos incompatibles y potentes: ácido hialurónico, C+Niacinamida, vitamina F los tres unidos en una sola dosis, potenciada con SNK-Péptido. Una combinación concentrada y precisa de ingredientes diseñados para tratar todo el contorno de los ojos. Resultados tan visibles que pensarías que son imposibles sin un procedimiento","<ul><li>Presiona para obtener los tres ingredientes y mézclalos utilizando las puntas de los dedos.</li><li>Aplica bajo los ojos con pequeños toques para reducir las bolsas y elevar los párpados.</li><li>Extiende hacia el contorno de los ojos para reducir las líneas de expresión y patas de gallo.​</li></ul><p>Aplicar una vez por la mañana y otra por la noche.​</p>",Rénergie,3614272860377,17.0000
000239052,"Uv Experte Milky Bright Spf 50",lancome-uv-experte-milky-bright-spf-50-50-ml-000239052,https://ultrafemme.com/media/catalog/product/f/7/f7123500_1_gvdjyraa4owsqihg.jpg,"Protector solar facial",,,1215.000000,,,Lancôme,,,,,,,4935421669139,2.0000
000316524,"Body Polishing Scrub Fragrance Originale 200 ml",moroccanoil-body-polishing-scrub-exfoliante-200-ml-000316524,https://ultrafemme.com/media/catalog/product/3/1/316524_7290113146266_01_5326.jpg,"Exfoliante corporal",,,689.000000,,,Moroccanoil,,Exfoliantes,"Fragrance Originale","Un exfoliante corporal suave formulado con una mezcla de aceites nutritivos para dejar la piel suave y tersa.","Masajee sobre la piel húmeda o seca 2-3 veces por semana según sea necesario. Enjuague.","Fragrance Originale",7290113146266,17.0000
000309868,"Aloe Sunblock 100 ml",nectar-maya-sun-block-cream-000309868,https://ultrafemme.com/media/catalog/product/3/0/309868_4260147330255_01_067b.png,"Protector solar corporal",,,359.000000,,"Protector solar natural para un cuidado inmediato y duradero. Gracias al Aloe vera natural, tu piel recibe la protección necesaria para ayudar a prevenir el envejecimiento prematuro. Es resistente al agua y de fácil aplicación, no deja sensación grasosa ni pegajosa.","Nectar Maya","Water, Aloe Barbadensis (Aloe vera) Leaf Juice, Kaolin, Vitis Vinifera (Grape) Seed Oil, Glycerin, Dicaprylyl Ether, Cetearyl Alcohol, Ceteareth-20, Ceteareth-12, Glyceryl Stearate, Cetyl Palmitate, Tocopheryl Acetate (Vitamin E), Ascorbic Acid, Octyl Methoxicinamato, DMDM Hydantoin, Phenoxyethanol, Benzyl Alcohol, Hydroxyacetophenone.","Protectores solares",,"Aloe SunBlock Cream SPF 50 Bloqueador solar y cuidado de la piel. Protector solar natural (100 ML).                       Protección UVA / UVB altamente efectiva.
 Resistente al agua.
 Para protección alta e inmediata.
 Sin perfume, sin colorantes, sin parabenos.
 No deja sensación grasosa ni pegajosa y de fácil aplicación. 
La combinación de ingredientes naturales reduce el riesgo de alergia al sol.
 Es a base de Aloe vera para una hidratación intensa y duradera.
 Dermatológicamente probada, hipoalergénico.
","Antes de tomar el sol, frote todo el cuerpo con suficiente crema solar. No olvides tus manos, pies y orejas. Repita la aplicación después del contacto con el agua y después de largos períodos de exposición al sol.",,4260147330255,5.0000
000309866,"Aloe Repellent Cream",nectar-maya-aloe-repellent-cream-100-ml-000309866,https://ultrafemme.com/media/catalog/product/0/7/0702_1_k8al3urxftmfpkxq.jpg,"Repelente de insectos",,,359.000000,,,"Nectar Maya",,,,,,,4260147330248,4.0000
000309867,"Hand Sanitizer",nectar-maya-hand-sanitizer-100-ml-000309867,https://ultrafemme.com/media/catalog/product/0/7/0703_1_xa78ur7kfc3upsb1.jpg,"Jabón de manos",,,359.000000,,,"Nectar Maya",,,,,,,4260147330262,2.0000
000309865,"Aloe Body Lotion",nectar-maya-aloe-body-lotion-250-ml-000309865,https://ultrafemme.com/media/catalog/product/0/5/0505_1_xk2cafrlbjs5j5ta.jpg,"Loción corporal",,,519.000000,,,"Nectar Maya",,,,,,,4260147330156,9.0000
000334574,"Suero Para Pestañas",olaplex-lashbond-serum-suero-para-pestanas-45-ml-000334574,https://ultrafemme.com/media/catalog/product/8/5/850018802642_1_gixjwujgd2vyk7hy.png,"Suero para pestañas",,,1700.000000,,,Olaplex,,,,,,,850018802642,7.0000
000303650,"The Ritual Of Jing Hand Mask 70 ml",rituals-jing-hand-mask-000303650,https://ultrafemme.com/media/catalog/product/3/0/303650_8719134051476_01_4436.png,"Mascarilla para manos",,,279.000000,,,Rituals,"Aqua/Water, Glycerin, Cetearyl Alcohol, Myristyl Myristate, Undecane, Glyceryl Caprylate, Sodium Phytate, Tocopherol, Santalum Album (Sandalwood) Wood Extract, Lavandula Angustifolia (Lavender) Flower Extract, Stearic Acid, Helianthus Annuus (Sunflower) Seed Oil, Parfum/Fragrance, Tridecane, Palmitic Acid, Sodium Cetearyl Sulfate, Linalool, Limonene, Geraniol, Coumarin, Citric Acid, Sodium Hydroxide.",Mascarillas,"The Ritual Of Jing","<p>Convierta su rutina a la hora de acostarse en una rutina calmante y bien equilibrada. Pon tu mente a dormir masajeándote las manos con The Ritual of Jing Hand Mask y respira la fragancia relajante. </p><p>Enriquecida con Madera Sagrada y Lavanda para ayudar a despejar la mente y promover la calidad del sueño, esta rica y lujosa mascarilla para manos fue desarrollada especialmente para calmar y suavizar las manos ásperas y secas.
</p><p>Disfrute de unas manos y cutículas más suaves y duerma más rápido gracias a la deliciosa fragancia calmante y a los efectos calmantes, casi tranquilizantes, del automasaje, conocido como una de las formas más fáciles y efectivas de promover la relajación y un mejor sueño.</p>",,"The Ritual Of Jing",8719134051476,15.0000
000325674,"The Ritual Of Jing Body Cream 220 ml",rituals-body-cream-crema-corporal-220-ml-000325674,https://ultrafemme.com/media/catalog/product/3/2/325674_8719134161151_01_f3ff.PNG,"Crema corporal",,,589.000000,,,Rituals,"Aqua/Water, Cetearyl Alcohol, Glycerin, Caprylic/Capric Triglyceride, Propylheptyl Caprylate, Undecane, Helianthus Annuus (Sunflower) Hybrid Oil, Parfum/Fragrance, Zizyphus Jujuba (Jujube) Fruit Extract, Nelumbo Nucifera (Lotus) Flower Extract, Tridecane, Tocopheryl Acetate, Tocopherol, Allantoin, Ubiquinone, Isohexadecane, Cetyl Palmitate, Ceteareth-20, Glyceryl Stearate, Propylene Glycol, Carbomer, Sodium Polyacrylate, Ceteareth-12, Phenoxyethanol, Caprylyl Glycol, Potassium Sorbate, Benzyl Alcohol, Benzyl Salicylate, Hexyl Cinnamal, Linalool, Alpha-Isomethyl Ionone, Sodium Hydroxide.",Cremas,"The Ritual Of Jing","<p>Nutre tu piel con una sensación de máxima relajación gracias a esta crema corporal de The Ritual of Jing. </p><p>La crema rica y nutritiva, que combina la fragancia floral y nutritiva de la flor de loto y el poder calmante y relajante de la azufaifa, deja tu piel con una sensación sedosa, suave al tacto.</p><p>
Tómate un momento para reducir el ritmo y aplica la crema nutritiva con movimientos circulares y ejerciendo una ligera presión.
</p><p>Este jabón de manos con un 93 % de ingredientes de origen natural está cuidadosamente seleccionado para beneficiar tu piel de manera óptima.El 7% restante es para garantizar la conservación y seguridad de los productos.</p>",,"The Ritual Of Jing",8719134161151,5.0000
000153654,"WrinkleResist24 Pure Retinol Express Smoothing Eye Mask",shiseido-pure-retinol-express-smoothing-eye-mask-000153654,https://ultrafemme.com/media/catalog/product/1/5/153654_729238110366_01_5f99.jpg,,,Mujer,1509.000000,,,Shiseido,,Mascarillas,Benefiance,"<p>Reduce la apariencia de las arrugas en un instante. Con tecnología de microinfusión japonesa de última generación, estas mascarillas para ojos elásticas y envueltas individualmente ofrecen retinol puro, una forma de vitamina A, con tecnología WrinkleResist24 para suavizar el aspecto de las arrugas del área alrededor de los ojos en tan solo una aplicación.</p><p>Contiene 12 láminas.</p>",,Benefiance,729238110366,4.0000
000316527,"Urban Environment Oil-Free Sunscreen SPF42 30 ml",shiseido-urban-environment-oil-free-sunscreen-spf-42-000316527,https://ultrafemme.com/media/catalog/product/3/1/316527_730852182097_01_e724.jpg,"Protector solar facial",,Unisex,789.000000,,,Shiseido,,"Protectores solares",Suncare,"El protector solar mineral liviano y sin aceites protege contra los dañinos rayos UV, hidrata la piel e incluso sirve como prebase para el rostro.",,Suncare,730852182097,32.0000
000293563,"Uplifting and Firming Express Eye Mask",shiseido-vital-perfection-uplifting-and-firming-express-eye-mask-000293563,https://ultrafemme.com/media/catalog/product/2/9/293563_729238163805_01_83e9.jpg,"Mascarilla para ojos",,Mujer,1829.000000,,,Shiseido,,Mascarillas,"Vital Perfection","<p>Una mascarilla para los ojos con retinol, que suaviza visiblemente y reafirma el área alrededor de los ojos en tan solo 1 semana.</p><p>Contiene 12 láminas.</p>",,"Vital Perfection",729238163805,9.0000
000312940,"Total Revitalizer Eye Cream 15 ml",shiseido-total-revitalizer-eye-15-ml-000312940,https://ultrafemme.com/media/catalog/product/3/1/312940_729238184107_01_a529.jpg,"Crema para contorno de ojos",,Hombre,1039.000000,,,Shiseido,,Cremas,"Shiseido Men","Una crema para el contorno de los ojos antienvejecimiento de alta eficacia formulada con tecnología de salvado de arroz que ayuda a mejorar cinco problemas de envejecimiento de la piel en hombres, como las arrugas, la flacidez, la aspereza y la pérdida de la firmeza.

<ul><li>48 horas de hidratación.*</li>
<li>Mejora visiblemente las ojeras en 4 semanas.*</li>
<li>Para todo tipo de piel.</li>
<li>Textura sedosa que se absorbe rápidamente.</li>
<li>Sin parabenos, sin aceites minerales.</li></ul>
No comedogénico. Sometido a pruebas oftalmológicas.",,"Shiseido Men",729238184107,6.0000
000295687,"Clear Sunscreen Stick SPF 50+ 15 gr",shiseido-clear-sunscreen-stick-spf-50-20-g-000295687,https://ultrafemme.com/media/catalog/product/2/9/295687_730852169807_01_3cb6.jpg,"Protector solar facial",,Unisex,669.000000,,,Shiseido,,"Protectores solares",Suncare,"Un filtro solar transparente en barra con SPF 50+ que funciona sobre y debajo del maquillaje para protegerte del sol en todo momento.",,Suncare,730852169807,35.0000
000264217,"Sports BB Cream SPF 50+ Sunscreen 30 ml",shiseido-sports-bb-cream-spf-50-sunscreen-tono-medium-30-ml-000264217,https://ultrafemme.com/media/catalog/product/2/6/264217_730852146587_01_c13b.jpg,,,Unisex,789.000000,,,Shiseido,"<p>ACTIVOS: Finalidad OCTINOXATO 4.9% ･････ Filtro solar DIÓXIDO DE TITANIO 15.0% ･････ Filtro solar</p><p>INACTIVOS:DIMETICONA･SÍLICE･BIS-PEG-18 ÉTER METIL DIMETIL SILANO･ISODODECANO･TRIMETHYLSILOXYSILICATO･SD ALCOHOL 40-B･TRIMETILSILOXISILICATO/POLÍMERO CRUZADO DE DIMETICONOL･MIRISTATO DE ISOPROPILO･HIDRÓXIDO DE ALUMINIO･PEG-9 POLIDIMETIL SILOXIETIL DIMETICONA･ÁCIDO ESTEÁRICO･ÁCIDO ISOSTEÁRICO･PALMITATO DE DEXTRINA･DISTEARDIMONIUM HECTORITE･BIS-BUTYL DIMETICONA POLIGLICERIL-3･LISINA LAUROIL･PEG/PPG-14/7 ÉTER DIMETIL･PCA DIMETICONA･FITOSTEROL/GLUTAMATO OCTILDODECIL LAURIL･FITOSTEROL MACADAMIA･LECITINA･EXTRACTO DE RAÍZ DE GLYCYRRHIZA GLABRA (REGALIZ)･SUCROSA TETRAESTEARATO TRIACETATO･POLIMETILSILSESQUIOXANO･TALCO･POLÍMERO CRUZADO DE METACRILATO DE METILO･ALÚMINA･POLISILICONA-2･TRIETOXICAPRILILSILANO･DIMETICONA DE HIDRÓGENO･TOCOFEROL･BHT･ETILPARABENO･FRAGANCIA･DIÓXIDO DE TITANIO･ÓXIDOS DE HIERRO･MICA･</p>","Protectores solares",Suncare,"<p>Un protector BB de secado rápido para una belleza duradera que no es pegajosa. Seca rápidamente la transpiracion para evitar que se corra el maquillaje, al tiempo que reacciona con el agua para mejorar la protección UV. Ayuda a darle a la piel un look natural, saludable y contorneado, para lograr un hermoso acabado que dura todo el día en el sol.</p><br><ul><li>Seca rápidamente la transpiración y el agua para prolongar el uso del maquillaje durante todo el día.</li><li>La tecnología WetForce protege de los rayos UVA y UBA incluso cuando está mojado.</li><li>Refrescante y fácil de usar.</li><li>Para todo tipo de piel. Sometido a pruebas dermatológicas. Sometido a pruebas oftalmológicas. No comedogénico.</li></ul>","<p>Agita bien antes de usar. Úsalo como último paso en tu rutina de tratamiento de la mañana. Coloca en la palma de tu mano una cantidad adecuada y pasa sobre el rostro uniformemente.</p>",Suncare,730852146587,36.0000
000294647,"Vital Perfection Liftdefine Radiance Serum Suero Facial",shiseido-vital-perfection-liftdefine-radiance-serum-suero-facial-40-ml-000294647,https://ultrafemme.com/media/catalog/product/1/0/10116871301_1_shumaouqt7eko2xv.jpg,Facial,,,3039.000000,,,Shiseido,,,,,,,768614168713,2.0000
000317714,"Exfoliating Enzyme Mask 40 g",sisley-exfoliating-enzyme-mask-000317714,https://ultrafemme.com/media/catalog/product/3/1/317714_3473311524355_01_d215.png,,,,3050.000000,,,"Sisley Paris","Papaína: exfolia suavemente la piel. - Polvo limpiador de origen vegetal (derivado de Glicina y Coco): limpia y purifica. - Vitamina B3 : favorece la uniformidad y la luminosidad de la tez. - Dúo de aceites esenciales de Lavanda y Mejorana: ofrece una fragancia reconfortante natural.",Mascarillas,,"<p>Un ""peeling"" suave de nueva generación, la Mascarilla Exfoliante Enzimática es un tratamiento preparatorio para la piel que revela en tan solo 1 minuto la uniformidad y la luminosidad de todo tipo de pieles, incluidas las sensibles. Un paso rápido para transformar la calidad de la piel gracias a dos acciones complementarias:</p>
<ol><li><p>Exfolia y prepara</p>
<p>La papaína, una enzima de origen 100% natural, exfolia suavemente la piel para prepararla idealmente para su posterior ritual de cuidado. La piel queda lisa, suave y sedosa.</p>

</li><li><p>Revela luminosidad</p>
<p>Una combinación de ingredientes clave perfeccionadores limpia y purifica la piel mientras promueve la uniformidad y luminosidad de la tez. La piel está más uniforme y radiante, resplandeciente de belleza.</p>

<p>Una textura transformadora de polvo en crema</p>
<p>Un polvo fino que se transforma en una rica crema espumosa al contacto con el agua, perfecto para aplicar como mascarilla. Este cuidado de la piel híbrido combina dos pasos expertos: el poder de un exfoliante y la suavidad de una mascarilla para una piel que está ""como nueva"" en un instante.
Su fragancia natural y delicada ofrece un momento real de confort.</p></li></ol>

<p>La mascarilla preparatoria de todas las rutinas.</p>
<p>Una o dos veces por semana, un doble uso para preparar idealmente la piel para el ritual de belleza.</p>
<ul><li>PRE-MASCARILLA: después de aplicar la Mascarilla Exfoliante Enzimática , seguir con la aplicación de una mascarilla adecuada a las necesidades de la piel (hidratación, luminosidad juvenil, nutrición, etc.).</li>
<li>CUIDADO PREVIO : después de aplicar la Mascarilla Exfoliante Enzimática, seguir con la aplicación del cuidado diario habitual.</li></ul>","Dispensa una cantidad de polvo del tamaño de una cucharadita en la palma de la mano y mezcla con las yemas de los dedos mientras agregas una pequeña cantidad de agua hasta que se forme una crema espumosa. Aplicar una fina capa por todo el rostro y el cuello, evitando la zona del contorno de ojos. Dejar actuar durante 1 minuto como máximo y enjuagar abundantemente con agua. Evitar contacto con los ojos. Continúa con los siguientes pasos de la rutina diaria de cuidado de la piel. Se puede usar 1-2 veces por semana.",,3473311524355,6.0000
000292698,"Sisleÿa L'Intégral Anti-Âge La Cure Set 10 ml",sisley-lintegral-anti-age-la-cure-000292698,https://ultrafemme.com/media/catalog/product/2/9/292698_3473311515209_01_fe4c.png,"Crema antiedad",,,28000.000000,,,"Sisley Paris",,Sets,,"<p>Resultados visibles a partir de la primera semana.</p><ul><li><p>Semana 1 - El despertar</p><p>Las defensas de la piel se refuerzan; la energía de las células se reactiva. La tez ya está más luminosa, la piel luce descansada.</p></li><li><p>Semana 2 - La renovación y desintoxicación</p><p<La calidad de la piel mejora. Se vuelve más suave, más firme y más lisa.</p></li><li><p>Semana 3 - La consolidación</p><p>La piel está más densa, más elástica, revitalizada. Los signos de la edad comienzan a disminuir.</p></li><li><p>Semana 4 - El renacimiento</p><p>Las arrugas están visiblemente atenuadas, la piel recobra la elasticidad, densidad y luminosidad de una piel más joven.</p></li></ul><p>Resultados visibles cada semana para un renacimiento completo de la piel al terminar el tratamiento.</p>","Aplicar el producto como único tratamiento sobre rostro y cuello por la mañana y por la noche durante 4 semanas.",,3473311515209,3.0000
000317715,"Nutritive Lip Balm 9 g",sisley-nutritive-lip-balm-000317715,https://ultrafemme.com/media/catalog/product/3/1/317715_3473311612007_01_a263.png,"Bálsamo labial",,,2000.000000,,,"Sisley Paris","Manteca de kokum: restaura - Manteca de mango: nutre - Aceite de karité: nutre, calma, suaviza y regenera - Aceite de semilla de ciruela: refuerza la barrera cutánea, aporta confort y flexibilidad - Aceite de jojoba: aporta suavidad y confort - Mezcla de Aceite de Lupino Blanco Dulce y concentrado de Aceite de germen de Trigo: antioxidante, mantiene la barrera cutánea. - Extracto de Padina pavonica: hidrata y rellena - Alfa-bisabolol de origen natural: calma y suaviza",Bálsamos,,"<p>Desde el viento hasta el frío, la contaminación y el estrés, son muchos los factores que pueden opacar la belleza de los labios y evidenciar el paso del tiempo.</p><p>Nutritive Lip Balm ultra nutritivo para labios secos o con molestias calma al instante y de forma duradera Suaviza los labios y los deja hermosos.</p><p>Elaborado con una mezcla de aceites (grano de ciruela, karité, altramuz blanco dulce y concentrado de aceite de germen de trigo) y mantecas botánicas (kokum y mango), este bálsamo restaurador revive la belleza de los labios para mantener el poder expresivo de tu sonrisa durante más tiempo. En un solo paso, los labios quedan suaves, tersos y voluminosos. El acabado no pegajoso lo hace ideal para preparar antes del maquillaje.</p><p>INMEDIATAMENTE</p><p>Los labios están visiblemente calmados, intensamente nutridos e hidratados, para una sensación de comodidad duradera.</p><p>DÍA TRAS DÍA</p><p>Los labios están restaurados, alisados y dejados más resistente a los agresores diarios.</p><p>Ahora regenerados, los labios se sienten más suaves, más tersos y visiblemente más hermosos.</p>","Aplicar en los labios tantas veces como se desee a lo largo del día.",,3473311612007,8.0000
000291866,"Floral Spray Mist 100 ml",sisley-floral-spray-mist-100-ml-000291866,https://ultrafemme.com/media/catalog/product/2/9/291866_3473311061058_01_b5be.png,,,,2350.000000,,,"Sisley Paris","Aciano : calma

Hamamelis : tonifica

Rosa : refresca, suaviza

Azahar : tonifica",Sprays,,"El rocío de Floral Spray Mist calma y relaja inmediatamente. Por la mañana, vigoriza suavemente la piel. También es ideal para refrescarse y revitalizar la piel durante todo el día. En la playa, es perfecto para hidratar la piel y refrescarla en segundos. Por la noche, ayuda a eliminar los últimos restos de maquillaje. Con cada aplicación la piel está hidratada y con una sensación de confort inmediato.","Vaporizar Eau Florale a unos 15-20 cm de la piel y dejar secar. Eau Florale también puede emplearse para fijar el maquillaje, aplicándola una vez terminado el maquillaje a unos 50cm del rostro.",,3473311061058,8.0000
000207012,"Gentle Cleansing Gel With Tropical Resins 120 ml",sisley-gentle-cleansing-gel-with-tropical-resins-120-ml-000207012,https://ultrafemme.com/media/catalog/product/2/0/207012_3473311415707_01_88ec.png,,,,2500.000000,,,"Sisley Paris","Extracto de Benjuí : purifica intensamente la piel

Extractos de Incienso y de Mirra : calman

Extracto de Malvavisco : hidrata la piel aportando moléculas capaces de captar el agua

D-Pantenol : hidrata y calma

Glicerina vegetal : hidrata y suaviza",Geles,,"Un limpiador en gel purificante que alivia y protege la piel. Las acciones de purificación y suavización de las Resinas Tropicales se ven reforzadas por las propiedades hidratantes del extracto de Malvavisco. Limpia perfectamente, la piel puede ""respirar"", las impurezas y el exceso de sebo se eliminan, los poros se limpian. La frescura y la luminosidad de la tez se restauran. No comedogénico. El uso diario y combinado de la línea de Resins Tropicales para el cuidado de la piel mejora la calidad de la piel. Inmediatamente, los poros están limpios, el exceso de sebo es eliminado. Perfectamente limpia, la piel es mate y purificada. Día tras día, la piel recobra resplandor.","Aplicar mañana y noche, sobre el rostro húmedo. Masajear con la yema de los dedos con movimientos circulares, evitando el contorno de los ojos. Enjuagar con agua tibia.",,3473311415707,4.0000
000328378,"Ecological Compound Advanced Formula 125 ml",sisley-ecological-compound-advanced-formula-125-ml-000328378,https://ultrafemme.com/media/catalog/product/3/2/328378_3473311142009_01_68a8.png,,,,6350.000000,,,"Sisley Paris","Extracto de ginseng: tonifica
Extracto de romero: estimula
Extracto de lúpulo: revitaliza
Extracto de cola de caballo: remineraliza
Extracto de centella asiática: regenera
Extracto de bardana: equilibra
Extracto de reina de los prados: fortalece",Emulsiones,,"La fórmula avanzada universal de Ecological Compound se adapta a las necesidades de cada tipo de piel para ayudarla a funcionar de manera óptima.

Esta fórmula única, reconocida por su exitoso complejo original de cinco extractos de plantas (Centella asiática, Ginseng, Lúpulo, Cola de Caballo , romero), ahora está enriquecido con dos nuevos ingredientes clave (extractos de bardana y reina de los prados).
Su pH es lo más cercano posible al de la piel.

Fórmula avanzada de compuestos ecológicos:
- Promueve un microbioma equilibrado y estimula los mecanismos de defensa naturales de la piel. La piel es más resistente y está mejor equipada para defenderse de los efectos nocivos del medio ambiente (contaminación, humo, radicales libres, etc.).
- Contribuye a la actividad óptima de las funciones vitales de la piel. La piel se revitaliza y recupera su tono y luminosidad.
- Hidrata y nutre la piel de forma duradera para dejarla más cómoda y flexible.

Equilibrada, fortalecida y revitalizada, la piel es más resistente y su calidad mejora visiblemente.

La fórmula avanzada de Ecological Compound es apta para hombres y mujeres de todas las edades, sea cual sea su tipo de piel.

Su textura tipo “segunda piel” es fluida, confortable, no grasa y deja la piel mate. Se puede aplicar sola o antes de cualquier otro producto para el cuidado de la piel para optimizar el resto de la rutina.","Utilizar movimientos ligeros para aplicar la fórmula avanzada de Ecological Compound en el rostro y cuello limpios y secos por la mañana y por la noche.",,3473311142009,7.0000
000310840,"Supremÿa At Night The Supreme Anti-Aging Skin Care Lotion 140 ml",sisley-supremya-at-night-the-supreme-anti-aging-skin-care-lotion-140-ml-000310840,https://ultrafemme.com/media/catalog/product/3/1/310840_3473311540706_01_92c3.png,,,,6950.000000,,,"Sisley Paris"," - Solución de Biosacáridos: proporciona una hidratación óptima inmediata y a largo plazo*.
- Glicerina de origen vegetal: atrae y retiene agua en la piel.
- Provitamina B5: mantiene la hidratación de la piel mientras la calma.
- Extracto de vid roja: estimula, tonifica y prepara la piel para recibir los siguientes productos de cuidado de la piel.
- Extracto de Sophora japonica: antioxidante, potencia la resistencia de la piel * y activa los mecanismos nocturnos.
- Extracto de péptido de soya, adenosina: antiarrugas.
- Extracto de chufa: restaura la vitalidad y el tono de la piel *.
- Extracto de padina pavonica: rellena y promueve la apariencia de la piel elástica.
* Probado in vitro
",Lociones,,"<p>Durante el día, mientras la piel utiliza toda su energía luchando y protegiéndose de los factores externos de estrés, es por la noche, cuando está resguardada del estrés y se activan los procesos naturales de reparación de la piel. La noche es, por tanto, el tiempo óptimo para la regeneración de la piel para luchar eficazmente contra los signos visibles del envejecimiento. Es la comprensión de esta cronobiología cutánea la que da origen a la Colección Supremÿa.</p><p>Supreme Anti-Aging Skin Care Lotion es el preludio del ritual Supremÿa At Night para preparar la piel y mejorar su receptividad a los productos regeneradores posteriores. Un paso imprescindible y altamente sensorial para despertar el poder de la noche, con tres acciones:</p><ul><li><p>Hidrata intensamente</p><p>Una combinación de ingredientes clave hidratantes prepara idealmente la piel para el ritual de cuidado de la piel para estimular la absorción óptima de los ingredientes posteriores. La piel está intensamente hidratada, más flexible, suave y sedosa.</p></li><li><p>Estimula y tonifica</p><p>Supreme Anti-Aging Skin Care Lotion mejora la receptividad de la piel a los beneficios del tratamiento Supremÿa. La piel se revitaliza y tonifica.</p></li><li><p>Activa los mecanismos nocturnos</p><p>Infunde la piel con ingredientes antiedad clave para activar los mecanismos nocturnos y, por lo tanto, iniciar el poder regenerador del ritual Supremÿa At Night. El rostro está visiblemente renovado y descansado, la piel luce regenerada.</p></li><li><p>Innovadora y ultrasensorial</p><p>Su preciosa textura crea una sensación de frescor y se transforma en un cómodo y envolvente velo cuando se masajea.</p><p>No grasosa, sedosa y suave, la loción suprema antienvejecimiento para el cuidado de la piel deja un imperceptible acabado aterciopelado en la superficie de la piel. Las sutiles notas florales de la firma Supremÿa (rosa de Damasco, magnolia y geranio) ofrecen un bouquet olfativo para un momento de absoluto bienestar.</p></ul>","Por la noche, aplicar de 2 a 3 pumps en el rostro y el cuello completamente limpios utilizando la siguiente técnica de activación, hasta que la loción se absorba por completo, luego continúa con la aplicación de los productos para el cuidado de la piel de la colección Supremÿa.

",,3473311540706,5.0000
000215998,"Restorative Body Cream 200 ml",sisley-restorative-body-cream-200-ml-000215998,https://ultrafemme.com/media/catalog/product/2/1/215998_3473311533111_01_5f28.png,"Crema reparadora",,,4400.000000,,,"Sisley Paris","Manteca de karité: nutre, calma, repara, suaviza y protege Zanahoria: revitaliza, hidrata Solución de biosacáridos: crea una película húmeda en la superficie de la piel Derivado del azúcar de Trigo: promueve la fijación de agua en el estrato córneo Extracto de Jioh: hidrata Extracto de Castaño: regula la función de barrera de la piel Manteca de Karité: repara y suaviza Fitoescualano: nutre y suaviza Aceite de andiroba: regenera y calma Alantoína: calma Acetato de vitamina E: anti-radicales libres",Cremas,,"<ol><li>Hidratar al instante y de forma duradera gracias a un complejo hidratante inédito: La solución de Biosacáridos que se obtiene a partir de Maíz y Soja. Gracias a este activo, la hidratación de la piel aumenta progresivamente hasta alcanzar su máximo dos horas después de la aplicación.
El derivado de azúcar de Trigo favorece la fijación del agua en la capa córnea para una hidratación óptima, inmediata y duradera. Auténtico acumulador de agua, actúa como una reserva natural.</li><li>Refuerza la función de barrera gracias a un activo que garantiza el equilibrio hídrico de la piel: El extracto de Castaña actúa en varios niveles limitando la pérdida de agua y manteniendo el equilibrio hídrico natural de la piel: consolida la barrera lipídica de la piel y refuerza la capa córnea. De este modo, permite retener mejor el agua en el corazón de la epidermis.</li><li>Nutre, repara y calma con ingredientes que actúan como auténticos Bálsamos Corporales: La manteca de Karité, rica en ácidos grasos esenciales, el aceite de Andiroba, la Alantoína y el Fitoescualeno con propiedades emolientes y calmantes actúan juntos para reparar, nutrir y proporcionar un confort absoluto a la piel.
Inmediatamente se alivian las sensaciones de inconfort, la piel está más flexible y fresca al instante, queda hidratada de forma duradera, como regenerada. Día tras día es más resistente a las agresiones externas.</li></ol>","Aplicar Restorative Body Cream tantas veces como resulte necesario, sobre el rostro, el cuello y el escote o localmente sobre las zonas irritadas. Ideal después de la exposición al sol.",,3473311533111,5.0000
000302748,"Sisleÿa L'Intégral Anti-Âge Radiance Anti-Dark Spot Serum 30 ml",sisley-lintegral-anti-age-radiance-anti-dark-spot-serum-30-ml-000302748,https://ultrafemme.com/media/catalog/product/3/0/302748_3473311505101_01_59bf.png,Facial,,,13850.000000,,,"Sisley Paris","Extracto de Lansium y Hexylresorcinol: acción anti-manchas Complejo mineral [zinc, cobre y magnesio], extracto de hoja de ginkgo biloba, extracto de rosa mosqueta: acción tonificante, anti-radicales libres, antioxidante anti-glicación Extracto de péptido de soja y adenosina: acción sobre el colágeno, mejora la calidad de la piel Extracto de Lindera: ritmo celular Extracto de acacia persa: energía celular Complejo proteico de levadura y soja: longevidad celular Extracto de semilla de avena: suaviza la textura de la piel Glicerina y azúcar de origen vegetal: hidratación inmediata y a largo plazo",Sueros,,"<p>The Radiance Anti-Dark Spot Serum combina 3 acciones expertas ultracompletas:</p><ol><li><p>Reducir la aparición de manchas oscuras</p><p>INNOVACIÓN:</p><p> El extracto de Lansium, nuevo ingrediente clave de Sisley, y el Hexylresorcinol, molécula experta anti-manchas, actúan juntos para luchar contra la aparición de manchas oscuras. Día tras día, la tez es más uniforme.</p></li><li><p>Ilumina y refresca la tez Gracias a la combinación única de un complejo mineral y dos potentes activos de origen natural con propiedades tonificantes, la piel se ilumina, recupera una nueva luminosidad.</p></li><li><p>Mejora la calidad de la piel. El extracto de péptido de soja combinado con Adenosina actúa en diferentes niveles dentro de la piel, devolviendo toda su luminosidad superficial. El extracto de semillas de avena ayuda a suavizar la textura de la piel.</p></li></ol><p>SU TEXTURA:</p><p>Este gel-sérum ultraligero se mezcla instantáneamente con la piel, ofreciendo un acabado no graso y una sensación de segunda piel.</p><p>Al instante, la textura de la piel se vuelve más suave, hidratada y radiante. Día tras día, el tamaño y la intensidad de las manchas oscuras se reducen visiblemente. La peil se ilumina y recupera su frescura. El tono es más uniforme y recupera su luminosidad luciendo más joven.</p>","Por la mañana y por la noche, después de la Essential Skin Care Lotion, aplica 2 pumps de suero en el rostro y el cuello siguiendo la siguiente técnica: 1 / Aplicar el sérum con ligeros toques desde el centro del rostro hacia afuera. 2 / Estimular la piel con un masaje dinámico en la superficie, utilizando los nudillos, por todo el rostro y el cuello. 3 / Activar la luminosidad de la piel realizando pequeños pellizcos tonificantes con el pulgar y el índice por todo el rostro y cuello.",,3473311505101,4.0000
000294121,"Phyto-Blanc Correcting Brightening Moisturizer Multi-Defense Shield SPF50+ PA+++ 40 ml",sisley-phyto-blanc-correcting-brightening-moisturizer-multi-defense-shield-spf-50-pa-40-ml-000294121,https://ultrafemme.com/media/catalog/product/2/9/294121_3473311590305_01_5e72.png,"Crema hidratante",,,8250.000000,,,"Sisley Paris","Complejo Phyto-Blanc patentado *: aclara y anti-manchas Extracto de Rosa Mosqueta: antiglicación Extracto de Lenteja verde: suaviza y cierra los poros dilatados Bisabolol de origen natural: calma Dióxido de Titanio: protege contra los rayos UVA, UVB Extracto de semillas de trigo Sarraceno: anticontaminación Acetato de vitamina E: antiradicales libres Provitamina B5, aceite de Macadamia, glicerina de origen vegetal: hidratan y suavizan * Patente pendiente en Francia",Cremas,,"<p>El escudo urbano de nueva generación Phyto-Blanc Le Soin, un producto excepcional patentado * para el cuidado de la piel que ilumina y previene la aparición de manchas. Su objetivo es reequilibrar el tono de la tez mientras protege a la piel de los diferentes tipos de daños urbanos y ambientales. Tiene 3 acciones:</p><ol><li>ARMONÍA DE COLORES La combinación perfecta de un complejo patentado e ingredientes claves de origen natural seleccionados proporcionará una acción específica sobre la apariencia de las manchas oscuras mientras reequilibra la armonía del color de la tez. Disminuye visiblemente el color amarillento de la tez y mejora el aspecto gris y opaco al tiempo que reduce el componente rojo y unifica visiblemente la piel.</li><li>PROTECCIÓN GLOBAL Un escudo urbano único, Le Soin protege la piel del daño ambiental (rayos UV, contaminación) y la hace más resistente al estrés oxidativo.</li><li>ACCIÓN DE BELLEZA Un producto para el cuidado de la piel intensamente hidratante con un velo perfeccionador que suaviza y refina la textura de la piel, además de reducir la apariencia de poros dilatados.</li></ol><p>Al instante, la piel está más hidratada, protegida y embellecida. Día tras día, la piel se unifica y las manchas son menos visible. Le Soin reaviva la luminosidad de la tez para una piel más radiante.</p>","Aplicar el tratamiento en el rostro por la mañana como paso final de la rutina de tratamiento Phyto-Blanc. No deja marcas blancas. Resistente al sudor y la humedad. Para todo tipo de piel.

",,3473311590305,5.0000
000310847,"All Day All Year 50 ml",sisley-all-day-all-year-50-ml-000310847,https://ultrafemme.com/media/catalog/product/3/1/310847_3473311623508_01_8828.png,,,,11050.000000,,,"Sisley Paris","Polisacáridos de malvavisco1: acción anti-adherencia de los contaminantes Extracto de mirto2: neutraliza los contaminantes Extracto de semillas de sésamo3: refuerza la función barrera Extracto de diente de león4: limita los efectos nocivos de los contaminantes y los rayos UV Extracto de Sophora japonica5: estimula las defensas antioxidantes Extracto de hoja de sauce blanco6: acción anti-colagenasa y anti-elastasa y estimula la síntesis de colágeno Adenosine6: antiarrugas Glicerina vegetal: hidrata Manteca de karité: nutre, calma y regenera 1 pruebas ex vivo / 2 pruebas in tubo / 3 pruebas in vivo / 4 pruebas in vitro / 5 pruebas in vivo, ex vivo e in vitro / 6 pruebas in tubo e in vitro """,Cremas,,"<p>Durante el día, nuestra piel utiliza su energía para protegerse. All Day All Year es el producto de cuidado de día perfecto, que apoya la piel actuando como un escudo protector global. Protege la piel mientras activa sus mecanismos de autodefensa para mantener la piel luce más joven durante más tiempo.</p>

<p>Al diseñar All Day All Year, los Laboratorios Sisley estudiaron los factores internos y ambientales a los que estamos expuestos a lo largo de nuestra vida. Estos factores se agrupan bajo el término científico exposoma, que engloba Las radiaciones solares, la contaminación y el humo del cigarrillo en particular, son responsables del 80% del envejecimiento cutáneo.</p>

<p>La fórmula compleja y altamente concentrada de All Day All Year protege la piel de los agresores que causan el envejecimiento prematuro y la realza. -poder de defensa* gracias a dos escudos físicos y biológicos complementarios.</p>

<p>El escudo físico proporciona una protección integral en la superficie de la piel:</p>
<ul><li>Contra los rayos UVA y UVB durante todo el día*, mediante su filtros encapsulados que no penetran la piel.</li>
<li>Contra los contaminantes para limitar su penetración en la piel.</li></ul>

<p>Dentro de la piel, el escudo biológico estimula sus defensas naturales al:</p>
<li>Fortalecer la barrera cutánea.</li>
<li>Activar las capacidades de autodefensa de la piel para limitar los efectos nocivos de los contaminantes y los rayos UV.</li> contaminantes y los rayos UV.
<li>Proporcionar una acción antienvejecimiento.</li>

<p>Un escudo global que protege inmediatamente la piel en la superficie, refuerza su resistencia y estimula su poder natural.</p>

<p>Su textura confortable y fundente deja un acabado sedoso y sin brillo en la piel. y permite aplicar el maquillaje poco después de su aplicación.</p>

<p>Su frasco de vidrio ha sido diseñado para ser reciclable, en particular mediante una bomba extraíble y el uso de vidrio compatible con las tecnologías de reciclaje.</p>

<p>El poder de defensa de la piel se fortalece. La piel queda más tersa, suave y confortable. Las arrugas y las líneas finas se reducen, la piel está más densa. Es más bella, más luminosa y luce más joven por más tiempo.</p>","Para ser utilizado por la mañana. Aplicar como una ""capa superior *"" protectora sobre el cuidado diario de la piel. La textura hidrata y nutre la piel lo suficiente como para usarla sola si se desea. Se puede utilizar en todas las edades para preservar su belleza. Para un tratamiento anti-edad mejorado, utiliza All Day All Year por la mañana y Le Grand Soin Supremya La Nuit por la noche. Ambos tratamientos siguen el ciclo de actividad de la piel, que se protege durante el día y se regenera por la noche. *último paso """,,3473311623508,9.0000
000314515,"Face Sculptor",skin-gym-face-sculptor-000314515,https://ultrafemme.com/media/catalog/product/3/1/314515_855331008344_01_f153.png,,,,1719.000000,,"Drenaje linfático
Relajación muscular
Reduce la hinchazón de la piel","Skin Gym",,Accesorios,"Skin Gym","Siéntate y rueda. Date un masaje facial profundo que rejuvenece y amasa tus músculos, todo desde la comodidad de tu sofá. Diseñado para imitar los beneficios de un masaje facial profesional profundo y amasador, el Rodillo de Belleza Skin Gym Face Sculptor™ te ayuda a obtener un aspecto radiante desde la comodidad de tu hogar. Dos extremos redondos ruedan juntos y abrazan tu rostro para ayudar a contornear y esculpir.","1. Aplica tu cuidado de la piel favorito para facilitar el deslizamiento.
2. Rueda hacia arriba y hacia afuera en movimientos largos y lentos durante 5-10 minutos.
3. Lava el rodillo con agua tibia y sécalo completamente.","Skin Gym",855331008344,1.0000
000314576,"Blackhead Extractor",tweezerman-extractor-de-puntos-negros-000314576,https://ultrafemme.com/media/catalog/product/3/1/314576_38097018349_01_9e9e.png,,,Unisex,599.000000,,"Presiona, aprieta, enrolla y levanta los puntos negros en 4 sencillos pasos 
Curvado hacia arriba, la forma única del extractor de puntos negros permite al usuario exprimir de forma segura los puntos negros visibles.",Tweezerman,,Accesorios,"Studio Collection","El último avance en extracciones, esta herramienta de eliminación de puntos negros probada por dermatólogos tiene una forma única para eliminar de manera experta los puntos negros visibles en casa. Fabricada en acero inoxidable, tiene toda la comodidad y calidad de las codiciadas pinzas Tweezerman que conoce y en las que confía.","Limpie la herramienta antes de cada uso con alcohol. Lave la piel con agua tibia y un limpiador suave para abrir los poros. Seque la piel con palmaditas.
Con una mano, sostenga la herramienta con el pulgar y el índice, similar a una pinza. Con la mano opuesta, mantenga la piel tensa.
Centre el punto negro dentro de las puntas de herramientas. La parte plana de las puntas debe estar paralela a la superficie de la piel, los extremos puntiagudos deben mirar hacia arriba y lejos de la piel.
Presione ligeramente el cuerpo de la pinza para forzar la salida del punto negro. Gire la herramienta hacia adelante y tire hacia arriba y lejos de la piel. Los extremos de las puntas no deben entrar en contacto con la piel.
No lo use en los labios, dentro o alrededor de los ojos, párpados, debajo del área de los ojos y/o las cejas.","Studio Collection",38097018349,4.0000
000126679,"No-Slip Skincare Tool ",tweezerman-piel-antideslizante-acero-inoxidable-000126679,https://ultrafemme.com/media/catalog/product/1/2/126679_38097000528_01_18cc.png,,,Unisex,519.000000,,"Elimina puntos negros y puntos blancos de forma segura e higiénica, ya que el uso de los dedos puede causar cicatrices o infecciones.",Tweezerman,,Accesorios,"Studio Collection","Stainless Steel No Slip Skin! Elimina de forma segura y cuidadosa las espinillas y puntos blancos con este esencial de doble cara de acero inoxidable para el mantenimiento de la piel. ","Antes de usar esterilice la herramienta con alcohol o jabon antibacterial. Uselo solo en la piel previamente limpia. Use una toallita caliente para abrir los poros. Para los puntos blancos, espere hasta que la mancha se haya abierto y luego deslice suavemente el lazo largo y plano sobre él para liberar los residuos del poro. Use el alambre en angulo más pequeño presionar suavemente los puntos negros.","Studio Collection",38097000528,2.0000
000308987,"Pure Seduction Shim Lot",victorias-secret-pure-seduction-shim-lot-236-ml-000308987,https://ultrafemme.com/media/catalog/product/2/6/26310700_1_ybd9y9y0hyzq7gcy.jpg,"Loción corporal",,,499.000000,,,"Victoria´S Secret",,,,,,,667558437650,74.0000
000256062,"Mending Infusion 75 ml",moroccanoil-infusion-reparadora-75-ml-000256062,https://ultrafemme.com/media/catalog/product/h/a/hair-moroccanoil-mending-infusio_sctfhpdgaw2ntlmb.png,,,,549.000000,,,Moroccanoil,"Aqua/water/eau, dimethicone, glycerin, cyclohexasiloxane, hydroxyethyl acrylate/sodium acryloyldimethyl taurate copolymer, squalane, argania spinosa (argan) kernel oil, hydrolyzed quinoa, hydrolyzed adansonia digitata seed extract, camellia sinensis (green tea) leaf extract, chamomilla recutita (matricaria) flower extract, lavandula angustifolia (lavender) flower extract, parfum/fragrance, coconut alkanes, peg-40 castor oil, galactoarabinan, polysorbate 60, dilinoleic acid/propanediol copolymer, sorbitan isostearate, benzophenone-4, panthenol, coco-caprylate/caprate, xylitol, ethyl macadamiate, citric acid, benzophenone-3, tocopherol, malic acid, sulfuric acid, potassium sorbate, sodium benzoate, benzyl alcohol, phenoxyethanol. momi01",Sueros,,"Sella instantáneamente las puntas abiertas para una apariencia sedosa y recién cortada con Mending Infusion. Este finalizador de solución rápida no solo sella hasta el 90 % de las puntas abiertas, sino que también nutre y ayuda a fortalecer el cabello para prevenir daños futuros y tratar las hebras debilitadas. Creada para usar en cabello seco, la fórmula ultraligera y de rápida absorción incluye aceite de argán para un acabado satinado, extracto de alerce para envolver físicamente las hebras y unir las puntas deshilachadas, y una mezcla de ingredientes de origen natural para ayudar a tratar el cabello fortaleciéndolo. mejorando la elasticidad y protegiendo contra futuras roturas.","Aplique una cantidad del tamaño de una moneda de diez centavos entre las palmas y extiéndala sobre el cabello seco, centrándose en las puntas. Vuelva a aplicar sobre las puntas secas y/o abiertas para acondicionar y unir según sea necesario.",,7290016664591,18.0000
000305903,"The Ritual Of Karma Hand Lotion 70 ml",rituals-the-ritual-of-karma-hand-lotion-70-ml-000305903,https://ultrafemme.com/media/catalog/product/3/0/305903_8719134051506_01_31d0.png,,,,279.000000,,,Rituals,"Aqua/Water, Cetearyl Alcohol, Glyceryl Stearate, Propylene Glycol, Glycerin, Dicaprylyl Carbonate, Myristyl Myristate, Undecane, Glyceryl Caprylate, Sodium Phytate, Tocopherol, Camellia Sinensis Leaf Extract, Nelumbo Nucifera Flower Extract, Parfum/Fragrance, Tridecane, Sodium Cetearyl Sulfate, Alcohol, Benzyl Alcohol, Benzyl Salicylate, Limonene, Linalool, Hexyl Cinnamal, Alpha-Isomethyl Ionone, Citronellol, Citral, Citric Acid, Sodium Hydroxide.",Lociones,"The Ritual Of Karma","<p>La salud y la protección están en tus manos gracias a esta loción para manos de The Ritual of Karma. </p><p>La lujosa fórmula, que contiene más del 95 % de ingredientes naturales, ha sido especialmente desarrollada para calmar y suavizar las manos. </p><p>Realzada con el hermoso aroma del loto sagrado y el té blanco, la loción se absorbe rápidamente en la piel.</p>",,"The Ritual Of Karma",8719134051506,13.0000
000321435,"The Ritual Of Karma Mild Body Scrub Clay 100 ml",rituals-the-ritual-of-karma-mild-body-scrub-100-ml-000321435,https://ultrafemme.com/media/catalog/product/3/2/321435_8719134118339_01_11c6.png,,,,269.000000,,,Rituals,"Aqua/Water, Cetearyl Alcohol, Hydrated Silica, Kaolin, Glycerin, Stearic Acid, Caprylic/Capric Triglyceride, Butyrospermum Parkii (Shea) Butter, Parfum/Fragrance, Cocos Nucifera (Coconut) Oil, Bambusa Arundinacea Stem Extract, Camellia Sinensis Leaf Extract, Nelumbo Nucifera Flower Extract, Ethylhexylglycerin, Tocopherol, Disodium EDTA, Xanthan Gum, Sodium Cetearyl Sulfate, Sodium Stearoyl Glutamate, Sodium Stearoyl Lactylate, Polyacrylamide, C13-14 Isoparaffin, Laureth-7, Sodium Chloride, Sodium Sulfate, Benzyl Salicylate, Citral, Citronellol, Hexyl Cinnamal, Linalool, Alpha-Isomethyl Ionone, Limonene, Phenoxyethanol, Sodium Benzoate, Potassium Sorbate, Sorbic Acid, Citric Acid, CI 42090 (Blue 1), CI 77891 (Titanium Dioxide).",Exfoliantes,"The Ritual Of Karma","<p>Date un capricho con esta suave arcilla exfoliante de The Ritual of Karma, especialmente desarrollada para pieles sensibles. </p><p>Compuesto por un 94 % de ingredientes de origen natural con partículas de bambú ultrafinas y arcilla de caolín, el exfoliante elimina de forma suave pero eficaz las células muertas e hidrata la piel. </p><p>La arcilla de caolín elimina suavemente las células muertas y opacas de la piel, absorbe las impurezas y deja la piel con una sensación súper suave. La base de pasta favorece la absorción de valiosos ingredientes activos. Este exfoliante se puede utilizar con más frecuencia durante la semana gracias a su base suave. </p><p>Masajee su piel con movimientos circulares y respire la fragancia fresca y floral del té blanco, que se dice que agudiza los sentidos. Este exfoliante con 94 % de ingredientes de origen natural está cuidadosamente seleccionado para beneficiar su piel de manera óptima.</p><p> El 6 % restante son ingredientes limpios y conscientes elaborados en laboratorio que respaldan la integridad y seguridad de nuestras formulaciones.</p>",,"The Ritual Of Karma",8719134118339,5.0000
000333870,"Mascarilla Facial Iluminadora Con Vitamina-C",beauty-pro-mascarilla-facial-iluminadora-con-vitamina-c-000333870,https://ultrafemme.com/media/catalog/product/3/3/333870_5060601930934_01_0783.jpg,"Mascarilla hidratante","Todo tipo de piel",,99.000000,,<ul><li>Iluminador</li><li>Antiedad</li><li>Hidratante</li></ul>,"Beauty Pro","Vaccinium Angustifolium (Blueberry) Fruit Extract, Glycerin, Pentylene Glycol, Citrus Limon (Lemon) Fruit Extract, Hippophae Rhamnoides Fruit Extract, Citrus Limon (Lemon) Fruit Oil, Hibiscus Esculentus Fruit Extract, Dioscorea Opposita Root Extract, Linum Usitatissimum Seed Extract, Salvia Hispanica Seed Extract, Hedera Helix (Ivy) Leaf Extract, Decyl glucoside, Limonene, Citral",Mascarillas,,"<p>Obtenga su brillo con nuestra mascarilla facial con VITAMINA C. Esta fórmula a base de plantas utiliza arándanos, cítricos de yuzu y espino amarillo para ayudarlo a lograr una piel energizada, hidratada y suave.
</p><p>
La mascarilla de lámina utiliza nuestro embalaje 100% biodegradable. Una vez abiertas, nuestras nuevas bolsas ecológicas comienzan a biodegradarse inmediatamente, tardando solo el 1 % del tiempo en comparación con el plástico tradicional. ¡Eso significa entre 500 y 5 años sin rastros de microplásticos en el suelo o el mar! Este material biodegradable respetuoso con el medio ambiente se puede desechar en la basura general, en contenedores de reciclaje y en abonos domésticos; se biodegradará en todos los entornos.
</p><p>
La mascarilla en sí está fabricada con fibras de bambú, que no solo minimizan la sensibilidad de la piel sino que también hacen que la mascarilla sea biodegradable.  

Este tratamiento de vitamina C de 15 minutos minimiza los signos de cansancio y envejecimiento al impulsar la producción de colágeno para renovar la piel. Esto da como resultado una piel que se siente elástica, uniforme y lista para afrontar el día.
</p><p>
Arándano: además de sus propiedades iluminadoras, la fruta también ayuda a reducir el enrojecimiento, igualar el tono de la piel y minimizar la aparición de hiperpigmentación y ojeras.
</p><p>
Yuzu Citrus: este ingrediente antienvejecimiento ayudará a reducir la apariencia de líneas finas y arrugas para crear una superficie que se siente firme, tersa y fresca.
</p><p>
Espino amarillo: esta fruta es una fuente de hidratación para la piel, rica en vitaminas A, C y E, ayudará a retener la humedad en la piel y la protegerá de la contaminación, los radicales libres y los factores estresantes ambientales.</p>","<ol><li>Asegúrese de quitar todo el maquillaje y limpie la piel para prepararla para la aplicación de la mascarilla.</li><li>Retire la mascarilla del embalaje y despliegue con cuidado la mascarilla. </li><li>Colóquelo en la cara y asegúrese de una buena cobertura, úselo durante 15 a 20 minutos.</li><li>Después de que hayan pasado 15 - 20 minutos, retira la mascarilla.</li></ol>",,5060601930934,1.0000
000333879,"Guantes Hidratantes Hand Therapy",beauty-pro-guantes-hidratantes-hand-therapy-000333879,https://ultrafemme.com/media/catalog/product/3/3/333879_5060040641651_01_22dc.jpg,"Mascarilla para manos","Todo tipo de piel",,99.000000,,<ul><li>Hidratante</li><li>Antienvejecimiento</li></ul>,"Beauty Pro","Aqua,Glycerin,PEG-8,Paraffinum Liquidum,Butylene Glycol,Cetearyl Alcohol,Cetyl Ethylhexanoate,Dimethicone,PEG-40 Stearate,Sorbitan Sesquioleate,Stearic Acid,Butyrospermum Parkii (Shea) Butter,Hydrogenated Vegetable Oil,Phenoxyethanol,Argania Spinosa Kernel Oil,Carbomer,Rosa Centifolia Flower Extract,Hydrolyzed Collagen,Betaine,Potassium Hydroxide,1,2-Hexanediol,Caprylyl Glycol,Illicium Verum (Anise) Fruit Extract,Disodium Edta,Linalool,Hexyl Cinnamal,Tocopheryl Acetate,Urea,Pyrus Malus (Apple) Fruit Extract,Citrus Limon (Lemon) Fruit Extract,Citrus Aurantium Dulcis (Orange) Fruit Extract,Olea Europaea (Olive) Fruit Extract,Vitis Vinifera (Grape) Fruit Extract,Citrus Aurantifolia (Lime) Fruit Extract,Limonene,Citronellol,Citral,Parfum",Mascarillas,,"<p>Los guantes de terapia de manos BEAUTYPRO son la solución perfecta para las manos secas, especialmente para los meses de invierno, cuando la piel es más susceptible a la sequedad.</p><p>Este tratamiento de 20 minutos nutrirá e hidratará profundamente las manos, dejándolas suaves y flexibles.</p><p>Repleta de poderosos extractos naturales: anís estrellado, oliva y manzana, esta fórmula es extremadamente eficaz para suavizar y rehidratar la piel, lo que da como resultado una piel fortalecida y suavizada. El anís estrellado tiene propiedades hidratantes y antiinflamatorias, por lo que es perfecto para usar en pieles secas e irritadas. La aceituna ayuda a este proceso a través de una hidratación profunda, reduciendo la aparición de líneas finas e hinchazón. La manzana también es un exfoliante natural, por lo que te ayuda a conseguir unas manos suaves y tersas. </p><p>Estos guantes de terapia 100% veganos también ofrecen yemas de los dedos extraíbles para permitir que se usen durante una manicura o mientras trabajas.</p>","<ol><li>Simplemente limpie las manos, deslice las manos dentro de los guantes. </li><li>Retire las puntas si es necesario y luego retírelas después de 20 minutos. </li><li>Una vez retirado, aplicar el exceso de sérum en las manos.</li></ol>",,5060040641651,31.0000
000333880,"Foot Therapy Botines Nutritivos",beauty-pro-botines-nutritivos-foot-therapy-000333880,https://ultrafemme.com/media/catalog/product/3/3/333880_5060040641668_01_332a.jpg,"Mascarilla para pies","Todo tipo de piel",,99.000000,,<ul><li>Hidratante</li><li>Rejuvenecedor</li></ul>,"Beauty Pro","Aqua,Glycerin,PEG-8,Butylene Glycol,Paraffinum Liquidum,Cetearyl Alcohol,Cetyl Ethylhexanoate,Dimethicone,PEG-40 Stearate,Sorbitan Sesquioleate,Stearic Acid,Hydrolyzed Collagen,Butyrospermum ParkII (Shea) Butter,Hydrogenated Vegetable Oil,Betaine,Phenoxyethanol,Argania Spinosa Kernel Oil,Carbomer,Potassium Hydroxide,1,2-Hexanediol,Caprylyl Glycol,Illicium Verum (Anise) Fruit Extract,Disodium Edta,Linalool,Hexyl Cinnamal,Tocopheryl Acetate,Urea,Sodium Hyaluronate,Jania Rubens Extract,Mentha Piperita (Peppermint) Leaf Extract,Prunus Amygdalus Dulcis (Sweet Almond) Fruit Extract,Melaleuca Alternifolia (Tea Tree) Leaf Extract,Lonicera Japonica (Honeysuckle) Flower Extract,Paeonia Albiflora Root Extract,Sophora Flavescens Root Extract,Scutellaria Baicalensis Root Extract,Prunus Persica (Peach) Leaf Extract,Rhus Semialata Gall Extract,Camellia Sinensis Leaf Extract,Ginkgo Biloba Leaf Extract,Undaria Pinnatifida Extract,Limonene,Citronellol,Citral,Salicylic Acid,Parfum",Mascarillas,,"<p>Los botines de terapia de pies BEAUTYPRO son la respuesta a los pies secos o ásperos. Las innovadoras botas de doble capa hidratan y nutren intensamente la piel para dejarla suave, flexible y reabastecida. </p><p>Utilizando el poder de la almendra dulce, la menta, la madreselva, la manteca de karité y el aceite de argán, este tratamiento revitalizará y nutrirá los pies secos, cansados o irritados. Esta fórmula intensamente hidratante calmará y refrescará la piel, para reponer los pies y prepararlos para el día siguiente.

La adición de menta ayuda a la limpieza y minimiza los niveles de bacterias en los pies, mientras que la almendra es un limpiador natural, por lo que funciona para exfoliar las células muertas de la piel y las toxinas de la piel.</p><p>Estos botines 100% veganos de Foot Therapy también ofrecen puntas extraíbles, ¡lo que los hace perfectos para usar durante una pedicura!</p>","<ol><li>Simplemente limpie los pies y deslice los pies dentro de los botines. Retire la punta de la puntera si es necesario.</li><li>Dejar actuar durante 20 minutos antes de retirar.</li><li>Una vez retirado, aplicar el exceso de sérum en los pies y dejar secar.</li></ol>",,5060040641668,23.0000
000349898,"The Glow Edit: Spa En Casa Set",beauty-pro-the-glow-edit-spa-en-casa-set-de-regalo-000349898,https://ultrafemme.com/media/catalog/product/3/4/349898_5060601932969_01_97c1.jpg,"Mascarilla hidratante","Todo tipo de piel",,199.000000,,<ul><li>Iluminador</li><li>Antiedad</li><li>Hidratante</li></ul>,"Beauty Pro","Eye Therapy: Aqua, Glycerin, Sorbitol, Sodium Polyacrylate, Ricinus Communis (Castor) Seed Oil, Polyacrylic Acid, Octyldodecanol, Kaolin, Cellulose Gum, Acacia Concinna Fruit Extract, Camellia Sinensis Leaf Extract, Aloe Barbadensis Leaf Juice Powder, Retinyl Palmitate, Allantoin, Aluminum Hydroxide, Tocopheryl Acetate, Disodium EDTA, Tartaric Acid, Phenoxyethanol, Hydrolyzed Collagen, Butylene Glycol, 1,2-Hexanediol, Tocopherol, Citronellol, Limonene, Hydroxycitronellal, Linalool, Parfum, CI77891, CI77288. Hyaluronic Acid Mask: Aqua, Glycerin, Propylene Glycol, Propylene Glycol Dicaprylate/Dicaprate, Polysorbate 80, Panthenol, Hydrolyzed Collagen, Adenosine, Glycine Soja (Soybean) Seed Extract, Caprylic/Capric Triglyceride, Sodium Hyaluronate, Hydrogenated Lecithin, Ubiquinone, Tocopheryl Acetate, Disodium EDTA, Arginine, Carbomer, Hydroxyethylcellulose, Sodium Nitrate, Glyoxal, Benzyl Glycol, Ethylhexylglycerin, Raspberry Ketone, Butylene Glycol, 1,2-Hexanediol, Parfum/Fragrance. Detoxifying Mask: Aqua, Dipropylene Glycol, Glycerin, Methyl Perfluorobutyl Ether, Methyl Perfluoroisobutyl Ether, Disodium Cocoamphodiacetate, Cocamidopropyl Betaine, Betaine, Sodium Chloride, Sodium Polyacrylate, Xanthan Gum, Hexylene Glycol, Phenoxyethanol, Butylene Glycol, Paeonia Suffruticosa Root Extract, Centella Asiatica Extract, 1,2-Hexanediol, Pyrus Malus (Apple) Fruit Extract, Chamomilla Recutita (Matricaria) Flower Extract, Panax Ginseng Root Extract, Punica Granatum Fruit Extract, Hamamelis Virginiana (Witch Hazel) Extract, Rosa Centifolia Flower Water, Lavandula Angustifolia (Lavender) Extract, Caprylhydroxamic Acid, Morus Nigra Fruit Extract, Solanum Lycopersicum (Tomato) Fruit Extract, Melaleuca Alternifolia (Tea Tree) Leaf Extract, Glyceryl Caprylate, Ethylhexylglycerin, Citrus Aurantifolia (Lime) Fruit Extract, Citrus Limon (Lemon) Fruit Extract, Citrus Aurantium Dulcis (Orange) Fruit Extract, Vitis Vinifera (Grape) Fruit Extract, Charcoal Powder, Disodium EDTA, Parfum.",Sets,,"<p>El BEAUTYPRO SPA en casa: THE GLOW EDIT ofrece una gama de mascarillas de lujo, perfectas para una noche de mimos o para preparar la piel antes de salir por la noche.
</p><p>
El set contiene:
</p><ul><li>
1 Mascarilla Hidratante de Ácido Hialurónico
</li><li>1 Máscara debajo de los ojos de terapia ocular</li><li>
1 Mascarilla Limpiadora Burbujeante Desintoxicante</li></ul><p><br></p><p>La Mascarilla Hidratante de Ácido Hialurónico es un tratamiento de 15 minutos que promueve la hidratación en tu piel para garantizar que pueda renovar eficientemente las células, calmar el enrojecimiento y prevenir los brotes.</p><p>Esto da como resultado una piel que se siente nutrida y se ve acondicionada.

Nuestras mascarillas de terapia ocular más vendidas son la respuesta perfecta a los ojos cansados e hinchados. Esta fórmula natural calmará y revitalizará la zona, reduciendo la apariencia de cansancio y dejando los ojos relajados y calmados al instante.
</p><p>
La Mascarilla Desintoxicante es un tratamiento autoespumante y burbujeante que micromasajea la piel para proporcionar un tratamiento de limpieza profunda de los poros. Esto lo convierte en el primer paso perfecto para un ritual de cuidado de la piel, liberando a la piel de toxinas en preparación para el resto de su rutina.</p>","<ol><li>Asegúrese de eliminar todo el maquillaje y limpie la piel para prepararse para la aplicación de la mascarilla.</li><li>Masajea la bolsa de la mascarilla desintoxicante para activar los ingredientes.</li><li>Retire la mascarilla del embalaje y despliéguela con cuidado.</li><li>Colóquela en la cara y úsela durante 10 minutos, permitiendo que la mascarilla forme espuma por completo.</li><li>Pasados los 10 minutos, retira la mascarilla y enjuaga con agua tibia. Aplique la mascarilla de lámina de oro con ácido hialurónico en la cara, con la lámina hacia afuera.</li><li>Úselo durante 15-20 minutos. A continuación, retírelo.</li><li>Masajear el exceso de sérum en el cuello y el escote.</li><li>Retire los parches de terapia ocular del empaque y retire la hoja. Colóquelo debajo de los ojos con la parte más delgada del parche en la esquina interna del ojo.</li><li>Relájese durante 20 minutos antes de retirar.</li></ol>",,5060601932969,3.0000
000349900,"Renovación de Manos y Pies: Spa En Casa Set",beauty-pro-renovacion-de-manos-y-pies-spa-en-casa-set-de-regalo-000349900,https://ultrafemme.com/media/catalog/product/3/4/349900_5060601930743_01_0a88.jpg,"Mascarilla para pies","Todo tipo de piel",,279.000000,,"<ul><li>Reblandecimiento</li><li>Exfoliante</li><li>Renovación celular</li><li>Calmante</li><li>Hidratante</li></ul>","Beauty Pro","Foot & Callus Peel: Aqua, Alchol Denat, Lactic Acid, Glycolic Acid, Glycerin, Hydroxyethylcellulose, Arginine, Peg-60 Hydrogenated Castor Oil, Phenoxyethanol, Butylene Glycol, Salicylic Acid 0.01%, 1,2-Hexanediol, Caprylyl Glycol, Parfum, Illicium Verum (Anise) Fruit Extract, Betaine, Salvia Officinalis (Sage) Leaf Extract, Lavandula Angustifolia (Lavender) Extract, Portulaca Oleracea Extract, Olea Europaea (Olive) Leaf Extract, Malpighia Punicifolia (Acerola) Fruit Extract, Actinidia Chinensis (Kiwi) Fruit Extract, Musa Sapientum (Banana) Fruit Extract, Lonicera Japonica (Honeysuckle) Flower Extract, Paeonia Albiflora Root Extract, Sophora Flavescens Root Extract, Scutellaria Baicalensis Root Extract, Prunus Persica (Peach) Leaf Extract, Camellia Sinensis Leaf Extract, Ginkgo Biloba Leaf Extract, Rosmarinus Officinalis (Rosemary) Extract, Disodium EDTA, Urea, Tocopheryl Acetate, Limonene, Linalool, Citronellol, Hexyl Cinnamal. Foot Therapy: Aqua, Glycerin, PEG-8, Butylene Glycol, Paraffinum Liquidum, Cetearyl Alcohol, Cetyl Ethylhexanoate, Dimethicone, PEG-40 Stearate, Sorbitan Sesquioleate, Stearic Acid, Hydrolyzed Collagen, Butyrospermum ParkII (Shea) Butter, Hydrogenated Vegetable Oil, Betaine, Phenoxyethanol, Argania Spinosa Kernel Oil, Carbomer, Potassium Hydroxide, 1,2-Hexanediol, Caprylyl Glycol, Illicium Verum (Anise) Fruit Extract, Disodium Edta, Linalool, Hexyl Cinnamal, Tocopheryl Acetate, Urea, Sodium Hyaluronate, Jania Rubens Extract, Mentha Piperita (Peppermint) Leaf Extract, Prunus Amygdalus Dulcis (Sweet Almond) Fruit Extract, Melaleuca Alternifolia (Tea Tree) Leaf Extract, Lonicera Japonica (Honeysuckle) Flower Extract, Paeonia Albiflora Root Extract, Sophora Flavescens Root Extract, Scutellaria Baicalensis Root Extract, Prunus Persica (Peach) Leaf Extract, Rhus Semialata Gall Extract, Camellia Sinensis Leaf Extract, Ginkgo Biloba Leaf Extract, Undaria Pinnatifida Extract, Limonene, Citronellol, Citral, Salicylic Acid, Parfum. Hand Therapy: Aqua, Glycerin, PEG-8, Paraffinum Liquidum, Butylene Glycol, Cetearyl Alcohol, Cetyl Ethylhexanoate, Dimethicone, PEG-40 Stearate, Sorbitan Sesquioleate, Stearic Acid, Butyrospermum Parkii (Shea) Butter, Hydrogenated Vegetable Oil, Phenoxyethanol, Argania Spinosa Kernel Oil, Carbomer, Rosa Centifolia Flower Extract, Hydrolyzed Collagen, Betaine, Potassium Hydroxide, 1,2-Hexanediol, Caprylyl Glycol, Illicium Verum (Anise) Fruit Extract, Disodium Edta, Linalool, Hexyl Cinnamal, Tocopheryl Acetate, Urea, Pyrus Malus (Apple) Fruit Extract, Citrus Limon (Lemon) Fruit Extract, Citrus Aurantium Dulcis (Orange) Fruit Extract, Olea Europaea (Olive) Fruit Extract, Vitis Vinifera (Grape) Fruit Extract, Citrus Aurantifolia (Lime) Fruit Extract, Limonene, Citronellol, Citral, Parfum.",Sets,,"<p>Nutre tus manos y pies con el SPA en casa: set RENOVACIÓN DE PIES Y MANOS. El exfoliante refrescante y reparador ayudará a suavizar la piel dura o callosa, mientras que los tratamientos de terapia de manos y pies calmarán e hidratarán la piel,</p><ul><li> 1 Mascarilla de terapia de pies</li><li>
1 Mascarilla de Terapia de Manos</li><li>
1 Mascarilla para Pies y Callos</li></ul><p><br></p><p>Los guantes de terapia de manos son la solución perfecta para las manos secas, especialmente para los meses de invierno en los que la piel es más susceptible a la sequedad. Este tratamiento de 20 minutos nutrirá e hidratará profundamente las manos, dejándolas suaves y flexibles.</p><p>
Los botines de terapia de pies son la respuesta a los pies secos o ásperos. Las innovadoras botas de doble capa hidratan y nutren intensamente la piel para dejarla suave, flexible y reabastecida.</p><p>El Foot & Callus Peel está lleno de poderosos ingredientes que incluyen un complejo avanzado de 16 plantas botánicas naturales que trabajan para eliminar gradualmente la piel muerta y áspera durante 7 días. Este peeling para pies es perfecto para preparar tus pies para el verano o si simplemente necesitas un tratamiento más intenso para dejar tus pies más suaves y revitalizados.</p>","<p>Terapia de manos y pies: simplemente limpie las manos / pies, deslice sus manos / pies dentro de los guantes / botines. Retire las puntas si es necesario y luego retírelas después de 20 minutos. Una vez retirado, masajee el exceso de suero en las manos / pies.</p><p>Pies y callos: saque los botines de la bolsa y córtelos a lo largo de las líneas de corte, lávese bien los pies solo con agua limpia. Seque bien los pies y coloque los pies limpios, secos y sin pulir en los botines. Úselo durante un máximo de 90 minutos. Quítese los botines y lávese bien las manos y los pies solo con agua.</p>",,5060601930743,8.0000
000349895,"Antifaz de Ojos Cálido",beauty-pro-antifaz-de-ojos-calido-000349895,https://ultrafemme.com/media/catalog/product/1/4/14066u_beautypro_warming_eye_mask_box_of_5_.jpg,"Mascarilla para contorno de ojos","Todo tipo de piel",,199.000000,,<ul><li>Iluminador</li><li>Antiedad</li><li>Hidratante</li></ul>,"Beauty Pro","Chamomile, Activated Carbon Powder, Iron Powder, Sodium Chloride, Water-Absorbing Resin, Vermiculite, Deionised Water",Mascarillas,,"<p>Experimenta tu momento de calma con las mascarillas de ojos cálidas BEAUTYPRO. Este tratamiento relajante calma los ojos calentando suavemente el área, lo que le permite sentarse y restablecerse. </p><p>Perfecto para viajar, 5 mascarillas envueltas individualmente perfumadas con manzanilla calmante, estas mascarillas te ayudarán a sumergirte en un descanso tranquilo mientras te tomas un tiempo para relajarte. </p><p>Perfectas para cuando necesitas un poco de cariño, estas mascarillas de 20 minutos son una excelente opción para cuando tus ojos se sienten cansados, tensos o han pasado demasiado tiempo frente a una pantalla. La suave calidez y el descanso que proporciona este tratamiento te dejarán sintiéndote repuesto. 

Perfecto para usar cuando se viaja o durante una desintoxicación digital.</p><p>Esta caja incluye 5 mascarillas envueltas individualmente.</p>","<ol><li>Despliega la mascarilla y separa suavemente las dos orejeras separándolas por la mitad.</li><li>Abra las orejeras lejos de la máscara.</li><li>Enganche las orejeras sobre sus orejas y coloque la máscara sobre el área de los ojos. </li><li>Relájate y disfruta de 20 minutos de calor suave sobre el área de los ojos.</li></ol>",,5060601936936,16.0000
000349901,"Vitamin-C Sérum Iluminador 30 ml",beauty-pro-vitamin-c-serum-iluminador-30-ml-000349901,https://ultrafemme.com/media/catalog/product/3/4/349901_5060601934208_01_3674.jpg,"Suero iluminador","Todo tipo de piel",,199.000000,,"<ul><li>Iluminador </li><li>Antiedad</li><li>Hidratante</li></ul>","Beauty Pro","Vaccinium angustifolium (blueberry) fruit extract,Glycerin,Pentylene glycol,Citrus limon (lemon) fruit extract,Hippophae rhamnoides fruit extract,Hedera helix (ivy) leaf extract,Hibiscus esculentus fruit extract,Dioscorea opposita root extract,Linum usitatissimum seed extract,Salvia hispanica seed extract,Citrus limon (lemon) peel oil,Decyl glucoside,Limonene,Citral",Sueros,,"<p>El Sérum Diario Iluminador BEAUTYPRO VITAMIN C es una poderosa fórmula nacida de arándanos, cítricos yuzu y espino amarillo, que se utiliza para mejorar la hidratación, la elasticidad y el brillo natural de la piel.
</p><p>
El arándano es rico en vitamina C y, por lo tanto, es más eficaz para proporcionar nutrientes vitales a las células, combatir los signos de cansancio y ayudar a lograr una tez iluminada. La fruta ofrece una multitud de otros beneficios para el cuidado de la piel, como reducir el enrojecimiento, igualar el tono de la piel y reducir la apariencia de las ojeras y la hiperpigmentación.

La fruta de yuzu también está presente, estimulando la producción de colágeno para estimular la renovación celular, mejorar la elasticidad y crear una apariencia más juvenil y suave. </p><p>

El espino amarillo, un ingrediente lleno de vitaminas A, C y E, ayudará a una hidratación profunda, optimizando los niveles de humedad en la piel. También protegerá la piel de la contaminación, los factores estresantes ambientales y los radicales libres.

El Sérum Diario Iluminador </p><p>BEAUTYPRO VITAMIN C es 100% vegetal.</p>","<ul><li>Después de la limpieza, aplicar este sérum en el rostro: 3 pulsaciones por la mañana y 2 por la noche. </li><li>Aplica el sérum suavemente sobre la piel con movimientos hacia afuera y deja que el producto se absorba.</li><li>Usa este sérum a diario solo o antes de hidratarlo y combínalo con tu mascarilla facial favorita de BeautyPro una vez a la semana.</li></ul>",,5060601934208,7.0000
000349902,"Ácido Hialurónico Sérum Hidratante 30 ml",beauty-pro-acido-hialuronico-serum-hidratante-30-ml-000349902,https://ultrafemme.com/media/catalog/product/3/4/349902_5060601934604_01_99f5.jpg,"Suero hidratante","Todo tipo de piel",,199.000000,,<ul><li>Hidratante</li><li>Antienvejecimiento</li><li>Antiinflamatorio</li></ul>,"Beauty Pro","Glycine soja (soybean) seed extract, Glycerin, Pentylene glycol, Hyaluronic acid, Capsicum annuum fruit extract, Lavandula angustifolia (lavender) oil, Decyl glucoside, Rosmarinus officinalis (rosemary) leaf extract, Chamomilla recutita (matricaria) flower extract, Rosa canina fruit extract, Linalool",Sueros,,"<p>El suero diario hidratante BEAUTYPRO HYALURONIC ACID utiliza todos los ingredientes naturales para retener poderosamente la humedad y proporcionar a la piel una nutrición profunda. Utilizando el poder de la soja y la manzanilla, la fórmula calmará, hidratará e iluminará el cutis.</p><p>El ácido hialurónico utilizado en el suero no es sintético y se deriva de la soja. Este ingrediente de origen vegetal hidrata y repone profundamente la piel, asegurando que esté más saludable y flexible. Utilizando este ingrediente, este tratamiento puede ayudar a retener la humedad en la piel y mejorar su capacidad para funcionar.

La manzanilla es un ingrediente antiinflamatorio y antioxidante eficaz que calma la piel y reduce el enrojecimiento o la irritación. Esta sustancia calmante se enfoca en los brotes activos para minimizar las bacterias y limpiar profundamente la piel para crear una tez clara y rejuvenecida. La manzanilla también combate los signos del cansancio: ilumina las ojeras y reduce la hinchazón.
</p><p>
El Sérum Diario Hidratante de ÁCIDO HIALURÓNICO BEAUTYPRO es 100% vegetal.
30ml.</p>","<ul><li>Después de la limpieza, aplicar este sérum en el rostro: 3 pulsaciones por la mañana y 2 por la noche. </li><li>Aplica el sérum suavemente sobre la piel con movimientos hacia afuera y deja que el producto se absorba. </li><li>Usa este sérum a diario solo o antes de hidratarlo y combínalo con tu mascarilla facial favorita de BeautyPro una vez a la semana.</li></ul>",,5060601934604,4.0000
000349904,"Cica + Niacinamida Sérum Para El Control de Imperfecciones 30 ml",beauty-pro-cica-niacinamida-serum-para-el-control-de-imperfecciones-30-ml-000349904,https://ultrafemme.com/media/catalog/product/3/4/349904_5060601936578_01_6c79.jpg,"Suero reparador","Todo tipo de piel",,199.000000,,"<ul><li>Control de imperfecciones</li><li>Control de los niveles de aceite</li></ul>","Beauty Pro","Centella Asiatica Extract, Pentylene Glycol, Glycerin, Niacinamide, Hibiscus Esculentus Fruit Extract, Dioscorea Opposita Root Extract, Linum Usitatissimum Seed Extract, Salvia Hispanica Seed Extract, Centella Asiatica Extract, Decyl glucoside, Lavandula Angustifolia (Lavender) Oil, Linalool",Sueros,,"<p>El BEAUTYPRO CICA + NIACINAMIDA Blemish Control Daily Serum es una fórmula para el control de imperfecciones que equilibra la piel, mejora la textura y previene los brotes. </p><p>Aprovechando el poder de la niacinamida, la CICA y la semilla de chía, este suero es la elección perfecta para quienes luchan contra el acné o la piel propensa a las imperfecciones, ya que está repleto de vitaminas y antioxidantes para calmar y proteger la piel.

La niacinamida es un ingrediente con una amplia gama de beneficios. Estos incluyen: reducir el enrojecimiento, minimizar la apariencia de los poros, regular la grasa, proteger contra el daño solar y tratar el acné. Además de esto, ayudará a tu piel a construir queratina para mantenerla sana y firme.

La cica, una hierba también conocida como centella asiática, es un poderoso ingrediente antienvejecimiento. Desempeña su papel estimulando la producción de colágeno, reduciendo la aparición de cicatrices y aumentando los niveles de antioxidantes en el tejido recién formado. Esto dará como resultado una piel que se ve joven, suave y tensa.

También está presente en esta fórmula la semilla de chía. Esto ayuda a reconstruir la barrera de humedad de la piel, reteniendo la hidratación y permitiendo que las células funcionen a una mayor capacidad. La piel que está hidratada es capaz de hacer circular fácilmente los nutrientes y eliminar las toxinas que pueden estar causando el brote de la piel.</p><p>El sérum diario para el control de imperfecciones BEAUTYPRO CICA + NIACINAMIDA es 100% vegetal.</p>","<ul><li>Después de la limpieza, aplicar este sérum en el rostro: 3 pulsaciones por la mañana y 2 por la noche.</li><li>Aplica el sérum suavemente sobre la piel con movimientos hacia afuera y deja que el producto se absorba.</li><li>Usa este sérum a diario solo o antes de hidratarlo y combínalo con tu mascarilla facial favorita de BeautyPro una vez a la semana.</li></ul>",,5060601936578,8.0000
000349896,"Sérum de Manos 30 ml",beauty-pro-serum-de-manos-30-ml-000349896,https://ultrafemme.com/media/catalog/product/3/4/349896_5060601938596_01_38cc.jpg,"Suero para manos","Todo tipo de piel",,199.000000,,<ul><li>Hidratante</li><li>Rejuvenecedor</li></ul>,"Beauty Pro","Punica granatum fruit extract, Citrullus lanatus (watermelon) fruit extract, Actinidia chinensis (kiwi) fruit extract, Glycerin, Pentylene glycol, Rosa damascene flower extract, Gardenia florida flower extract, Carthamus tinctorius (safflower) flower extract, Hibiscus esculentus fruit extract, Dioscorea opposita root extract, Squalane, Linum usitatissimum seed extract, Salvia hispanica seed extract, Decyl glucoside, Citrus aurantifolia (lime) peel oil, Limonene",Sueros,,"<p>Dile adiós a las manos secas y deshidratadas con el sérum para manos BEAUTYPRO. Esta fórmula afrutada utiliza sandía, granada, kiwi y aceite de lima orgánico para hidratar y calmar la piel en profundidad.

Perfecta para el invierno, cuando tu piel puede sentirse seca y dañada, esta fórmula rica en vitaminas retendrá la humedad para hidratar la piel y mantenerla flexible y suave. </p><p>Esta fórmula calmante hidrata la piel para garantizar que funcione al más alto nivel, eliminando eficazmente las toxinas y los nutrientes circulantes. Además de retener esta hidratación en el interior, la fórmula reduce la descamación y repone la piel para dejarla suave y tersa.

Renovación

La sandía es un tónico natural que encoge los tejidos y refresca la piel. Esto se combina con granada exfoliante y kiwi rico en omega 3 para ayudar a crear una piel renovada y reparada.

Promueve la salud de la piel

Al exfoliar las células muertas y estimular el crecimiento de nuevas células, esta fórmula ayudará a sacar a la superficie células más fuertes. Tu piel se sentirá equilibrada y saludable. 

Esta fórmula es 100% vegetal y no contiene agua.
</p><p>
Embalaje: Nuestros sueros utilizan botellas de vidrio con bombas de plástico, las cuales se pueden reciclar en el reciclaje de su hogar. ¡Todo lo que tienes que hacer es quitar el resorte de la bomba!.
⁠
Nuestras cajas de suero están hechas con materiales aprobados por el FSC e impresas con tinta vegetal.</p>","<ol><li>Lávese las manos con agua tibia y jabón, no con agua caliente, ya que esto puede resecarlas.</li><li>Bombee el suero en las palmas de las manos y extiéndalo sobre las palmas, el dorso de las manos, los dedos y las yemas de los dedos.</li><li>Deje que se absorba de forma natural.</li><li>Combínalo con nuestros guantes de terapia de manos para un tratamiento semanal extra reparador. </li></ol><p><br></p><p>Recomendamos aplicar al menos dos veces al día para obtener los mejores resultados.</p>",,5060601938596,22.0000
000349897,"Sérum Pies 30 ml",beauty-pro-serum-pies-30-ml-000349897,https://ultrafemme.com/media/catalog/product/3/4/349897_5060601938633_01_6217.jpg,"Suero para pies","Todo tipo de piel",,199.000000,,<ul><li>Hidratante</li><li>Rejuvenecedor</li></ul>,"Beauty Pro","Cucurbita pepo (pumpkin) fruit extract, Glycerin, Pentylene glycol, Hedera helix (ivy) leaf extract, Hibiscus esculentus fruit extract, Dioscorea opposita root extract, Linum usitatissimum seed extract, Salvia hispanica seed extract, Decyl glucoside, Citrus aurantium bergamia (bergamot) fruit oil, Limonene, Linalool",Sueros,,"<p>¡Para cuando tus pies necesitan un poco de cariño! Este suero renovador para pies utiliza AHA y enzimas para descomponer las células muertas de la piel y rejuvenecer la piel para dejar los pies suaves y frescos.

Esta poderosa fórmula natural es 100% vegetal, utilizando los beneficios para la piel proporcionados por la calabaza, la bergamota y la hiedra para hidratar, calmar y proteger la piel de los pies. Si has notado que se han vuelto secos o ásperos, este refrescante sérum para pies te ayudará a nutrir la piel para que recupere su plena salud.
</p><p>
Renovación
</p><p>
Las enzimas naturales y los AHA son eficaces para descomponer las células muertas y fomentar la renovación. Esto refresca y tonifica, asegurando que su piel se sienta suave y flexible.

Limpieza

La bergamota proporciona cualidades limpiadoras, destapando poderosamente los poros para garantizar que el agua y los nutrientes puedan circular fácilmente. 

Esta fórmula es 100% vegetal y no contiene agua.
</p><p>
Embalaje: Nuestros sueros utilizan botellas de vidrio con bombas de plástico, las cuales se pueden reciclar en el reciclaje de su hogar. ¡Todo lo que tienes que hacer es quitar el resorte de la bomba!.
⁠
Nuestras cajas de suero están hechas con materiales aprobados por el FSC e impresas con tinta vegetal.</p>","<ol><li>Lávese los pies con agua tibia y jabón, no con agua caliente, ya que esto puede resecarlos.</li><li>Bombee el suero en la palma de sus manos y extiéndalo sobre los pies, incluso sobre la parte superior y las plantas de los pies.</li><li>Deje que se absorba naturalmente antes de caminar.</li><li>Combínalo con nuestros botines de terapia de pies para un tratamiento semanal extra reparador. </li></ol><p><br></p><p>Recomendamos aplicar dos veces al día para obtener los mejores resultados.</p>",,5060601938633,15.0000
000349905,"Hydratest Dispositivo de Análisis de La Piel",beauty-pro-dispositivo-de-analisis-de-la-piel-hydratest-000349905,https://ultrafemme.com/media/catalog/product/3/4/349905_5060999810795_01_9b4d.jpg,"Dispositivo análisis de piel","Todo tipo de piel",,1059.000000,,"<ul><li>Análisis de la piel</li><li>Herramienta portátil</li></ul>","Beauty Pro",,Dispositivos,,"<p>Tu piel prosperará con BEAUTYPRO HYDRATEST. Este innovador dispositivo de bolsillo mide los niveles de hidratación y grasa de la piel, ayudándote a maximizar el impacto de tu rutina de cuidado de la piel. Te dice lo que tu piel necesita, directamente desde la fuente.

Una vez que tenga su lectura instantánea, puede adaptar qué fórmulas de cuidado de la piel usa para que se adapten mejor a la condición actual de su piel y evite cualquier posible piel seca o deshidratada.

En solo 3 segundos, la prueba determinará los niveles de grasa e hidratación de tu piel, brindándote una lectura precisa que te ayudará a comprender mejor lo que tu piel necesita para prosperar.
</p><p>
Este dispositivo utiliza el análisis de impedancia bioeléctrica, la misma tecnología creíble que se utiliza en los equipos médicos y de belleza de rutina para garantizar una lectura precisa de la piel.
</p><p>
¿Baja hidratación? </p><p>Opta por una fórmula que no solo hidrate la piel, sino que también ayude a retener la humedad.
</p><p>
¿Lectura alta de aceite? </p><p>Elige una fórmula que equilibre la piel y regule los niveles de grasa para lograr un cutis saludable.

Este dispositivo utiliza el análisis de impedancia bioeléctrica, la misma tecnología creíble que se utiliza en los equipos médicos y de belleza de rutina para garantizar una lectura precisa de la piel.</p>",,,5060999810795,1.0000
000353916,"Classic Sunscreen Spray SPF50 Guava Mango 177 ml",coola-classic-sunscreen-spray-guava-mango-spf50-de-177-ml-000353916,https://ultrafemme.com/media/catalog/product/3/5/353916_857724008979_01_9a01.png,"Spray protector","Todo tipo de piel",,669.000000,,,Coola,"Ingredientes activos (Protector solar): Avobenzona 2.9%, Homosalato 4.0%, Octisalato 4.9%, Octocrileno 9.5%

Ingredientes inactivos:

Alcohol (ORGÁNICO), Salicilato de Butiloctilo, Copolímero de VA/Butyl Maleate/Isobornyl Acrylate, Aceite de semilla de Limnanthes Alba (Meadowfoam), Aceite de fruta de Mauritia Flexuosa (Buriti) (ORGÁNICO), Aceite de semilla de Rubus Idaeus (Frambuesa) (ORGÁNICO), Aceite de semilla de Brassica Campestris (Colza), Aceite de semilla de Carthamus Tinctorius (Cártamo) (ORGÁNICO), Extracto de flor de Opuntia Ficus-Indica (Nopal), Aceite de semilla de Camelina Sativa, Ferulato de Etilo, Sabor* (Natural)

*Componentes del sabor derivados de plantas: Gamma-Decalactona, Gamma-Undecalactona, Decanal, Caproato de Alilo, Alcohol Bencílico, 3-Hexenol, Acetato de Hexenilo, Butirato de Etilo, Caproato de Etilo, Lactato de Etilo, Acetato de Hexilo, Acetato de Isoamilo, Maltol, Heptenal Dimetilo, Citrato de Trietilo, Vainillina, Aceite de cáscara de Citrus Aurantium Dulcis (Naranja), Tiomentona





","Protectores solares","Colección Clásica","Un protector solar transparente SPF 50 en aerosol que se aplica fácilmente, spray no graso y de rápida absorción, perfecto tanto para el uso diario como para días largos y activos bajo el sol, con nuestro complejo Plant Protection rico en antioxidantes que contiene extracto de tuna. , Semilla de frambuesa Oil, and Buriti Oil to nourish skin and help fight free radicals.","Aplica generosamente 15 minutos antes de la exposición al sol. Reaplica después de 80 minutos de nadar o sudar, inmediatamente después de secarte con una toalla, y al menos cada dos horas.","Colección Clásica",857724008979,2.0000
000240263,"Prep + Prime Fix+ Matte 100 ml",mac-prep-prime-fix-matte-100-ml-000240263,https://ultrafemme.com/media/catalog/product/2/4/240263_773602455942_01_2caf.png,"Prebase para maquillaje",,Unisex,699.000000,,,MAC,"Water\Aqua\Eau, Alcohol Denat., Silica, Sodium Hyaluronate, Enantia Chlorantha Bark Extract, Pyrus Malus (Apple) Fruit Water, Glycerin, Ethylhexylglycerin, Lactobacillus Ferment, Honey\Mel\Miel, Calcium Chloride, Propanediol, Lithium Magnesium Sodium Silicate, Butylene Glycol, Pentylene Glycol, Coconut Acid, Oleanolic Acid, Polyglutamic Acid, Peg-60 Hydrogenated Castor Oil, Fragrance (Parfum), Disodium Edta, Phenoxyethanol 
",Prebases,"Prep + Prime","Un atomizador matificante y ligero que refresca la piel mientras controla al instante la apariencia del brillo y la grasa en la superficie sin obstaculizar el maquillaje. La fórmula innovadora contiene polvos, sílica y otros agentes absorbentes de grasa para ayudar a fijar el maquillaje, restaurar el equilibrio y matificar la piel.
","Agita muy bien antes de usar para permitir que los ingredientes en polvo se distribuyan de forma homogénea.  Con ojos y boca totalmente cerrados, rocía el rostro de forma pareja mientras sostienes la botella a 10 12 pulgadas de distancia del rostro.  Vuelve a aplicar conforme lo necesites para matificar o volver a fijar el maquillaje.  La botella atomizadora puede ir a cualquier lado y se puede usar en cualquier momento del día.   Rocía antes del maquillaje para crear una superficie lisa y mate.   Rocía sobre el maquillaje para fijar.
","Prep + Prime",773602455942,55.0000
000325764,"Hyper Real Serumizer",mac-hyper-real-serumizer-000325764,https://ultrafemme.com/media/catalog/product/3/2/325764_773602655816_01_53d9.png,"Suero hidratante",,Unisex,1059.000000,,"• Híbrido entre suero y crema que simplifica tu rutina
• Reduce las manchas y minimiza los poros mientras hidrata y retexturiza de forma inmediata para dar a tu piel luminosidad y uniformidad.

EN UN SOLO USO:
• +161% Aumento de hidratación al instante*
• +71% Fortalece la barrera cutánea*
• Retexturiza

USO CONTINUADO:
• -49% reducción visible de manchas****
• 100% observaron una reducción de sus manchas****
• -30% reducción de los poros **
• 94% afirma observar una mejora en la textura de la piel y una reducción de sus poros***
• 95% afirma notar su piel más radiante y luminosa***

* Clínicamente testado en 25 panelistas después de usar el producto una vez.
** Clínicamente testado en 28 panelistas después de cuatro semanas de uso del producto, dos veces al día.
*** Pruebas de consumidores en 181 panelistas después de usar el producto una vez.
****Clínicamente testado en 35 panelistas después de 12 semanas de uso del producto.",MAC,"Water\Aqua\Eau, Dimethicone, Butylene Glycol, Glycerin, Niacinamide, Trisiloxane, Octyldodecyl Stearoyl Stearate, Trehalose, Paeonia Albiflora Flower Extract, Cholesterol, Ceramide Ng, Linoleic Acid, Salicylic Acid, Lactic Acid, Glycolic Acid, Citric Acid, Algae Extract, Saccharomyces Lysate Extract, Betula Alba Bark Extract, Camellia Sinensis Leaf Extract, Thermus Thermophillus Ferment, Laminaria Saccharina Extract, Silybum Marianum (Lady's Thistle) Extract, Caffeine, Bis-Peg-18 Methyl Ether Dimethyl Silane, Acetyl Glucosamine, Sodium Hyaluronate, Sorbitol, Sodium Magnesium Silicate, Peg-8, Sucrose, T-Butyl Alcohol, Polyacrylate Crosspolymer-6, Oleth-10, Carbomer, Ammonium Acryloyldimethyltaurate/Vp Copolymer, Xanthan Gum, Hydrogenated Lecithin, Jojoba Wax Peg-120 Esters, Sodium Hydroxide, Tromethamine, Di-C12-18 Alkyl Dimonium Chloride, Silica, Fragrance (Parfum), Benzyl Salicylate, Limonene, Linalool, Titanium Dioxide (Ci 77891), Synthetic Fluorphlogopite, Tin Oxide, Mica, Caprylyl Glycol, Bht, Disodium Edta, Hexylene Glycol, Tocopheryl Acetate, Magnesium Ascorbyl Phosphate, Phenoxyethanol, Sodium Benzoate 
",Sueros,,"Diseñado para usarse con o sin maquillaje, este híbrido suero-hidratante respaldado por la ciencia y aprobado por artistas equilibra, retexturiza y fortalece la barrera de la piel para consguir un lienzo suave como un pétalo, radiante desde el interior. Esta fórmula de alto rendimiento está potenciada por nuestra Pro-4 Power Infusion Matrix™, que contiene Extracto de peonía japonesa, un extracto poco común y elástico, Niacinamida, Ácido hialurónico que es un hidratante y rellenador, así como ceramidas reparadoras que ofrecen resultados inmediatos y duraderos. Con una mezcla de partículas nacaradas ultrafinas que difuminan la luz, la fórmula realza sutilmente la piel para conseguir un brillo saludable. Probado en todos los tonos de piel.
","Aplicar dos veces al día, tanto en la mañana como en la noche como parte de tu rutina de skincare de Hyper Real™.  Dosifique 1 - 2 pumps directamente en la yema de los dedos o utiliza nuestra borcha ""001 Serum+Moisturizer"" para aplicar uniformemente sobre la piel recien lavada en lugar del sérum y crema hidratante.  Utiliza nuestra técnica ""Petal-Press"" para aplicar la fórmula presionando suavemente la piel hacia arriba y hacia fuera.
",,773602655816,8.0000
000302359,"Studio Fix Mattifine 12hr Shine-Control Primer ",mac-studio-fix-mattifine-12hr-shine-control-primer-000302359,https://ultrafemme.com/media/catalog/product/3/0/302359_773602030507_01_b7f6.png,"Prebase matificante",,Unisex,709.000000,,,MAC,"Water\Aqua\Eau, Dimethicone, Methyl Trimethicone, Vinyl Dimethicone/Methicone Silsesquioxane Crosspolymer, Dimethicone/Vinyl Dimethicone Crosspolymer, Butylene Glycol, Hamamelis Virginiana (Witch Hazel) Water, Calcium Carbonate, Isononyl Isononanoate, Ammonium Acryloyldimethyltaurate/Vp Copolymer, Salix Nigra (Willow) Bark Extract, Lactobionic Acid, Tocopheryl Acetate, Sodium Hyaluronate, Laminaria Saccharina Extract, Ecklonia Cava Extract, Butyl Avocadate, Polyglyceryl-3 Disiloxane Dimethicone, Polyglyceryl-3 Polydimethylsiloxyethyl Dimethicone, Ethylhexylglycerin, Isohexadecane, Hydrolyzed Soy Protein, Acetyl Glucosamine, Zinc Pca, Propanediol, Sodium Chloride, Acrylamide/Sodium Acryloyldimethyltaurate Copolymer, Synthetic Fluorphlogopite, Hydroxyapatite, Silica, Nylon-12, Polysorbate 80, Lauryl Methacrylate/Glycol Dimethacrylate Crosspolymer, Coconut Acid, Salicylic Acid, Fragrance (Parfum), Bht, Tocopherol, Phenoxyethanol, Benzoic Acid, Zinc Oxide (Ci 77947) 
",Prebases,"Studio Fix","El match perfecto para nuestra base de maquillaje #1. Comienza tu rutina de maquillaje personalizada con nuestra prebase matificante. Logra la perfección del cutis con esta base mate que reduce la apariencia de los poros durante todo el día, controla la oleosidad  y mejora la duración de la base de maquillaje hasta 12 horas, y promete una mejora de la textura de la piel hasta seis horas. La fórmula  gel-to-powder se siente ligera y con una acabado aterciopelado y suave como el polvo. Esta nueva prebase sin aceites, resistente al sudor y a la humedad, está formulada con un complejo Oil-Check que controla los brillos y contiene ácido lactobiónico (PHA), extracto de algas y hamamelis.
",,"Studio Fix",773602030507,15.0000
000095167,"Acne Solutions Cleansing Foam 125 ml",clinique-acne-solutions-cleansing-foam-125-ml-000095167,https://ultrafemme.com/media/catalog/product/9/5/95167_20714291822_01_aae5.png,"Espuma limpiadora","Todo tipo de piel",Mujer,599.000000,,"Limpiador, Anti-imperfecciones",Clinique,,Espumas,"Acne Solutions","<p>Formulado especialmente para pieles propensas a los brotes. </p><p>¿Qué es? </p><p>Limpiador suave es el Paso 1 en nuestro Acne Solutions Clear Skin System. Use los tres pasos juntos para ver una reducción del 37% en los brotes activos en 3 días. </p><p>¿Qué hace?</p><p> Remueve la suciedad y el exceso de grasa. Calma y alivia el enrojecimiento y la inflamación asociada con los brotes. Ayuda a mantener los poros limpios. </p><p>Use Clear Skin System, vea una reducción del 37% en brotes activos en 3 días. La mejor manera de controlar los brotes es una rutina consistente y no irritante. Cada paso de Clinique Anti-Blemish Solutions Clear Skin System tiene un propósito: limpiar,exfoliar, tratar. </p><p>Los 3 pasos trabajan juntos para obtener poderosos resultados en tan solo 3 días. Con un uso constante de dos veces al día, los resultados siguen mejorando.</p>",,"Acne Solutions",20714291822,8.0000
000044869,"All About Clean Rinse-Off Foaming Cleanser 150 ml",clinique-all-about-clean-rinse-off-foaming-cleanser-150-ml-000044869,https://ultrafemme.com/media/catalog/product/4/4/44869_20714015459_01_cf4a.png,"Desmaquillante en crema",Grasa,Mujer,379.000000,,Limpiador,Clinique,,Desmaquillantes,"All About Clean","<p>¿Para quién es? </p><p>Para piel tipo 2 - Mixta Seca, 3 Mixta - Grasa. </p><p>¿Qué es? </p><p>Limpiador cremoso y suave que elimina el maquillaje de forma rápida, suave y eficiente.</p><p>¿Qué hace?</p><p>La crema desmaquillante en espuma remueve con rapidez, suavidad y eficacia el protector solar y maquillaje de larga duración. Alivia la piel con productos botánicos calmantes. Deja la piel hidratada, limpia y fresca.</p><p>Ingredientes / Tecnología clave: </p><p>La glicerina infunde hidratación en la piel. El metil cocoil taurato de sodio, un agente limpiador suave que crea una espuma que disuelve el protector solar y actúa como un suave removedor de maquillaje.</p><p>Nuestra filosofía de pureza:</p><ul><li>Sin parabenos. </li><li>Sin ftalatos. </li><li>Sin fragancia. </li><li>Piel simplemente feliz.
</li></ul>",,"All About Clean",20714015459,2.0000
000113674,"De-Puff & De-Circle 15 ml",clinique-de-puff-de-circle-15-ml-000113674,https://ultrafemme.com/media/catalog/product/1/1/113674_20714495169_01_9a30.png,"Suero para ojos","Todo tipo de piel",,1279.000000,,,Clinique,,Sueros,"Moisture Surge","Crema ligera y refrescante para ojos que reduce la apariencia de hinchazón y ojeras.",,"Moisture Surge",20714495169,6.0000
000081037,"Deodorant Trio Set 75 ml",clinique-deodorant-trio-set-75-ml-000081037,https://ultrafemme.com/media/catalog/product/8/1/81037_20714420802_01_6223.png,Desodorante,,,1089.000000,,,Clinique,,Sets,,"El set contiene tres Antipersprirant-Deodorant Roll-On de 75 ml.

No mancha, no es pegajoso, protege las axilas durante todo el día. Se seca rápidamente.",,,20714420802,9.0000
000045007,"All About Clean Liquid Facial Soap Extra Mild 200 ml",clinique-all-about-clean-liquid-facial-soap-extra-mild-200-ml-000045007,https://ultrafemme.com/media/catalog/product/4/5/45007_20714240158_01_197c.png,"Jabón facial",Seca,Mujer,509.000000,,Limpiador,Clinique,,Jabones,"All About Clean","<p>¿Qué es? </p><p>Es el Paso 1 en nuestro Sistema de 3 Pasos personalizado. El jabón líquido desarrollado por dermatólogos limpia suavemente y a profundidad.
</p>",,"All About Clean",20714240158,65.0000
000084752,"Clarifying Lotion 1",clinique-clarifying-lotion-1-200-ml-000084752,https://ultrafemme.com/media/catalog/product/8/4/84752_20714462758_01_a492.png,"Loción limpiadora",Seca,,479.000000,,"<ul><li>La fórmula suave y refrescante marca la diferencia para una piel sana. Elimina la contaminación, suciedad, piel muerta dejando una piel más lisa y clara.</li><li>Deja fresca tu piel gracias a la fórmula que incluye Hamamelis, un purificante que deja la piel limpia y refrescada.</li><li>Prepara la piel para el hidratante - exfoliar la piel hace que la piel sea más receptiva a los hidratantes y tratamientos.</li><li>Para pieles más grasas, la exfoliación dos veces al día ayuda a minimizar el exceso de grasa en la piel y deja los poros limpios.</li><li>Para pieles más secas, la exfoliación dos veces al día ayuda a remover la piel muerta que pueden obstruir la absorción de la humedad. Incluso, ayuda a disminuir las finas líneas.</li></ul>",Clinique,"Water\Aqua\Eau, Alcohol Denat., Glycerin, Butylene Glycol, Hamamelis Virginiana (Witch Hazel), Trehalose, Salicylic Acid, Acetyl Glucosamine, Sodium Hyaluronate, Sodium Hydroxide, Tetrahydroxypropyl Ethylenediamine, Disodium Edta, Phenoxyethanol, Benzophenone-4, Yellow 5 (Ci 19140), Blue 1 (Ci 42090) <ILN37003>",Lociones,"Clarifying Lotion","Fórmula desarrollada por dermatólogos que revela una piel más suave y saludable. Remueve las células muertas para que el hidratante actúe con más eficacia. Para tipo de piel muy seca.",,,20714462758,48.0000
000337233,"Smart Clinical Repair Lifting Face + Neck Cream 50 ml",clinique-smart-clinical-repair-lifting-face-neck-cream-50-ml-000337233,https://ultrafemme.com/media/catalog/product/3/3/337233_192333144756_01_57fa.png,"Crema reafirmante","Todo tipo de piel",Mujer,1589.000000,,"Reducción de arrugas y líneas de edad, Hidratante, Reafirmante",Clinique,,Cremas,"Clinique Smart Clinical Repair","<p>Potente crema para rostro y cuello que tensa y reduce visiblemente la apariencia de líneas y arrugas. El 100 % luce un rostro y cuello con un aspecto más firme.
</p><ul><li>
Probada por dermatólogos. </li><li>Segura para pieles sensibles. </li><li>Probada contra alergias. </li><li>100% libre de fragancias.</li></ul>",,"Clinique Smart Clinical Repair",192333144756,25.0000
000302287,"Clinique For Men Oil Control Face Wash 200 ml",clinique-clinique-for-men-oil-control-face-wash-200-ml-000302287,https://ultrafemme.com/media/catalog/product/3/0/302287_192333120767_01_32be.png,"Espuma limpiadora",Grasa,,489.000000,,,Clinique,,Espumas,"Clinique For Men","Fórmula libre de aceite que limpia a profundidad pieles normales a grasas, removiendo el exceso de grasa en la superficie de la piel. Deja la piel sintiéndose fresca y cómoda sin sensación tirante o seca. Prepara la piel para una rasurada cómoda.",,"Clinique For Men",192333120767,2.0000
000044996,"Clarifying Lotion 3",clinique-clarifying-lotion-3-200-ml-000044996,https://ultrafemme.com/media/catalog/product/4/4/44996_20714462772_01_ffb8.jpg,"Loción limpiadora",Mixta,Unisex,479.000000,,"<ul><li>La fórmula suave y refrescante marca la diferencia para una piel sana. Elimina la contaminación, suciedad, piel muerta dejando una piel más lisa y clara.</li><li>Deja fresca tu piel gracias a la fórmula que incluye Hamamelis, un purificante que deja la piel limpia y refrescada.</li><li>Prepara la piel para el hidratante - exfoliar la piel hace que la piel sea más receptiva a los hidratantes y tratamientos.</li><li>Para pieles más grasas, la exfoliación dos veces al día ayuda a minimizar el exceso de grasa en la piel y deja los poros limpios.</li><li>Para pieles más secas, la exfoliación dos veces al día ayuda a remover la piel muerta que pueden obstruir la absorción de la humedad. Incluso, ayuda a disminuir las finas líneas.</li></ul>",Clinique,"Water\Aqua\Eau, Alcohol Denat., Salicylic Acid, Hamamelis Virginiana (Witch Hazel), Butylene Glycol, Glycerin, Trehalose, Sodium Hyaluronate, Citric Acid, Sodium Hydroxide, Disodium Edta, Bht, Phenoxyethanol, Benzophenone-4, Ext. Violet 2 (Ci 60730), Red 6 (Ci 15850), Orange 4 (Ci 15510) <ILN37038>",Lociones,,"Fórmula desarrollada por dermatólogos que revela una piel más suave y saludable. Remueve las células muertas para que el hidratante actúe con más eficacia. Para tipo de piel mixta.",,,20714462772,29.0000
000294562,"Moisture Surge 100H Auto-Replenishing Hydrator Duo Set 200 ml",clinique-moisture-surge-100h-auto-replenishing-hydrator-duo-set-200-ml-000294562,https://ultrafemme.com/media/catalog/product/2/9/294562_192333066980_01_6c53.png,"Crema hidratante","Todo tipo de piel",,3989.000000,,,Clinique,,Sets,"Moisture Surge","<p>El set contiene dos 100H Auto-Replenishing Hydrator de 200 ml.

Hidratante facial refrescante sin aceite con biofermento de aloe y ácido hialurónico que brinda hidratación instantánea que alivia en 3 segundos. </p><p>El 100 % muestra un aumento instantáneo de la hidratación y el brillo.

Probado por dermatólogos. Seguro para pieles sensibles. Probado contra alergias. 100 % libre de fragancias.</p>",,"Moisture Surge",192333066980,11.0000
000340632,"Clinique Smart Clinical Repair Wrinkle Correcting Serum",clinique-clinique-smart-clinical-repair-wrinkle-correcting-serum-100-ml-000340632,https://ultrafemme.com/media/catalog/product/3/4/340632_192333101698_01_44c2.png,"Suero antiedad","Todo tipo de piel",Mujer,3309.000000,,"Reducción de líneas de edad y arrugas, Suaviza, Hidratante",Clinique,"Water\Aqua\Eau, Dimethicone, Isododecane, Butylene Glycol, Glycerin, Polysilicone-11, Ascorbyl Glucoside, Sodium Hyaluronate, Tocopheryl Acetate, Squalane, Hypnea Musciformis (Algae) Extract, Gelidiella Acerosa Extract, Sigesbeckia Orientalis (St. Paul's Wort) Extract, Helianthus Annuus (Sunflower) Seed Extract, Hordeum Vulgare (Barley) Extract\Extrait D'orge, Triticum Vulgare (Wheat) Germ Extract, Cucumis Sativus (Cucumber) Fruit Extract, Caffeine, Acetyl Hexapeptide-8, Palmitoyl Tripeptide-1, Palmitoyl Tetrapeptide-7, Palmitoyl Hexapeptide-12, Peg-10 Dimethicone, Glycyrrhetinic Acid, Whey Protein\Lactis Protein\Protéine Du Petit-Lait, Isohexadecane, Propylene Glycol Dicaprate, Caprylyl Glycol, Hydroxypinacolone Retinoate, Acetyl Glucosamine, Cholesterol, Peg-8, Yeast Extract\Faex\Extrait De Levure, Peg-6, Dimethyl Isosorbide, Glyceryl Polymethacrylate, Polysorbate 20, Sodium Phosphate, Synthetic Fluorphlogopite, Polysorbate 80, Carbomer, Hexylene Glycol, Ammonium Acryloyldimethyltaurate/Vp Copolymer, Acrylamide/Sodium Acryloyldimethyltaurate Copolymer, Potassium Hydroxide, Tin Oxide, Disodium Phosphate, Citric Acid, Disodium Edta, Sodium Citrate, Phenoxyethanol, Potassium Sorbate, Titanium Dioxide (Ci 77891) 
",Sueros,"Clinique Smart Clinical Repair","¿Qué es? Suero desarrollado por dermatólogos y clínicamente probado que ataca las líneas y arrugas desde 3 ángulos distintos. ¿Para quién? Ideal para todo tipo de piel.Beneficios• Instantáneamente: penetra profundamente en la superficie de la piel para dar volumen y luminosidad.• En 10 días: comience a ver una piel más suave y con un aspecto más joven.• En 4 semanas: aumenta el colágeno para una piel más suave, el 80% ve menos líneas y arrugas visibles.Ingredientes Principales• Retinoide potente: Un ingrediente poderoso con un toque suave, optimizado para la renovación celular sin irritación.• Ácido hialurónico: Este humectante intenso ayuda a darle a tu piel la hidratación necesaria y mantenerla. • CL1870 Laser Focus Complex TM: Una mezcla experta de péptidos, diseñada para ayudar a fortalecer la estructura del soporte de la piel.Modo de uso Aplica una capa fina en todo el rostro, utilízalo de día acompañado de tu protector solar y por las noches.Es bueno saberloSometido a Pruebas de Alergia. 100% libre de fragancia. Libre de aceite. No acnegénico. Probado dermatológicamente. Probado oftalmológicamente.Nuestra filosofía de purezaSin parabenos. Sin ftalatos. Sin fragancia. Piel simplemente feliz.
",,"Clinique Smart Clinical Repair",192333101698,44.0000
000302285,"Clinique Smart Clinical Repair Wrinkle Correcting Serum",clinique-clinique-smart-clinical-repair-wrinkle-correcting-serum-30-ml-000302285,https://ultrafemme.com/media/catalog/product/3/0/302285_192333101674_01_cf60.png,"Suero antiedad","Todo tipo de piel",Mujer,1379.000000,,"Reducción de líneas de edad y arrugas, Suaviza, Hidratante",Clinique,"Water\Aqua\Eau, Dimethicone, Isododecane, Butylene Glycol, Glycerin, Polysilicone-11, Ascorbyl Glucoside, Sodium Hyaluronate, Tocopheryl Acetate, Squalane, Hypnea Musciformis (Algae) Extract, Gelidiella Acerosa Extract, Sigesbeckia Orientalis (St. Paul's Wort) Extract, Helianthus Annuus (Sunflower) Seed Extract, Hordeum Vulgare (Barley) Extract\Extrait D'orge, Triticum Vulgare (Wheat) Germ Extract, Cucumis Sativus (Cucumber) Fruit Extract, Caffeine, Acetyl Hexapeptide-8, Palmitoyl Tripeptide-1, Palmitoyl Tetrapeptide-7, Palmitoyl Hexapeptide-12, Peg-10 Dimethicone, Glycyrrhetinic Acid, Whey Protein\Lactis Protein\Protéine Du Petit-Lait, Isohexadecane, Propylene Glycol Dicaprate, Caprylyl Glycol, Hydroxypinacolone Retinoate, Acetyl Glucosamine, Cholesterol, Peg-8, Yeast Extract\Faex\Extrait De Levure, Peg-6, Dimethyl Isosorbide, Glyceryl Polymethacrylate, Polysorbate 20, Sodium Phosphate, Synthetic Fluorphlogopite, Polysorbate 80, Carbomer, Hexylene Glycol, Ammonium Acryloyldimethyltaurate/Vp Copolymer, Acrylamide/Sodium Acryloyldimethyltaurate Copolymer, Potassium Hydroxide, Tin Oxide, Disodium Phosphate, Citric Acid, Disodium Edta, Sodium Citrate, Phenoxyethanol, Potassium Sorbate, Titanium Dioxide (Ci 77891) 
",Sueros,"Clinique Smart Clinical Repair","¿Qué es? Suero desarrollado por dermatólogos y clínicamente probado que ataca las líneas y arrugas desde 3 ángulos distintos. ¿Para quién? Ideal para todo tipo de piel.Beneficios• Instantáneamente: penetra profundamente en la superficie de la piel para dar volumen y luminosidad.• En 10 días: comience a ver una piel más suave y con un aspecto más joven.• En 4 semanas: aumenta el colágeno para una piel más suave, el 80% ve menos líneas y arrugas visibles.Ingredientes Principales• Retinoide potente: Un ingrediente poderoso con un toque suave, optimizado para la renovación celular sin irritación.• Ácido hialurónico: Este humectante intenso ayuda a darle a tu piel la hidratación necesaria y mantenerla. • CL1870 Laser Focus Complex TM: Una mezcla experta de péptidos, diseñada para ayudar a fortalecer la estructura del soporte de la piel.Modo de uso Aplica una capa fina en todo el rostro, utilízalo de día acompañado de tu protector solar y por las noches.Es bueno saberloSometido a Pruebas de Alergia. 100% libre de fragancia. Libre de aceite. No acnegénico. Probado dermatológicamente. Probado oftalmológicamente.Nuestra filosofía de purezaSin parabenos. Sin ftalatos. Sin fragancia. Piel simplemente feliz.
",,"Clinique Smart Clinical Repair",192333101674,3.0000
000133982,"Dramatically Different Moisturizing Lotion+",clinique-dramatically-different-moisturizing-lotion-125-ml-000133982,https://ultrafemme.com/media/catalog/product/1/3/133982_20714598907_01_67fa.jpg,"Locion humectante",Seca,Mujer,709.000000,,"Hidratante, Strengthening",Clinique,"Water\Aqua\Eau, Mineral Oil\Paraffinum Liquidum\Huile Minérale, Glycerin, Petrolatum, Stearic Acid, Glyceryl Stearate, Sesamum Indicum (Sesame) Oil, Urea, Lanolin Alcohol, Triethanolamine, Hordeum Vulgare (Barley) Extract\Extrait D'orge, Cucumis Sativus (Cucumber) Fruit Extract, Helianthus Annuus (Sunflower) Seedcake, Propylene Glycol Dicaprate, Sodium Hyaluronate, Butylene Glycol, Pentylene Glycol, Trisodium Edta, Phenoxyethanol, Yellow 6 (Ci 15985), Yellow 5 (Ci 19140), Red 33 (Ci 17200) 
",Lociones,"Dramatically Different","Es el Paso 3 en nuestro Sistema de 3 Pasos personalizado para el cuidado de la piel. El hidratante facial, desarrollado por dermatólogos, suaviza y mejora la piel dejando la piel saludable.
",,"Dramatically Different",20714598907,41.0000
000133981,"Dramatically Different Moisturizing Lotion+",clinique-dramatically-different-moisturizing-lotion-50-ml-000133981,https://ultrafemme.com/media/catalog/product/1/3/133981_20714598938_01_4f1e.jpg,"Locion humectante",Seca,Mujer,369.000000,,"Hidratante, Strengthening",Clinique,"Water\Aqua\Eau, Mineral Oil\Paraffinum Liquidum\Huile Minérale, Glycerin, Petrolatum, Stearic Acid, Glyceryl Stearate, Sesamum Indicum (Sesame) Oil, Urea, Lanolin Alcohol, Triethanolamine, Hordeum Vulgare (Barley) Extract\Extrait D'orge, Cucumis Sativus (Cucumber) Fruit Extract, Helianthus Annuus (Sunflower) Seedcake, Propylene Glycol Dicaprate, Sodium Hyaluronate, Butylene Glycol, Pentylene Glycol, Trisodium Edta, Phenoxyethanol, Yellow 6 (Ci 15985), Yellow 5 (Ci 19140), Red 33 (Ci 17200) 
",Lociones,"Dramatically Different","Es el Paso 3 en nuestro Sistema de 3 Pasos personalizado para el cuidado de la piel. El hidratante facial, desarrollado por dermatólogos, suaviza y mejora la piel dejando la piel saludable.
",,"Dramatically Different",20714598938,7.0000
000044901-000044901,"Dramatically Different Moisturizing Gel",clinique-dramatically-different-moisturizing-gel,https://ultrafemme.com/media/catalog/product/4/4/44901_20714222857_01_beb4.jpg,"Gel humectante",Grasa,Mujer,,,"Humectante, Control de grasa",Clinique,"Water (Aqua Purificata) Purified, Dimethicone, Isododecane, Butylene Glycol, Bis-Peg-18 Methyl Ether Dimethyl Silane, Glycerin, Laminaria Saccharina Extract, Lactobacillus Ferment, Polygonum Cuspidatum Root Extract, Saccharomyces Lysate Extract, Cucumis Sativus (Cucumber) Fruit Extract, Hordeum Vulgare (Barley) Extract, Helianthus Annuus (Sunflower) Seedcake, Caffeine, Trehalose, Sodium Hyaluronate, Tocopheryl Acetate, Chamomilla Recutita (Matricaria), Polysilicone-11, Silica, Propylene Glycol Dicaprate, Oleth-10, Laureth-23, Laureth-4, Ammonium Acryloyldimethyltaurate/Vp Copolymer, Carbomer, Tromethamine, Disodium Edta, Phenoxyethanol, Methylparaben, Yellow 5 (Ci 19140), Red 4 (Ci 14700), Yellow 6 (Ci 15985) 
",Geles,"Dramatically Different","<p>¿Qué es? </p><p>Paso 3 en nuestro Sistema de 3 Pasos personalizado. El humectante sin aceite desarrollado por dermatólogos suaviza y mejora la piel, dejando la piel hidratada. </p><p>¿Qué hace?</p><p> Combina una hidratacion sin aceite con ingredientes que fortalecen la piel. Se difumina fácilmente y se absorbe rápidamente. Balancea y refresca las pieles más grasas. El secreto en nuestro sistema. Nuestro revolucionario Sistema de 3 Pasos fue creado por un reconocido dermatólogo. Es simple, personalizado y toma tres minutos, dos veces al día: limpia con Facial Soap, exfolia con Clarifying Lotion, humecta con Dramatically Different Moisturizing Lotion+, Gel libre de aceite o Jelly ligero.</p>",,"Dramatically Different",,47.0000
000133982-000133982,"Dramatically Different Moisturizing Lotion+",clinique-dramatically-different-moisturizing-lotion,https://ultrafemme.com/media/catalog/product/1/3/133982_20714598907_01_67fa.jpg,"Locion humectante",Seca,Mujer,,,"Hidratante, Strengthening",Clinique,"Water\Aqua\Eau, Mineral Oil\Paraffinum Liquidum\Huile Minérale, Glycerin, Petrolatum, Stearic Acid, Glyceryl Stearate, Sesamum Indicum (Sesame) Oil, Urea, Lanolin Alcohol, Triethanolamine, Hordeum Vulgare (Barley) Extract\Extrait D'orge, Cucumis Sativus (Cucumber) Fruit Extract, Helianthus Annuus (Sunflower) Seedcake, Propylene Glycol Dicaprate, Sodium Hyaluronate, Butylene Glycol, Pentylene Glycol, Trisodium Edta, Phenoxyethanol, Yellow 6 (Ci 15985), Yellow 5 (Ci 19140), Red 33 (Ci 17200) 
",Lociones,"Dramatically Different","Es el Paso 3 en nuestro Sistema de 3 Pasos personalizado para el cuidado de la piel. El hidratante facial, desarrollado por dermatólogos, suaviza y mejora la piel dejando la piel saludable.
",,"Dramatically Different",,48.0000
000294558-000294558,"Moisture Surge 100H Auto-Replenishing Hydrator",clinique-moisture-surge-100h-auto-replenishing-hydrator,https://ultrafemme.com/media/catalog/product/2/9/294558_192333066928_01_9015.jpg,"Crema humectante","Todo tipo de piel",Mujer,,,"Hidratante, Agranda",Clinique,"Water\Aqua\Eau, Dimethicone, Butylene Glycol, Glycerin, Trisiloxane, Trehalose, Sucrose, Ammonium Acryloyldimethyltaurate/Vp Copolymer, Hydroxyethyl Urea, Camellia Sinensis (Green Tea) Leaf Extract, Silybum Marianum (Lady's Thistle) Extract, Betula Alba (Birch) Bark Extract, Saccharomyces Lysate Extract, Aloe Barbadensis Leaf Water, Aloe Barbadensis Leaf Extract, Thermus Thermophillus Ferment, Caffeine, Sorbitol, Palmitoyl Hexapeptide-12, Sodium Hyaluronate, Caprylyl Glycol, Oleth-10, Sodium Polyaspartate, Aloe Barbadensis Leaf Polysaccharides, Lactobacillus Ferment Lysate, Saccharide Isomerate, Hydrogenated Lecithin, Tocopheryl Acetate, Acrylates/C10-30 Alkyl Acrylate Crosspolymer, Glyceryl Polymethacrylate, Tromethamine, Peg-8, Hexylene Glycol, Magnesium Ascorbyl Phosphate, Citric Acid, Bht, Disodium Edta, Sodium Citrate, Potassium Sorbate, Sodium Benzoate, Phenoxyethanol, Red 4 (Ci 14700), Yellow 5 (Ci 19140) 
",Cremas,"Moisture Surge","<p>¿Qué es?</p><p>Una actualización de nuestro humectante favorito, refrescante fórmula crema en gel sin aceite con exclusivo biofermento de aloe y ácido hialurónico que penetra en la superficie de la piel, para una hidratación de más de 10 capas de profundidad  y que dura 100 horas, incluso después de lavarte el rostro.</p><p>¿Qué hace?</p><p>Fórmula ligera libre de aceite que proporciona una hidratación 10 capas a profundidad.  Proporciona un boost máximo de hidratación de un 174% que permite que la piel se mantenga humectada hasta por 100 horas. Este avanzado hidratante de doble acción con Tecnología de Auto-Reposición ayuda a la piel a crear su propia fuente de humectación interna para rehidratarse continuamente, reteninedo la humedad para lograr una piel fresca y saludable por más tiempo. </p><p>Ingredientes y Tecnología Clave </p><ul><li>Bio-fermento de aloe: hecho con lactobacilos, agua activada de aloe, y extracto de aloe orgánico certificado y de origen responsable, este exclusivo ingrediente rico en nutrientes ayuda a la piel a retener la humedad. Uno de los beneficios del proceso de fermentación es que rompe las moléculas grandes en tamaños más pequeños para que se absorban mejor en la piel. Ayuda a rellenar la piel para una apariencia más suave.</li><li>Ácido hialurónico: este ingrediente que retiene la humedad ayuda a crear un ""depósito de humedad"" para una hidratación ideal. Nuestra fórmula se mezcla con dos pesos moleculares diferentes de ácido hialurónico.</li><li>Agua de aloe activada: se infunde agua pura con extracto de hoja de aloe barbadensis, luego se carga para mantener las cargas iónicas positivas y negativas que ayudan a la piel a absorber la humedad más fácilmente.</li><li>Tecnología de Reabastecimiento: al usar agua de aloe activada y cafeína ayudan a activar el sistema de rehidratación de la piel.</li></ul><p><br></p><p>Es bueno saberlo</p><p>Sometido a Pruebas de Alergia. 100% libre de fragancia. Libre de aceite. No acnegénico. Probado dermatológicamente. Probado oftalmológicamente.</p><p>Nuestra filosofía de pureza</p><p>Sin parabenos. Sin ftalatos. Sin fragancia. Piel simplemente feliz. </p><p>Envase sostenible</p><p>Ahora más sostenible. 30 ml, 50 ml y 75 ml en frascos de vidrio reciclables. El frasco de 15 ml está fabricado con un mínimo de 40% de material reciclado postconsumo.</p>",,"Moisture Surge",,134.0000
000302285-000302285,"Clinique Smart Clinical Repair Wrinkle Correcting Serum",clinique-clinique-smart-clinical-repair-wrinkle-correcting-serum,https://ultrafemme.com/media/catalog/product/3/0/302285_192333101674_01_cf60.png,"Suero antiedad","Todo tipo de piel",Mujer,,,"Reducción de líneas de edad y arrugas, Suaviza, Hidratante",Clinique,"Water\Aqua\Eau, Dimethicone, Isododecane, Butylene Glycol, Glycerin, Polysilicone-11, Ascorbyl Glucoside, Sodium Hyaluronate, Tocopheryl Acetate, Squalane, Hypnea Musciformis (Algae) Extract, Gelidiella Acerosa Extract, Sigesbeckia Orientalis (St. Paul's Wort) Extract, Helianthus Annuus (Sunflower) Seed Extract, Hordeum Vulgare (Barley) Extract\Extrait D'orge, Triticum Vulgare (Wheat) Germ Extract, Cucumis Sativus (Cucumber) Fruit Extract, Caffeine, Acetyl Hexapeptide-8, Palmitoyl Tripeptide-1, Palmitoyl Tetrapeptide-7, Palmitoyl Hexapeptide-12, Peg-10 Dimethicone, Glycyrrhetinic Acid, Whey Protein\Lactis Protein\Protéine Du Petit-Lait, Isohexadecane, Propylene Glycol Dicaprate, Caprylyl Glycol, Hydroxypinacolone Retinoate, Acetyl Glucosamine, Cholesterol, Peg-8, Yeast Extract\Faex\Extrait De Levure, Peg-6, Dimethyl Isosorbide, Glyceryl Polymethacrylate, Polysorbate 20, Sodium Phosphate, Synthetic Fluorphlogopite, Polysorbate 80, Carbomer, Hexylene Glycol, Ammonium Acryloyldimethyltaurate/Vp Copolymer, Acrylamide/Sodium Acryloyldimethyltaurate Copolymer, Potassium Hydroxide, Tin Oxide, Disodium Phosphate, Citric Acid, Disodium Edta, Sodium Citrate, Phenoxyethanol, Potassium Sorbate, Titanium Dioxide (Ci 77891) 
",Sueros,"Clinique Smart Clinical Repair","¿Qué es? Suero desarrollado por dermatólogos y clínicamente probado que ataca las líneas y arrugas desde 3 ángulos distintos. ¿Para quién? Ideal para todo tipo de piel.Beneficios• Instantáneamente: penetra profundamente en la superficie de la piel para dar volumen y luminosidad.• En 10 días: comience a ver una piel más suave y con un aspecto más joven.• En 4 semanas: aumenta el colágeno para una piel más suave, el 80% ve menos líneas y arrugas visibles.Ingredientes Principales• Retinoide potente: Un ingrediente poderoso con un toque suave, optimizado para la renovación celular sin irritación.• Ácido hialurónico: Este humectante intenso ayuda a darle a tu piel la hidratación necesaria y mantenerla. • CL1870 Laser Focus Complex TM: Una mezcla experta de péptidos, diseñada para ayudar a fortalecer la estructura del soporte de la piel.Modo de uso Aplica una capa fina en todo el rostro, utilízalo de día acompañado de tu protector solar y por las noches.Es bueno saberloSometido a Pruebas de Alergia. 100% libre de fragancia. Libre de aceite. No acnegénico. Probado dermatológicamente. Probado oftalmológicamente.Nuestra filosofía de purezaSin parabenos. Sin ftalatos. Sin fragancia. Piel simplemente feliz.
",,"Clinique Smart Clinical Repair",,83.0000
000327544-000327544,"Moisture Surge Broad Spectrum SPF 28 Sheer Hydrator",clinique-moisture-surge-broad-spectrum-spf-28-sheer-hydrator,https://ultrafemme.com/media/catalog/product/3/2/327544_192333150580_01_f590.png,"Crema hidratante","Todo tipo de piel",Unisex,,,"Hidratante, Protección solar",Clinique,"Water\Aqua\Eau, Homosalate, Ethylhexyl Methoxycinnamate, Ethylhexyl Salicylate, Butylene Glycol, Butyl Methoxydibenzoylmethane, Ethylhexyl Methoxycrylene, Butyloctyl Salicylate, Dextrin Palmitate, Polymethylsilsesquioxane, Glycerin, Lactobacillus Ferment Lysate, Aloe Barbadensis Leaf Polysaccharides, Sodium Hyaluronate, Caffeine, Sodium Polyaspartate, 7-Dehydrocholesterol, Caprylyl Glycol, Acrylates Copolymer, Sorbitol, Dimethicone, Polyglyceryl-2 Stearate, Sucrose, Saccharide Isomerate, Hydroxyethyl Urea, Ppg-8-Ceteth-20, Sorbeth-30 Tetraisostearate, Glyceryl Stearate, Sorbitan Sesquiisostearate, Potassium Hydroxide, Carbomer, Dipropylene Glycol, Dehydroxanthan Gum, Stearyl Alcohol, Sodium Polyacryloyldimethyl Taurate, Hexylene Glycol, Acrylates/Beheneth-25 Methacrylate Copolymer, Acrylates/C10-30 Alkyl Acrylate Crosspolymer, Tocopheryl Acetate, Bht, Disodium Edta, Sodium Citrate, Citric Acid, Potassium Sorbate, Sodium Benzoate, Phenoxyethanol, Red 4 (Ci 14700) 
",Cremas,"Moisture Surge","Este humectante facial con FPS que se siente como una nube hidrata y brinda protección solar total, incluso para tonos de piel oscuros. El 100 % muestra instantáneamente un aumento en la hidratación y el brillo.",,"Moisture Surge",,44.0000
000309917,"Revitalizing Supreme+ Youth Power Eye Balm 15 ml",estee-lauder-revitalizing-supreme-youth-power-eye-balm-15-ml-000309917,https://ultrafemme.com/media/catalog/product/3/0/309917_887167539587_01_7dc4.png,"Bálsamo para ojos","Todo tipo de piel",,1829.000000,,,"Estee Lauder","Ingredients: Water\Aqua\Eau, Methyl Trimethicone, Propanediol, Isododecane, Polyethylene, Dimethicone, Butylene Glycol, Hydrogenated Polyisobutene, Dimethicone/Vinyl Dimethicone Crosspolymer, Cetyl Peg/Ppg-10/1 Dimethicone, Stearyl Dimethicone, Nylon-12, Isononyl Isononanoate, Moringa Oleifera Seed Extract, Hibiscus Sinensis Flower Extract, Sodium Hyaluronate, Acetyl Hexapeptide-8, Laminaria Digitata Extract, Whey Protein\Lactis Protein\Proteine Du Petit-Lait, Opuntia Tuna Extract, Acetyl Glucosamine, Tocopheryl Acetate, Narcissus Tazetta Bulb Extract, Squalane, Hydrolyzed Rice Extract, Algae Extract, Limonium Vulgare Flower/Leaf/Stem Extract, Cucumis Sativus (Cucumber) Fruit Extract, Silybum Marianum (Lady's Thistle) Extract, Mimosa Tenuiflora Bark Extract, Helianthus Annuus (Sunflower) Seed Extract, Sigesbeckia Orientalis (St. Paul's Wort) Extract, Caffeine, Hordeum Vulgare (Barley) Extract\Extrait D'orge, Triticum Vulgare (Wheat) Germ Extract, Propylene Glycol Dicaprate, Glucose, Magnesium Sulfate, Sucrose, Glycerin, Pinanediol, Camphanediol, Hexylene Glycol, Caprylyl Glycol, Boron Nitride, Maltodextrin, Aminopropyl Ascorbyl Phosphate, Methicone, Artemia Extract, Polysilicone-11, Alumina, Isoceteth-20, Disteardimonium Hectorite, Peg-10 Dimethicone, Lauryl Peg-9 Polydimethylsiloxyethyl Dimethicone, Citric Acid, Octadecene, Triethoxycaprylylsilane, Disodium Edta, Bht, Potassium Sorbate, Chlorphenesin, Phenoxyethanol, Titanium Dioxide (Ci 77891), Iron Oxides (Ci 77491) 
",Bálsamos,"Revitalizing Supreme","<p>Puedes tenerlo todo. Una piel firme, tensa y radiante. Todo en uno, deliciosa ligera y refrescante para consentir tu piel.Con Extracto de Jamaica de origen natural y extractos exclusivos de Moringa, empodera tu piel para revelar una piel más joven. Los resultados son notables: </p><p>El 92% estuvo de acuerdo en que el producto se sintió menos pesado en la piel. El 91% dijo que la piel se sentía no-aceitosa / no-grasosa y sin residuos. 88% dijo que los poros se redujeron visiblemente. El 87% dijo que la textura de la piel se veía más refinada. Luce una mirada firme y esculpida. </p><p>Con nuestra poderosa tecnología RevitaKey™ destacando el exclusivo uso del extracto de moringa. Este bálsamo cuida la delicada área del contorno de ojos nutriéndola e hidratándola profundamente mientras fortalece la barrera natural de la piel. Reduce ojeras, líneas de expresión y arrugas; dale a tu mirada un resplandor sano y rejuvenecido eliminando signos de deshidratación.</p><p>Para maximizar resultados, también se puede utilizar como mascarilla de ojos semanal.
</p>",,"Revitalizing Supreme",887167539587,38.0000
000326890,"Re-Nutriv Ultimate Diamond Sculpted Transformation Creme Moisturizer 50 ml",estee-lauder-re-nutriv-ultimate-diamond-sculpted-transformation-creme-moisturizer-50-ml-000326890,https://ultrafemme.com/media/catalog/product/3/2/326890_887167567498_01_f1f2.jpg,"Crema hidratante",,,8369.000000,,,"Estee Lauder","Ingredients: Water\Aqua\Eau, C12-20 Acid Peg-8 Ester, Coco-Caprylate/Caprate, Caprylic/Capric Triglyceride, Butylene Glycol, Dimethicone, Glycerin, Cetyl Ricinoleate, Cetyl Alcohol, Algae Extract, Tuber Melanosporum Extract, Acetyl Hexapeptide-8, Sodium Hyaluronate, Prunus Persica (Peach) Flower Extract, Laminaria Digitata Extract, Narcissus Tazetta Bulb Extract, Hydrolyzed Yeast Protein, Sigesbeckia Orientalis (St. Paul's Wort) Extract, Gold, Pearl Powder, Squalane, Caffeine, Molasses Extract\Saccharum Officinarum\Extrait De Melasse, Hydrolyzed Rice Protein, Hydrolyzed Rice Extract, Hydrolyzed Wheat Protein, Coffea Arabica (Coffee) Seed Oil, Cordyceps Sinensis Extract, Cucumis Sativus (Cucumber) Fruit Extract, Helianthus Annuus (Sunflower) Seed Extract, Hordeum Distichon (Barley) Extract\Extrait D'orge A Deux Rangs, Phoenix Dactylifera (Date) Fruit Extract, Yeast Extract\Faex\Extrait De Levure, Hordeum Vulgare Extract\Extrait D'orge, Triticum Vulgare (Wheat) Germ Oil, Fuscoporia Obliqua Extract, Boswellia Serrata Extract, Brassica Campestris (Rapeseed) Sterols, Dipotassium Glycyrrhizate, Artemia Extract, Glucose, Xanthan Gum, Cellulose, Tocopheryl Acetate, Hydrogenated Polydecene, Aminopropyl Ascorbyl Phosphate, Lecithin, Potassium Cetyl Phosphate, Carbomer, Tromethamine, Sodium Acrylate/Sodium Acryloyldimethyl Taurate Copolymer, Polymethylsilsesquioxane, Caprylyl Glycol, Propylene Glycol Dicaprate, Disodium Edta, Hexylene Glycol, Pentylene Glycol, Laureth- 8, Peg-100 Stearate, Fragrance (Parfum), Bht, Phenoxyethanol, Potassium Sorbate, Sodium Benzoate, Red 33 (Ci 17200), Yellow 5 (Ci 19140) 
",Cremas,"Re Nutriv","<p>Un diamante debe ser esculpido por expertos en la forma perfecta, cada faceta suavizada, y cada ángulo definido, para revelar su brillo final. Como un diamante, cuando la superficie y la estructura de la piel son esculpidas y suavizadas por expertos, se revela su forma juvenil y su brillo. </p><p>
Esta es la Re-Nutriv Creme de las cremas. Cada toque de este tesoro aterciopelado y suave le transporta, sumergiendo tu piel y tus sentidos en un lujo total.
</p><p>Una concentración excepcional de nuestro exclusivo Extracto de Trufa de Diamante negro y potentes niveles de innovadora tecnología de mantenimiento de la juventud hacen de este un tratamiento hidratante realmente extraordinario.</p>",,"Re Nutriv",887167567498,3.0000
000329984,"Nutritious Radiant Essence Treatment Lotion 200 ml",estee-lauder-nutritious-radiant-essence-treatment-lotion-200-ml-000329984,https://ultrafemme.com/media/catalog/product/3/2/329984_887167610637_01_9fe5.png,"Leche hidratante","Todo tipo de piel",,769.000000,,,"Estee Lauder","Ingredients: Water\Aqua\Eau, Propanediol, Niacinamide, Glycerin, Butylene Glycol, Laminaria Saccharina Extract, Porphyridium Cruentum Extract, Lactobacillus Ferment, Hydrolyzed Rice Extract, Punica Granatum (Pomegranate) Extract, Zinc Pca, Dipotassium Glycyrrhizate, Camellia Sinensis (Green Tea) Leaf Extract, Sodium Hyaluronate, Caffeine, Narcissus Tazetta Bulb Extract, Cucumis Sativus (Cucumber) Fruit Extract, Sucrose (Organic Brown Sugar), Sodium Dilauramidoglutamide Lysine, Citric Acid, Sodium Citrate, Caprylyl Glycol, Sodium Hydroxide, Polyglyceryl-6 Caprylate, Polyglyceryl-4 Caprate, Acrylates/C10-30 Alkyl Acrylate Crosspolymer, Phenoxyethanol 
",Leches,Nutritious,"Nutritious Milky Lotion Loción/Leche Hidratante.",,Nutritious,887167610637,3.0000
000336786,"Advanced Night Cleansing Gelée Travel Size Cleanser With 15 Amino Acids 100 ml",estee-lauder-advanced-night-cleansing-gelee-travel-size-cleanser-with-15-amino-acids-100-ml-000336786,https://ultrafemme.com/media/catalog/product/3/3/336786_887167620841_01_d254.jpg,"Gel desmaquillante","Todo tipo de piel",,749.000000,,,"Estee Lauder","Ingredients: Water\Aqua\Eau, Sodium Laureth Sulfate, Acrylates Copolymer, Lauramidopropyl Betaine, Glycerin, Butylene Glycol, Sucrose, Lilium Tigrinum Extract, Sodium Hyaluronate, Arginine, Tyrosine, Glutamic Acid, Aspartic Acid, Histidine, Glycine, Lysine, Threonine, Valine, Proline, Leucine, Alanine, Isoleucine, Serine, Phenylalanine, Caffeine, Citrullus Lanatus (Watermelon) Fruit Extract, Lens Esculenta (Lentil) Fruit Extract, Pyrus Malus (Apple) Fruit Extract, Anthemis Nobilis (Chamomile) Flower Extract, Lavandula Angustifolia (Lavender) Oil, Laminaria Saccharina Extract, Sodium Pca, Caprylyl Glycol, Methyldihydrojasmonate, Glucose, Sodium Lactate, Glucose Oxidase, Lactoperoxidase, Disodium Cocoamphodiacetate, Sodium Chloride, Xanthan Gum, Potassium Hydroxide, Polysorbate 20, Citric Acid, Polyquaternium-7, Potassium Phosphate, Linalool, Disodium Edta, Phenoxyethanol, Sodium Benzoate, Potassium Sorbate, Yellow 5 (Ci 19140), Red 33 (Ci 17200) 
",Geles,"Advanced Night","Esta fórmula acondicionadora se transforma en una espuma suave y ligera que elimina el maquillaje y las impurezas, incluida la contaminación, a la vez que purifica a profundidad la superficie de la piel para un aspecto saludable.",,"Advanced Night",887167620841,7.0000
000336790,"Advanced Night Repair Rescue Solution Serum With 15% Bifidus Ferment 20 ml",estee-lauder-advanced-night-repair-rescue-solution-serum-with-15-bifidus-ferment-20-ml-000336790,https://ultrafemme.com/media/catalog/product/3/3/336790_887167646407_01_01d8.png,"Suero reparador",Sensible,,2809.000000,,,"Estee Lauder","Ingredients: Water\Aqua\Eau, Bifida Ferment Lysate, Peg-8, Butylene Glycol, Glycerin, Polysorbate 80, Bis-Peg-18 Methyl Ether Dimethyl Silane, Tripeptide-32, Hydrolyzed Yeast Protein, Lactobacillus Ferment, Sodium Hyaluronate, Caffeine, Hypnea Musciformis Extract, Citrullus Lanatus (Watermelon) Fruit Extract, Lens Esculenta (Lentil) Fruit Extract, Pyrus Malus (Apple) Fruit Extract, Magnolia Grandiflora Bark Extract, Polygonum Cuspidatum Root Extract, Poria Cocos Sclerotium Extract, Silybum Marianum (Lady's Thistle) Extract, Sapindus Mukorossi Fruit Extract, Anthemis Nobilis (Chamomile) Flower Extract, Sodium Lactate, Ethylhexylglycerin, Potassium Gluconate, Sodium Pca, Caesalpinia Spinosa Gum, Sucrose, Caprylyl Glycol, Hexylene Glycol, Carbomer, Xanthan Gum, Ppg-6-Decyltetradeceth-30, Ppg-5-Ceteth-20, Bht, Disodium Edta, Sodium Hydroxide, Potassium Sorbate, Phenoxyethanol, Sodium Benzoate, Red 4 (Ci 14700), Yellow 5 (Ci 19140) 
",Sueros,"Advanced Night Repair","<p>Disfruta de la nueva fórmula para piel sensible potenciada con un 15% de Bifidus Ferment. </p><p>Nuestro nuevo Suero Facial funciona como un poderoso rescate diario para la piel irritada, propensa al enrojecimiento o visiblemente sensibilizada.</p>",,"Advanced Night Repair",887167646407,5.0000
000344887,"Re-Nutriv Ultimate Diamond Transformative Brilliance Soft Creme Moisturizer 50 ml",estee-lauder-re-nutriv-ultimate-diamond-transformative-brilliance-soft-creme-moisturizer-50-ml-000344887,https://ultrafemme.com/media/catalog/product/3/4/344887_887167626126_01_677e.jpg,"Crema hidratante",,,5869.000000,,,"Estee Lauder","Ingredients: Water\Aqua\Eau, Glycerin, Isostearyl Neopentanoate, Butylene Glycol, Dimethicone, Glyceryl Stearate, Hydrogenated Polyisobutene, Peg-100 Stearate, Ascorbyl Glucoside, Stearic Acid, Butyrospermum Parkii (Shea) Butter, Tuber Melanosporum Extract, Narcissus Tazetta Bulb Extract, Laminaria Digitata Extract, Hydrolyzed Yeast Protein, Sodium Hyaluronate, Acetyl Hexapeptide-8, Palmitoyl Hexapeptide-12, Hydrolyzed Rice Extract, Cordyceps Sinensis Extract, Glycine Soja (Soybean) Seed Extract, Algae Extract, Coffea Arabica (Coffee) Seed Oil, Caffeine, Gold, Pearl Powder, Cucumis Sativus (Cucumber) Fruit Extract, Pyrus Malus (Apple) Fruit Extract, Helianthus Annuus (Sunflower) Seed Extract, Scutellaria Baicalensis Root Extract, Sigesbeckia Orientalis (St. Paul's Wort) Extract, Palmaria Palmata Extract, Laminaria Saccharina Extract, Boswellia Serrata Extract, Fuscoporia Obliqua Sclerotium Extract, Trametes Versicolor Extract, Artemia Extract, Hordeum Vulgare Extract\Extrait D'orge, Tocopheryl Acetate, Hydrolyzed Wheat Protein, Dipotassium Glycyrrhizate, Cholesterol, Glucose, Sucrose, Citric Acid, Sodium Sulfite, Sodium Metabisulfite, Pentylene Glycol, Propylene Glycol Dicaprate, Glyceryl Polymethacrylate, Caprylyl Glycol, Polymethylsilsesquioxane, Disodium Edta, Sodium Citrate, Sodium Hydroxide, Polyacrylate Crosspolymer-6, Carbomer, Cetyl Alcohol, Polysorbate 60, Fragrance (Parfum), Bht, Peg-8, Phenoxyethanol, Sodium Benzoate, Sodium Dehydroacetate, Potassium Sorbate, Red 33 (Ci 17200) 
",Cremas,"Re Nutriv","Una crema hidrante generosamente nutritiva que revela un visible cambio de edad: la piel parece y se siente más joven, con un aspecto más luminoso y un tono más uniforme. 
",,"Re Nutriv",887167626126,63.0000
000337262,"Advanced Night Cleansing Balm Cleanser With Lipid-Rich Oil Infusion 70 ml",estee-lauder-advanced-night-cleansing-balm-cleanser-with-lipid-rich-oil-infusion-70-ml-000337262,https://ultrafemme.com/media/catalog/product/3/3/337262_887167620834_01_5d7a.jpg,"Bálsamo limpiador","Todo tipo de piel",,969.000000,,,"Estee Lauder","Ingredients: Ethylhexyl Palmitate, Carthamus Tinctorius (Safflower) Seed Oil, Caprylic/Capric Triglyceride, Sorbeth-30 Tetraoleate, Polyethylene, Peg-5 Glyceryl Triisostearate, Water\Aqua\Eau, Silybum Marianum (Lady's Thistle) Extract, Polygonum Cuspidatum Root Extract, Algae Extract, Anthemis Nobilis (Chamomile), Lavandula Angustifolia (Lavender), Methyldihydrojasmonate, Tocopherol, Bht, Linalool, Phenoxyethanol 
",Bálsamos,"Advanced Night","Este ligero bálsamo se funde en un sedoso aceite limpiador al masajear la piel, y después se transforma con el agua en una emulsión lechosa que se aclara fácilmente para dejar una sensación de limpieza y acondicionamiento.",,"Advanced Night",887167620834,12.0000
000344848,"Oud & Bergamot Body & Hand Wash 250 ml",jo-malone-london-oud-bergamot-body-hand-wash-250-ml-000344848,https://ultrafemme.com/media/catalog/product/3/4/344848_690251131662_01_5884.png,"Jabon corporal",,,1349.000000,,,"Jo Malone London","Water Aqua Eau, Sodium Laureth Sulfate, Lauramidopropyl Betaine, Fragrance (parfum), Glycerin, Peg-120 Methyl Glucose Dioleate, Myristamidopropyl Betaine, Ceteth-20, Caffeine, Limnanthes Alba (meadowfoam) Seed Oil, Salicornia Herbacea Extract, Ppg-26-buteth-26, Caprylyl Glycol, Peg-6 Caprylic/capric Glycerides, Ethylhexylglycerin, Butylene Glycol, Pentylene Glycol, Polysorbate 20, Peg-150 Pentaerythrityl Tetrastearate, Sucrose, Peg-40 Hydrogenated Castor Oil, Sodium Chloride, Hexylene Glycol, Polyquaternium-7, Citric Acid, Limonene, Linalool, Bht, Phenoxyethanol, Sodium Benzoate",Jabones,"Oud & Bergamot","Eleva tu rutina diaria con el lujo de Oud & Bergamot Body & Hand Wash. Con glicerina e hinojo marino derivados de origen natural, su fórmula se transforma de gel a una delicada espuma aterciopelada que limpia y purifica la piel mientras la infunde con un aroma hipnótico y seductor.",,"Oud & Bergamot",690251131662,3.0000
000352853,"Cypress & Grapevine Body & Hand Wash 250 ml",jo-malone-london-cypress-grapevine-body-hand-wash-250-ml-000352853,https://ultrafemme.com/media/catalog/product/3/5/352853_690251131631_01_6177.png,"Jabon corporal",,,1349.000000,,,"Jo Malone London","Water Aqua Eau, Sodium Laureth Sulfate, Lauramidopropyl Betaine, Fragrance (parfum), Glycerin, Peg-120 Methyl Glucose Dioleate, Ppg-26-buteth-26, Myristamidopropyl Betaine, Ceteth-20, Caffeine, Limnanthes Alba (meadowfoam) Seed Oil, Salicornia Herbacea Extract, Caprylyl Glycol, Peg-6 Caprylic/capric Glycerides, Ethylhexylglycerin, Butylene Glycol, Peg-40 Hydrogenated Castor Oil, Pentylene Glycol, Polysorbate 20, Peg-150 Pentaerythrityl Tetrastearate, Sucrose, Sodium Chloride, Hexylene Glycol, Polyquaternium-7, Citric Acid, Coumarin, Linalool, Citronellol, Limonene, Bht, Phenoxyethanol, Sodium Benzoate 
",Jabones,"Cypress & Grapevine","Eleva tu rutina diaria con el lujo de Cypress & Grapevine Body & Hand Wash. Con glicerina e hinojo marino derivados de origen natural, su fórmula se transforma de gel a una delicada espuma aterciopelada que limpia y purifica la piel mientras la infunde con el aromático ciprés y un sensual toque de ámbar.",,"Cypress & Grapevine",690251131631,6.0000
000344847,"Velvet Rose & Oud Body & Hand Wash 250 ml",jo-malone-london-velvet-rose-oud-body-hand-wash-250-ml-000344847,https://ultrafemme.com/media/catalog/product/3/4/344847_690251131655_01_192c.png,"Jabon corporal",,,1349.000000,,,"Jo Malone London","Water Aqua Eau, Sodium Laureth Sulfate, Lauramidopropyl Betaine, Fragrance (parfum), Ceteth-20, Ppg-26-buteth-26, Glycerin, Peg-120 Methyl Glucose Dioleate, Peg-40 Hydrogenated Castor Oil, Myristamidopropyl Betaine, Caffeine, Limnanthes Alba (meadowfoam) Seed Oil, Salicornia Herbacea Extract, Caprylyl Glycol, Peg-6 Caprylic/capric Glycerides, Ethylhexylglycerin, Butylene Glycol, Sodium Phosphate, Pentylene Glycol, Peg-150 Pentaerythrityl Tetrastearate, Sucrose, Hexylene Glycol, Polyquaternium-7, Disodium Phosphate, Citric Acid, Benzyl Salicylate, Linalool, Geraniol, Citronellol, Alpha-isomethyl Ionone, Eugenol, Phenoxyethanol, Sodium Benzoate 
",Jabones,"Velvet Rose & Oud","Eleva tu rutina diaria con el lujo de Velvet Rose & Oud Body & Hand Wash. Con glicerina e hinojo marino derivados de origen natural, su fórmula se transforma de gel a una delicada espuma aterciopelada que limpia y purifica la piel mientras la infunde con el aroma magnético y decadente de la Rosa de Damasco.",,"Velvet Rose & Oud",690251131655,3.0000
000344846,"Myrrh & Tonka Body & Hand Wash 250 ml",jo-malone-london-myrrh-tonka-body-hand-wash-250-ml-000344846,https://ultrafemme.com/media/catalog/product/3/4/344846_690251131648_01_eeae.png,"Jabon corporal",,,1349.000000,,,"Jo Malone London","Water Aqua Eau, Sodium Laureth Sulfate, Lauramidopropyl Betaine, Fragrance (parfum), Glycerin, Myristamidopropyl Betaine, Ceteth-20, Limnanthes Alba (meadowfoam) Seed Oil, Salicornia Herbacea Extract, Caprylyl Glycol, Butylene Glycol, Caffeine, Ethylhexylglycerin, Sucrose, Peg-6 Caprylic/capric Glycerides, Peg-120 Methyl Glucose Dioleate, Ppg-26-buteth-26, Peg-150 Pentaerythrityl Tetrastearate, Peg-40 Hydrogenated Castor Oil, Polysorbate 20, Pentylene Glycol, Sodium Chloride, Citric Acid, Hexylene Glycol, Polyquaternium-7, Coumarin, Linalool, Limonene, Alpha-isomethyl Ionone, Citronellol, Tocopherol, Sodium Benzoate, Phenoxyethanol 
",Jabones,"Myrrh & Tonka","Eleva tu rutina diaria con el lujo de Myrrh & Tonka Body & Hand Wash. Con glicerina e hinojo marino derivados de origen natural, su fórmula se transforma de gel a una delicada espuma aterciopelada que limpia y purifica la piel mientras la infunde con un su cálida y sensual fragancia.",,"Myrrh & Tonka",690251131648,10.0000
000326891,"Wood Sage & Sea Salt Body & Hand Lotion 250 ml",jo-malone-london-wood-sage-sea-salt-body-hand-lotion-250-ml-000326891,https://ultrafemme.com/media/catalog/product/3/2/326891_690251074075_01_17b8.png,"Loción corporal",,,1479.000000,,,"Jo Malone London","Water Aqua Eau, Aloe Barbadensis Leaf Juice, Caprylic/capric/myristic/stearic Triglyceride, Butylene Glycol, Hydrogenated Polyisobutene, Ppg-5-ceteth-20, Fragrance (parfum), Cetyl Acetate, Cocos Nucifera (coconut) Oil, Peg-40 Stearate, Dimethicone, Glyceryl Stearate, Sodium Hyaluronate, Glyceryl Laurate, Isopropyl Jojobate, Caprylyl Glycol, Jojoba Alcohol, Jojoba Esters, Sorbitan Stearate, Hexylene Glycol, Tromethamine, Carbomer, Linalool, Citral, Limonene, Citronellol, Geraniol, Benzyl Alcohol, Coumarin, Alpha-isomethyl Ionone, Tocopherol, Bht, Disodium Edta, Phenoxyethanol 
",Lociones,"Wood Sage & Sea Salt","Escapa de lo cotidiano a la costa azotada por el viento. Olas que rompen en espuma blanca,el aire fresco impregnado de sal marina. Viva con el aroma mineral de los escarpados acantilados.Mezclada con la terrenalidad leñosa de la salvia. Dinámica, enérgica y totalmente alegre",,"Wood Sage & Sea Salt",690251074075,3.0000
000327615,"Velvet Rose & Oud Body Crème 200 ml",jo-malone-london-velvet-rose-oud-body-creme-200-ml-000327615,https://ultrafemme.com/media/catalog/product/3/2/327615_690251131297_01_44c4.png,"Crema corporal",,,2579.000000,,,"Jo Malone London","Water Aqua Eau, Ethylhexyl Palmitate, Butyrospermum Parkii (shea Butter), Aloe Barbadensis Leaf Juice, Ppg-5-ceteth-20, Petrolatum, Simmondsia Chinensis (jojoba) Seed Oil, Butylene Glycol, Fragrance (parfum), Glycerin, Tocopheryl Acetate, Cetearyl Alcohol, Dimethicone, Peg-100 Stearate, Salicornia Herbacea Extract, Caffeine, Linoleic Acid, Acetyl Glucosamine, Sorbitol, Bisabolol, Cholesterol, Sodium Hyaluronate, Jojoba Esters, Caprylyl Glycol, Tromethamine, Carbomer, Glyceryl Stearate, Behenyl Alcohol, Sucrose, Simethicone, Xanthan Gum, Pentaerythrityl Tetra-di-t-butyl Hydroxyhydrocinnamate, Disodium Edta, Phenoxyethanol, Citronellol, Alpha-isomethyl Ionone, Eugenol, Geraniol, Benzyl Salicylate, Linalool, Citral, Benzyl Alcohol, Bismuth Oxychloride (ci 77163) 
",Cremas,"Velvet Rose & Oud","Nuestra lujosa crema corporal, con sus aceites acondicionadores de semillas de jojoba, semillas de cacao y almendras dulces, ayuda a hidratar, nutrir y proteger la piel, dejando tu cuerpo delicadamente perfumado con el aroma de Velvet Rose & Oud. El icónico aroma floral de la rosa de Damasco envuelto en las profundidades ahumadas del oud, refinada con clavo y un delicioso sabor a praliné. Magnético y decadente.",,"Velvet Rose & Oud",690251131297,6.0000
000324471,"The Ritual Of Sakura Body Scrub 250 gr",rituals-the-ritual-of-sakura-body-scrub-250-gr-000324471,https://ultrafemme.com/media/catalog/product/3/2/324471_8719134122374_01_8ad5.png,"Exfoliante corporal",,,499.000000,,,Rituals,"Sucrose, Ethylhexyl Stearate, Isopropyl Myristate, Carthamus Tinctorius (Safflower) Seed Oil, Parfum/Fragrance, Prunus Amygdalus Dulcis (Sweet Almond) Oil, Prunus Avium (Sweet Cherry) Fruit Extract, Oryza Sativa (Rice) Bran Oil, Prunus Cerasus (Bitter Cherry) Shell Powder, Camellia Japonica Seed Oil, Simmondsia Chinensis (Jojoba) Seed Oil, Helianthus Annuus (Sunflower) Seed Oil, Helianthus Annuus (Sunflower) Hybrid Oil, Tocopherol, Hexyl Cinnamal, Benzyl Salicylate, Linalool, Coumarin, Citronellol, Geraniol, Alpha-Isomethyl Ionone, Cinnamyl Alcohol, Limonene.",Exfoliantes,"The Ritual Of Sakura","<p>Despierta tu piel masajeando este exfoliante sobre la piel húmeda para eliminar la piel seca y opaca, estimular la renovación de las células de la piel y mejorar la tez de tu cuerpo. </p><p>Contiene una lujosa mezcla de azúcar con una base cuidadosamente formulada de ricos aceites enriquecidos con exfoliante de cereza y potente exfoliante japonés. </p><p>Los aceites de salvado de arroz, tsubaki y jojoba nutrirán la piel para darle un brillo radiante y saludable.
Completa tu rutina de cuidado corporal nutritivo siguiendo con el aceite seco o la crema corporal The Ritual of Sakura. Elaborado con un 91% de ingredientes de origen natural.</p>",,"The Ritual Of Sakura",8719134122374,3.0000
000346759,"The Ritual Of Jing Kitchen Hand Balm 175 ml",rituals-the-ritual-of-jing-kitchen-hand-balm-175-ml-000346759,https://ultrafemme.com/media/catalog/product/3/4/346759_8719134164381_01_9625.png,"Bálsamo de manos",,,329.000000,,,Rituals,"Aqua/Water, Glycerin, Ethylhexyl Stearate, Dicaprylyl Carbonate, Butyrospermum Parkii (Shea) Butter, Glyceryl Stearate, Cetearyl Alcohol, Parfum/ Fragrance, Sodium Stearoyl Glutamate, Allantoin, Nelumbo Nucifera (Lotus) Flower Extract, Xanthan Gum, Butylene Glycol, Zizyphus Jujuba Fruit Extract, Tocopherol, Glycine Soja Oil, Sodium Chloride, Benzyl Salicylate, Hexyl Cinnamal, Linalool, Alpha-Isomethyl Ionone, Triethyl Citrate, Caprylyl Glycol, Benzoic Acid, Tetrasodium Iminodisuccinate, Sodium Hydroxide, Citric Acid.",Bálsamos,"The Ritual Of Jing","<p>Este bálsamo para manos de The Ritual of Jing ha sido especialmente desarrollado para nutrir, suavizar y calmar las manos ásperas y secas.</p><p> Realzado con la fragancia floral y cálida de la flor de loto y la azufaifa, puedes combinarlo con el jabón de manos de la misma gama para obtener un conjunto lujoso.</p>",,"The Ritual Of Jing",8719134164381,3.0000
000346752,"The Ritual Of Ayurveda Hand Balm 70 ml",rituals-the-ritual-of-ayurveda-hand-balm-70-ml-000346752,https://ultrafemme.com/media/catalog/product/3/4/346752_8719134143348_01_b21b.png,"Bálsamo de manos",,,349.000000,,,Rituals,"Aqua/Water, Glycerin, Cetearyl Alcohol, Undecane, Dicaprylyl Carbonate, Glyceryl Stearate Citrate, Butyrospermum Parkii (Shea) Butter, Tridecane, Prunus Amygdalus Dulcis (Sweet Almond) Oil, Rosa Damascena Flower Water, Maclura Cochinchinensis Leaf Prenylflavonoids/Bioflavonoids, Parfum/Fragrance, Inulin, Fructose, Tocopherol, Helianthus Annuus (Sunflower) Seed Oil, Glyceryl Caprylate, Phytic Acid, Caprylyl Glycol, Xanthan Gum, Propanediol, Benzyl Benzoate, Citral, Citronellol, Coumarin, Hexyl Cinnamal, Linalool, Limonene, Phenoxyethanol, Sodium Benzoate, Potassium Sorbate, Sorbic Acid, Citric Acid, Sodium Hydroxide.",Bálsamos,"The Ritual Of Ayurveda","<p>Este lujoso bálsamo de manos se ha desarrollado especialmente para suavizar y nutrir las manos secas. Con aceite de almendra suavizante y calmante rosa de la India, tus manos estarán nutridas y suaves como la seda. </p><p>Los ingredientes activos buenos para el microbioma fortalecen la barrera de la piel y la mantienen equilibrada y sana. Este lujoso bálsamo de manos se absorbe fácilmente, por lo que puedes usarlo en cualquier momento del día. </p><p>Este bálsamo para manos secas con un 97&nbsp;% de ingredientes de origen natural está cuidadosamente formulado para cuidar la piel de manera óptima. El 3&nbsp;% restante son ingredientes creados en el laboratorio que garantizan la integridad y la seguridad de nuestras fórmulas.</p>",,"The Ritual Of Ayurveda",8719134143348,35.0000
000346758,"The Ritual Of Jing Night Rescue Hand Mask 70 ml",rituals-the-ritual-of-jing-night-rescue-hand-mask-70-ml-000346758,https://ultrafemme.com/media/catalog/product/3/4/346758_8719134143317_01_3ba4.png,"Mascarilla para manos",,,349.000000,,,Rituals,"Glycerin, Aqua/Water, Cetearyl Alcohol, Myristyl Myristate, Undecane, Maclura Cochinchinensis Leaf Prenylflavonoids/Bioflavonoids, Santalum Album (Sandalwood) Wood Extract, Lavandula Angustifolia (Lavender) Flower Extract, Inulin, p-Anisic Acid, Tocopherol, Stearic Acid, Parfum/Fragrance, Levulinic Acid, Fructose, Tridecane, Sodium Levulinate, Palmitic Acid, Sodium Cetearyl Sulfate, Propanediol, Glyceryl Caprylate, Linalool, Limonene, Geraniol, Coumarin, Citric Acid, Sodium Hydroxide.",Mascarillas,"The Ritual Of Jing","<p>Convierta su rutina a la hora de acostarse en una rutina bien equilibrada para mejorar el sueño. Prepare su mente para dormir masajeando sus manos con la mascarilla para manos The Ritual of Jing y respire la fragancia relajante. </p><p>Enriquecida con sándalo y lavanda para ayudar a despejar la mente y promover la calidad del sueño, esta rica y lujosa mascarilla para manos fue desarrollada especialmente para calmar y suavizar las manos ásperas y secas. </p><p>Los ingredientes activos amigables con el microbioma ayudan a fortalecer la barrera cutánea y mantener la piel equilibrada y saludable.
Con un 98% de ingredientes de origen natural.</p>",,"The Ritual Of Jing",8719134143317,19.0000
000350924,"The Ritual Of Sakura Foaming Shower Gel 50 ml",rituals-the-ritual-of-sakura-foaming-shower-gel-50-ml-000350924,https://ultrafemme.com/media/catalog/product/3/5/350924_8719134133936_01_48b7.png,"Gel de ducha",,,119.000000,,,Rituals,"Aqua/Water, Sodium Laureth Sulfate, Cocamidopropyl Betaine, Isopentane, Sorbitol, PEG-120 Methyl Glucose Dioleate, Isopropyl Palmitate, Isobutane, Parfum/Fragrance, Oryza Sativa (Rice) Extract, Prunus Cerasus (Bitter Cherry) Extract, Sodium Benzoate, Citric Acid, PEG-40 Hydrogenated Castor Oil, Butylene Glycol, Glycerin, Guar Hydroxypropyltrimonium Chloride, Potassium Sorbate, Sorbic Acid, Hexyl Cinnamal, Benzyl Salicylate, Linalool, Coumarin, Citronellol, Geraniol, Alpha-Isomethyl Ionone, Cinnamyl Alcohol. ",Geles,"The Ritual Of Sakura","<p>Dale a tu piel el regalo de un nuevo comienzo con el gel de ducha espumoso de The Ritual of Sakura. Con el aroma renovador de la flor de cerezo y la leche de arroz, utiliza una tecnología única para transformar el gel en una espuma limpiadora suave y sedosa. </p><p> El formato más pequeño lo hace ideal para viajar, para que te sientas rejuvenecido mientras viajas.</p>",,"The Ritual Of Sakura",8719134161489,4.0000
000354494,"The Ritual Of Karma 48H Hydrating Body Cream 220 ml",rituals-the-ritual-of-karma-48h-hydrating-body-cream-220-ml-000354494,https://ultrafemme.com/media/catalog/product/3/5/354494_8719134152432_01_b089.png,"Crema hidratante",,,589.000000,,,Rituals,"Aqua/Water, Cetearyl Alcohol, Glycerin, Caprylic/Capric Triglyceride, Propylheptyl Caprylate, Undecane, Helianthus Annuus (Sunflower) Seed Oil, Parfum/Fragrance, Camellia Sinensis (White Tea) Leaf Extract, Nelumbo Nucifera (Lotus) Flower Extract, Aloe Barbadensis Leaf Juice, Macrocystis Pyrifera (Kelp) Extract, Betaine, Ubiquinone, Squalane, Sodium Hyaluronate, Tridecane, Glyceryl Stearate, Ceteareth-12, Cetyl Palmitate, Ceteareth-20, Isohexadecane, Propylene Glycol, Sodium Polyacrylate, Tocopherol, Allantoin, Caprylyl Glycol, Tocopheryl Acetate, Carbomer, Benzyl Salicylate, Citral, Citronellol, Hexyl Cinnamal, Linalool, Alpha-Isomethyl Ionone, Limonene, Phenoxyethanol, Sodium Benzoate, Potassium Sorbate, Sorbic Acid, Citric Acid, Sodium Hydroxide.",Cremas,"The Ritual Of Karma","<p>Una lujosa crema hidratante de 48 horas con flor de loto y té blanco para nutrir y calmar la piel. Con una textura enriquecida y suave, esta crema es fácil de aplicar y se absorbe rápidamente. </p><p>Cuando tu piel necesite un extra de cuidados, el nuevo complejo Hydra-Boost garantiza que quede suave y rejuvenecida de nuevo. </p><p>Este complejo hidratante único con aloe vera, escualano y algas ayuda a tratar la piel seca, reteniendo la humedad de la ducha y recuperando la elasticidad y la suavidad de la piel. </p><p>El 100&nbsp;% afirma que nota la piel hidratada. &nbsp;En un estudio de eficacia independiente, probado en 30 mujeres de 31 a 64 años, durante 14 días Test instrumental de hidratación 48&nbsp;horas. Probado bajo control dermatológico en 20 sujetos.</p>",,"The Ritual Of Karma",8719134152432,7.0000
000306552,"Aventus Gel de ducha 200 ml",creed-aventus-gel-de-ducha-200-ml-000306552,https://ultrafemme.com/media/catalog/product/3/0/306552_3508443107425_01_56d1.png,"Gel de ducha",,Hombre,3900.000000,,,Creed,"Aqua (Agua), Carboxilato de aceite de oliva PEG-7 de sodio, Oleato de glicerilo/cocoato de PEG-18, Decil glucósido, Cocoanfodiacetato disódico, Betaína de coco, Fragancia, Olivanfoacetato de sodio, Aceite de ricino hidrogenado PEG-40, Alcohol bencílico, Fenoxietanol, Cloruro de sodio, Limoneno, Ácido cítrico, Edta tetrasódico, Linalol.
",Geles,,"Perfumado a juego con Creed Aventus, este refrescante gel de baño dejará la piel limpia y ligeramente perfumada. Su resistente frasco con el escudo real su botella coronada con el escudo de tres plumas reales de Creed es ideal para la casa, el gimnasio o para viajar. 6.8oz, 200ml. Perfecto para las personas audaces, enérgicas y seguras, Aventus se abre con tentadoras notas de entrada de grosella negra y bergamota italiana, mezcladas con manzanas Calville Blanc y piña espumosa.",,,3508443107425,1.0000
000360247,"Génifique Ultimate Serum",lancome-genifique-ultimate-serum-115-ml-000360247,https://ultrafemme.com/media/catalog/product/3/6/360247_3614274142327_01_ed9b.png,"Suero reparador","Todo tipo de piel",Mujer,4950.000000,,"<ul><li>Mejora la calidad general de la piel.</li><li>Alivia e hidrata al instante.</li><li>Combate el enrojecimiento y la líneas finas.</li><li>Mejora la suavidad y la uniformidad.</li></ul>",Lancôme,,Sueros,"Génifique Ultimate Serum","<p>El nuevo sérum patentado está potenciado por la tecnología Beta Glucan-CM, inspirada en el activo médico conocido por acelerar la reparación de la piel. </p><p>
Combinado con ácido hialurónico, extracto de regaliz y nuestras icónicas fracciones de pre y probióticos, esta fórmula ofrece la solución definitiva de reparación, combatiendo el enrojecimiento, las líneas finas y promoviendo una piel más suave. En solo 1 semana, revierte los daños de la piel y mejora la calidad general de la piel.</p>","<p>1. Aplicar el sérum facial sobre la piel limpia y seca, por la mañana y por la noche.
</p><p>2. Extender el sérum con las manos por la frente, las mejillas, el mentón y el cuello con movimientos largos y deslizantes, trabajando desde el centro del rostro hacia el exterior.
</p><p>3. Terminar con un toque hacia abajo en la zona T y a través de los labios, y luego bajo la línea de la mandíbula. Continuar con tu crema hidratante favorita.</p>","Génifique Ultimate Serum",3614274142327,14.0000
000360250,"Génifique Ultimate Serum",lancome-genifique-ultimate-serum-30-ml-000360250,https://ultrafemme.com/media/catalog/product/3/6/360250_3614274142365_01_ed14.png,"Suero reparador","Todo tipo de piel",Mujer,1935.000000,,"<ul><li>Mejora la calidad general de la piel.</li><li>Alivia e hidrata al instante.</li><li>Combate el enrojecimiento y la líneas finas.</li><li>Mejora la suavidad y la uniformidad.</li></ul>",Lancôme,,Sueros,"Génifique Ultimate Serum","<p>El nuevo sérum patentado está potenciado por la tecnología Beta Glucan-CM, inspirada en el activo médico conocido por acelerar la reparación de la piel. </p><p>
Combinado con ácido hialurónico, extracto de regaliz y nuestras icónicas fracciones de pre y probióticos, esta fórmula ofrece la solución definitiva de reparación, combatiendo el enrojecimiento, las líneas finas y promoviendo una piel más suave. En solo 1 semana, revierte los daños de la piel y mejora la calidad general de la piel.</p>","<p>1. Aplicar el sérum facial sobre la piel limpia y seca, por la mañana y por la noche.
</p><p>2. Extender el sérum con las manos por la frente, las mejillas, el mentón y el cuello con movimientos largos y deslizantes, trabajando desde el centro del rostro hacia el exterior.
</p><p>3. Terminar con un toque hacia abajo en la zona T y a través de los labios, y luego bajo la línea de la mandíbula. Continuar con tu crema hidratante favorita.</p>","Génifique Ultimate Serum",3614274142365,13.0000
000360249,"Génifique Ultimate Serum",lancome-genifique-ultimate-serum-50-ml-000360249,https://ultrafemme.com/media/catalog/product/3/6/360249_3614274142358_01_da6e.png,"Suero reparador","Todo tipo de piel",Mujer,2600.000000,,"<ul><li>Mejora la calidad general de la piel.</li><li>Alivia e hidrata al instante.</li><li>Combate el enrojecimiento y la líneas finas.</li><li>Mejora la suavidad y la uniformidad.</li></ul>",Lancôme,,Sueros,"Génifique Ultimate Serum","<p>El nuevo sérum patentado está potenciado por la tecnología Beta Glucan-CM, inspirada en el activo médico conocido por acelerar la reparación de la piel. </p><p>
Combinado con ácido hialurónico, extracto de regaliz y nuestras icónicas fracciones de pre y probióticos, esta fórmula ofrece la solución definitiva de reparación, combatiendo el enrojecimiento, las líneas finas y promoviendo una piel más suave. En solo 1 semana, revierte los daños de la piel y mejora la calidad general de la piel.</p>","<p>1. Aplicar el sérum facial sobre la piel limpia y seca, por la mañana y por la noche.
</p><p>2. Extender el sérum con las manos por la frente, las mejillas, el mentón y el cuello con movimientos largos y deslizantes, trabajando desde el centro del rostro hacia el exterior.
</p><p>3. Terminar con un toque hacia abajo en la zona T y a través de los labios, y luego bajo la línea de la mandíbula. Continuar con tu crema hidratante favorita.</p>","Génifique Ultimate Serum",3614274142358,4.0000
000360251,"Génifique Ultimate Serum",lancome-genifique-ultimate-serum-20-ml-000360251,https://ultrafemme.com/media/catalog/product/3/6/360251_3614274296426_01_9e9f.png,"Suero reparador","Todo tipo de piel",Mujer,1845.000000,,"<ul><li>Mejora la calidad general de la piel.</li><li>Alivia e hidrata al instante.</li><li>Combate el enrojecimiento y la líneas finas.</li><li>Mejora la suavidad y la uniformidad.</li></ul>",Lancôme,,Sueros,"Génifique Ultimate Serum","<p>El nuevo sérum patentado está potenciado por la tecnología Beta Glucan-CM, inspirada en el activo médico conocido por acelerar la reparación de la piel. </p><p>
Combinado con ácido hialurónico, extracto de regaliz y nuestras icónicas fracciones de pre y probióticos, esta fórmula ofrece la solución definitiva de reparación, combatiendo el enrojecimiento, las líneas finas y promoviendo una piel más suave. En solo 1 semana, revierte los daños de la piel y mejora la calidad general de la piel.</p>","<p>1. Aplicar el sérum facial sobre la piel limpia y seca, por la mañana y por la noche.
</p><p>2. Extender el sérum con las manos por la frente, las mejillas, el mentón y el cuello con movimientos largos y deslizantes, trabajando desde el centro del rostro hacia el exterior.
</p><p>3. Terminar con un toque hacia abajo en la zona T y a través de los labios, y luego bajo la línea de la mandíbula. Continuar con tu crema hidratante favorita.</p>","Génifique Ultimate Serum",3614274296426,7.0000
000360247-000360247,"Génifique Ultimate Serum",lancome-genifique-ultimate-serum,https://ultrafemme.com/media/catalog/product/3/6/360247_3614274142327_01_ed9b.png,"Suero reparador","Todo tipo de piel",Mujer,,,"<ul><li>Mejora la calidad general de la piel.</li><li>Alivia e hidrata al instante.</li><li>Combate el enrojecimiento y la líneas finas.</li><li>Mejora la suavidad y la uniformidad.</li></ul>",Lancôme,,Sueros,"Génifique Ultimate Serum","<p>El nuevo sérum patentado está potenciado por la tecnología Beta Glucan-CM, inspirada en el activo médico conocido por acelerar la reparación de la piel. </p><p>
Combinado con ácido hialurónico, extracto de regaliz y nuestras icónicas fracciones de pre y probióticos, esta fórmula ofrece la solución definitiva de reparación, combatiendo el enrojecimiento, las líneas finas y promoviendo una piel más suave. En solo 1 semana, revierte los daños de la piel y mejora la calidad general de la piel.</p>","<p>1. Aplicar el sérum facial sobre la piel limpia y seca, por la mañana y por la noche.
</p><p>2. Extender el sérum con las manos por la frente, las mejillas, el mentón y el cuello con movimientos largos y deslizantes, trabajando desde el centro del rostro hacia el exterior.
</p><p>3. Terminar con un toque hacia abajo en la zona T y a través de los labios, y luego bajo la línea de la mandíbula. Continuar con tu crema hidratante favorita.</p>","Génifique Ultimate Serum",,38.0000
000349647,"UV Protective Compact Foundation (Refill) 12 gr",shiseido-uv-protective-compact-foundation-refill-medium-ivory-12-gr-000349647,https://ultrafemme.com/media/catalog/product/3/4/349647_730852213173_01_83e1.jpg,"Protector solar",,Unisex,629.000000,,,Shiseido,,"Protectores solares",,"<p>Recambio de maquillaje compacto con protección UV. SPF35, PA+++ y resistente al agua, con un acabado mate. Protege y nutre la verdadera belleza y vitalidad de la piel.</p>",,,730852213173,10.0000
000349645,"Ultimate Sun Protector Spray SPF40 Sunscreen 150 ml",shiseido-ultimate-sun-protector-spray-spf40-sunscreen-150-ml-000349645,https://ultrafemme.com/media/catalog/product/3/4/349645_730852212367_01_22d1.jpg,"Spray protector",,Unisex,789.000000,,,Shiseido,,"Protectores solares",Suncare,"Un conveniente filtro solar tipo spray que se puede aplicar rápida y fácilmente en grandes áreas de la piel, especialmente en aquellas difíciles de alcanzar, incluso cuando el spray está dado vuelta. Protege la piel contra los rayos UV, mientras que los ingredientes de tratamiento ayudan a mantener la belleza de la piel. Este filtro solar liviano y no pegajoso también se puede utilizar en el rostro, cuerpo y cabello.

<ul><li>Tiene una protección de amplio espectro contra los rayos UV, la cual evita el fotoenvejecimiento gracias a la exclusiva SuperVeil-UV 360™ Technology.</li>
<li>El xilitol ayuda a mantener la piel suave y saludable.</li>
<li>Resistente a la arena.</li>
<li>Resistente al agua (80 minutos).</li></ul>",,Suncare,730852212367,29.0000
000248482,"Deep Cleansing Foam 125 ml",shiseido-deep-cleansing-foam-125-ml-000248482,https://ultrafemme.com/media/catalog/product/2/4/248482_730852145283_01_b319.jpg,"Espuma limpiadora",,Mujer,739.000000,,,Shiseido,,Espumas,"Defend Prep","Un limpiador en espuma que absorbe el sebo y limpia los poros en profundidad para la piel grasa.",,"Defend Prep",730852145283,8.0000
000347268,"Uplifting and Firming Advanced Cream 50 ml",shiseido-uplifting-and-firming-advanced-cream-50-ml-000347268,https://ultrafemme.com/media/catalog/product/3/4/347268_768614209973_01_4fef.jpg,"Crema hidratante",,Mujer,2919.000000,,,Shiseido,,Cremas,"Vital Perfection","Esta crema hidratante facial rellenable, científicamente avanzada, proporciona amplios beneficios antienvejecimiento que ayudan a mejorar la firmeza, la flacidez, las manchas oscuras, el tono desigual de la piel y las arrugas profundas.",,"Vital Perfection",768614209973,39.0000
000264218,"Sports BB Cream SPF 50+ Sunscreen 30 ml",shiseido-sports-bb-cream-spf-50-sunscreen-dark-30-ml-000264218,https://ultrafemme.com/media/catalog/product/2/6/264218_730852146600_01_ad75.jpg,"Protector solar",,Unisex,789.000000,,,Shiseido,"<p>ACTIVOS: Finalidad OCTINOXATO 4.9% ･････ Filtro solar DIÓXIDO DE TITANIO 15.0% ･････ Filtro solar</p><p>INACTIVOS:DIMETICONA･SÍLICE･BIS-PEG-18 ÉTER METIL DIMETIL SILANO･ISODODECANO･TRIMETHYLSILOXYSILICATO･SD ALCOHOL 40-B･TRIMETILSILOXISILICATO/POLÍMERO CRUZADO DE DIMETICONOL･MIRISTATO DE ISOPROPILO･HIDRÓXIDO DE ALUMINIO･PEG-9 POLIDIMETIL SILOXIETIL DIMETICONA･ÁCIDO ESTEÁRICO･ÁCIDO ISOSTEÁRICO･PALMITATO DE DEXTRINA･DISTEARDIMONIUM HECTORITE･BIS-BUTYL DIMETICONA POLIGLICERIL-3･LISINA LAUROIL･PEG/PPG-14/7 ÉTER DIMETIL･PCA DIMETICONA･FITOSTEROL/GLUTAMATO OCTILDODECIL LAURIL･FITOSTEROL MACADAMIA･LECITINA･EXTRACTO DE RAÍZ DE GLYCYRRHIZA GLABRA (REGALIZ)･SUCROSA TETRAESTEARATO TRIACETATO･POLIMETILSILSESQUIOXANO･TALCO･POLÍMERO CRUZADO DE METACRILATO DE METILO･ALÚMINA･POLISILICONA-2･TRIETOXICAPRILILSILANO･DIMETICONA DE HIDRÓGENO･TOCOFEROL･BHT･ETILPARABENO･FRAGANCIA･DIÓXIDO DE TITANIO･ÓXIDOS DE HIERRO･MICA･</p>","Protectores solares",Suncare,"<p>Un protector BB de secado rápido para una belleza duradera que no es pegajosa. Seca rápidamente la transpiracion para evitar que se corra el maquillaje, al tiempo que reacciona con el agua para mejorar la protección UV. Ayuda a darle a la piel un look natural, saludable y contorneado, para lograr un hermoso acabado que dura todo el día en el sol.</p><br><ul><li>Seca rápidamente la transpiración y el agua para prolongar el uso del maquillaje durante todo el día.</li><li>La tecnología WetForce protege de los rayos UVA y UBA incluso cuando está mojado.</li><li>Refrescante y fácil de usar.</li><li>Para todo tipo de piel. Sometido a pruebas dermatológicas. Sometido a pruebas oftalmológicas. No comedogénico.</li></ul>","<p>Agita bien antes de usar. Úsalo como último paso en tu rutina de tratamiento de la mañana. Coloca en la palma de tu mano una cantidad adecuada y pasa sobre el rostro uniformemente.</p>",Suncare,730852146600,3.0000
000248485,"Treatment Softener 150 ml",shiseido-treatment-softener-150-ml-000248485,https://ultrafemme.com/media/catalog/product/2/4/248485_730852145313_01_19bf.jpg,"Loción limpiadora",,Mujer,1039.000000,,,Shiseido,,Lociones,"Defend Prep","Una loción equilibrante ligera y fluida enriquecida con ingredientes efectivos para eliminar el sebo y refinar la piel. La piel queda fresca, uniforme y radiante, haciéndola más receptiva a otros tratamientos.

Exclusiva tecnología InternalPowerResist que fortalece y defiende la piel con ingredientes japoneses exclusivos que ofrecen beneficios para eliminar la grasa. Esta loción equilibrante es ideal para tipos de piel grasa/normal/normal seca. Elimina la grasa para dejar la piel tersa y refinada.",,"Defend Prep",730852145313,1.0000
000105261,"Advanced Super Revitalizing Cream",shiseido-advanced-super-revitalizing-cream-75-ml-000105261,https://ultrafemme.com/media/catalog/product/1/0/105261_730852103214_01_e0f2.jpg,"Crema antiedad",,Mujer,2459.000000,,,Shiseido,,Cremas,"Future Solution LX","Toma medidas preventivas contra los signos del envejecimiento con este hidratante multiacción​​​​​​​. Impregnada Super Bio-Hyaluronic Acid de alto rendimiento, esta crema con textura suntuosa penetra rápidamente en la piel y minimiza la apariencia de las líneas finas. Aporta humedad duradera para lograr una piel delicadamente elástica, suave y humectada",,"Future Solution LX",730852103214,3.0000
000339530,"Skin Filler Serums 30 ml",shiseido-skin-filler-serums-30-ml-000339530,https://ultrafemme.com/media/catalog/product/3/3/339530_729238189911_01_b9d6.jpg,"Suero antiedad",,Mujer,6169.000000,,,Shiseido,,Sueros,"Bio Performance","Reduce rápidamente los signos del paso del tiempo con nuestra innovadora tecnología MolecuShift, que primero encoge y luego agranda las moléculas de ácido hialurónico para dar volumen a la piel desde adentro.

Piel visiblemente tersa y firme en dos pasos:
<ul><li>Paso 1: por la noche: Infill Serum proporciona moléculas de ácido hialurónico encogidas para que la piel las absorba con mayor eficacia.</li>
<li>Paso 2: por la mañana: Full Expansion Serum expande las moléculas de ácido hialurónico a su tamaño original, dejando la piel aún más hidratada, tersa y firme.</li></ul>",,"Bio Performance",729238189911,7.0000
000264203,"Wrinkle Smoothing Cream Enriched 50 ml",shiseido-wrinkle-smoothing-cream-enriched-50-ml-000264203,https://ultrafemme.com/media/catalog/product/2/6/264203_730852149540_01_1d6d.jpg,"Crema antiedad",,Mujer,1599.000000,,,Shiseido,,Cremas,Benefiance,"Nuestra crema antienvejecimiento diaria más vendida para piel seca ofrece hidratación intensa y corrección de las arrugas visibles.",,Benefiance,730852149540,8.0000
000295684,"Face Cleanser 125 ml",shiseido-face-cleanser-125-ml-000295684,https://ultrafemme.com/media/catalog/product/2/9/295684_768614171522_01_55a5.jpg,"Espuma limpiadora",,Hombre,629.000000,,,Shiseido,,Espumas,"Shiseido Men","Empieza bien el día con los refrescantes beneficios de este gel en espuma 2 en 1 para el rostro de uso diario. Eficiente y energizante, elimina eficazmente la suciedad, el aceite y los desechos, y también cumple una doble función como crema de afeitar",,"Shiseido Men",768614171522,17.0000
000349643,"Ultimate Sun Protector Lotion SPF 60+",shiseido-ultimate-sun-protector-lotion-spf-60-150-ml-000349643,https://ultrafemme.com/media/catalog/product/3/4/349643_730852212312_01_5a9e.jpg,"Protector solar",,Hombre,1039.000000,,,Shiseido,,"Protectores solares","Shiseido Men","Experimente la innovación de mayor nivel en protección solar. Ahora con una fórmula con un FPS superior a 60, Ultimate Sun Protector es una loción invisible, transpirable y ligera para la cara y el cuerpo. Incorpora la NUEVA tecnología SynchroShieldRepair™, un velo protector que se refuerza con el calor, el agua y el sudor, y que ahora se autorrepara cuando se diluye con el movimiento o el roce para ofrecer una capa de cobertura uniforme y duradera. Este lujoso protector solar con ingredientes para el cuidado de la piel incluye cinco tipos de algas que ofrecen una hidratación duradera y extracto de raíz de regaliz que ayuda a calmar la piel propensa a las erupciones. Un protector solar para todo tipo de pieles, que sigue el ritmo de los estilos de vida activos y al aire libre.",,"Shiseido Men",730852212312,18.0000
000259108,"Instant Eye and Lip Makeup Remover 125 ml",shiseido-instant-eye-and-lip-makeup-remover-125-ml-000259108,https://ultrafemme.com/media/catalog/product/2/5/259108_730852143449_01_e3f3.jpg,Desmaquillante,,Mujer,669.000000,,,Shiseido,,Desmaquillantes,"Global Skincare","Este es un delicado desmaquillante de doble acción, que elimina al instante el maquillaje de ojos y el labial a prueba de agua y de larga duración. Deja la piel fresca y suave, sin sensación de grasitud. Elimina todo el maquillaje con facilidad, incluso la máscara resistente al agua.",,"Global Skincare",730852143449,2.0000
000316526,"Urban Environment Fresh-Moisture Sunscreen SPF42 50 ml",shiseido-urban-environment-fresh-moisture-sunscreen-spf42-50-ml-000316526,https://ultrafemme.com/media/catalog/product/3/1/316526_730852182103_01_3440.jpg,"Protector solar",,Unisex,789.000000,,,Shiseido,,"Protectores solares",Suncare,"Más que un filtro solar, el nuevo Urban Environment Fresh-Moisture Sunscreen SPF 42 protege la piel de los dañinos rayos UV y la contaminación y mantiene la humedad de la piel durante 12 horas. Ahora con ácido hialurónico, para una piel húmeda e hidratada los 365 días del año.",,Suncare,730852182103,33.0000
000264213,"Sports BB Cream SPF 50+ Sunscreen 30 ml",shiseido-sports-bb-cream-spf-50-sunscreen-light-30-ml-000264213,https://ultrafemme.com/media/catalog/product/2/6/264213_730852146570_01_5182.jpg,"Protector solar",,Unisex,789.000000,,,Shiseido,"<p>ACTIVOS: Finalidad OCTINOXATO 4.9% ･････ Filtro solar DIÓXIDO DE TITANIO 15.0% ･････ Filtro solar</p><p>INACTIVOS:DIMETICONA･SÍLICE･BIS-PEG-18 ÉTER METIL DIMETIL SILANO･ISODODECANO･TRIMETHYLSILOXYSILICATO･SD ALCOHOL 40-B･TRIMETILSILOXISILICATO/POLÍMERO CRUZADO DE DIMETICONOL･MIRISTATO DE ISOPROPILO･HIDRÓXIDO DE ALUMINIO･PEG-9 POLIDIMETIL SILOXIETIL DIMETICONA･ÁCIDO ESTEÁRICO･ÁCIDO ISOSTEÁRICO･PALMITATO DE DEXTRINA･DISTEARDIMONIUM HECTORITE･BIS-BUTYL DIMETICONA POLIGLICERIL-3･LISINA LAUROIL･PEG/PPG-14/7 ÉTER DIMETIL･PCA DIMETICONA･FITOSTEROL/GLUTAMATO OCTILDODECIL LAURIL･FITOSTEROL MACADAMIA･LECITINA･EXTRACTO DE RAÍZ DE GLYCYRRHIZA GLABRA (REGALIZ)･SUCROSA TETRAESTEARATO TRIACETATO･POLIMETILSILSESQUIOXANO･TALCO･POLÍMERO CRUZADO DE METACRILATO DE METILO･ALÚMINA･POLISILICONA-2･TRIETOXICAPRILILSILANO･DIMETICONA DE HIDRÓGENO･TOCOFEROL･BHT･ETILPARABENO･FRAGANCIA･DIÓXIDO DE TITANIO･ÓXIDOS DE HIERRO･MICA･</p>","Protectores solares",Suncare,"<p>Un protector BB de secado rápido para una belleza duradera que no es pegajosa. Seca rápidamente la transpiracion para evitar que se corra el maquillaje, al tiempo que reacciona con el agua para mejorar la protección UV. Ayuda a darle a la piel un look natural, saludable y contorneado, para lograr un hermoso acabado que dura todo el día en el sol.</p><br><ul><li>Seca rápidamente la transpiración y el agua para prolongar el uso del maquillaje durante todo el día.</li><li>La tecnología WetForce protege de los rayos UVA y UBA incluso cuando está mojado.</li><li>Refrescante y fácil de usar.</li><li>Para todo tipo de piel. Sometido a pruebas dermatológicas. Sometido a pruebas oftalmológicas. No comedogénico.</li></ul>","<p>Agita bien antes de usar. Úsalo como último paso en tu rutina de tratamiento de la mañana. Coloca en la palma de tu mano una cantidad adecuada y pasa sobre el rostro uniformemente.</p>",Suncare,730852146570,2.0000
000349644,"Ultimate Sun Protector Lotion SPF 60+",shiseido-ultimate-sun-protector-lotion-spf-60-50-ml-000349644,https://ultrafemme.com/media/catalog/product/3/4/349644_730852212299_01_b776.jpg,"Protector solar",,Hombre,529.000000,,,Shiseido,,"Protectores solares","Shiseido Men","Experimente la innovación de mayor nivel en protección solar. Ahora con una fórmula con un FPS superior a 60, Ultimate Sun Protector es una loción invisible, transpirable y ligera para la cara y el cuerpo. Incorpora la NUEVA tecnología SynchroShieldRepair™, un velo protector que se refuerza con el calor, el agua y el sudor, y que ahora se autorrepara cuando se diluye con el movimiento o el roce para ofrecer una capa de cobertura uniforme y duradera. Este lujoso protector solar con ingredientes para el cuidado de la piel incluye cinco tipos de algas que ofrecen una hidratación duradera y extracto de raíz de regaliz que ayuda a calmar la piel propensa a las erupciones. Un protector solar para todo tipo de pieles, que sigue el ritmo de los estilos de vida activos y al aire libre.",,"Shiseido Men",730852212299,83.0000
000349648,"UV Protective Compact Foundation (Refill) 12 gr",shiseido-uv-protective-compact-foundation-refill-medium-ochre-12-gr-000349648,https://ultrafemme.com/media/catalog/product/3/4/349648_730852213197_01_af1f.jpg,"Protector solar",,Unisex,629.000000,,,Shiseido,,"Protectores solares",,"<p>Recambio de maquillaje compacto con protección UV. SPF35, PA+++ y resistente al agua, con un acabado mate. Protege y nutre la verdadera belleza y vitalidad de la piel.</p>",,,730852213197,1.0000
000228289,"Intensive Firming Contour Serum 50 ml",shiseido-intensive-firming-contour-serum-50-ml-000228289,https://ultrafemme.com/media/catalog/product/2/2/228289_729238139237_01_2918.jpg,"Suero antiedad",,Mujer,6799.000000,,,Shiseido,,Sueros,"Future Solution LX","Un lujoso suero antienvejecimiento con beneficios reafirmantes instantáneos para el rostro y el cuello. Contiene extracto de la planta de Enmei, nuestro exclusivo ingrediente que prolonga la juventud.",,"Future Solution LX",729238212626,5.0000
000339540,"Wrinkle Smoothing Eye Cream 15 ml",shiseido-wrinkle-smoothing-eye-cream-15-ml-000339540,https://ultrafemme.com/media/catalog/product/3/3/339540_768614208570_01_e89a.jpg,"Crema para contorno de ojos",,Mujer,1369.000000,,,Shiseido,,Cremas,Benefiance,"Suavice e ilumine los ojos con esta crema antiedad para el contorno de los ojos. Este tratamiento antiarrugas actúa sobre 5 tipos de arrugas del contorno de los ojos: comisura interna, ojera, patas de gallo, contorno de ojos, entrecejo, además de las preocupaciones prioritarias, las ojeras y la hinchazón de las bolsas de los ojos.",,Benefiance,768614208570,6.0000
000293564,"Overnight Wrinkle Resisting Cream 50 ml",shiseido-overnight-wrinkle-resisting-cream-50-ml-000293564,https://ultrafemme.com/media/catalog/product/2/9/293564_768614166597_01_de4a.jpg,"Crema antiedad",,Mujer,2019.000000,,,Shiseido,,Cremas,Benefiance,"Crema intensa y restauradora para usar de noche que mejora visiblemente las arrugas mientras duermes*. Hidrata profundamente con ácido hialurónico y alisa y restaura la piel mientras duermes.

Formulada específicamente para la noche, esta crema hidratante ayuda a corregir la aparición de arrugas y a prevenirlas. TENCHA R.E.M. actúa para mejorar visiblemente la apariencia de las arrugas causadas por la falta de sueño. ReNeura Technology+ y KOMBU-Bounce Complex fortalecen la capacidad de la piel para corregir y combatir la aparición de arrugas. Despiértate con una piel suave, radiante y descansada.",,Benefiance,768614166597,9.0000
000264202,"Wrinkle Smoothing Cream 50 ml",shiseido-wrinkle-smoothing-cream-50-ml-000264202,https://ultrafemme.com/media/catalog/product/2/6/264202_730852149533_01_9377.jpg,"Crema antiedad",,Mujer,1599.000000,,,Shiseido,,Cremas,Benefiance,"Nuestra crema antienvejecimiento diaria más vendida hidrata profundamente y corrige visiblemente las arrugas en solo 2 semanas*.",,Benefiance,730852149533,2.0000
000061130,"Total Regenerating Cream 50 ml",shiseido-total-regenerating-cream-50-ml-000061130,https://ultrafemme.com/media/catalog/product/6/1/61130_729238139213_01_07f7.jpg,"Crema antiedad",,Mujer,5999.000000,,,Shiseido,,Cremas,"Future Solution LX","Despiértate con una piel más elástica y firme con esta lujosa crema facial antienvejecimiento de noche. Contiene extracto de la planta de Enmei, nuestro exclusivo ingrediente que prolonga la juventud.",,"Future Solution LX",729238139213,1.0000
000339539,"Legendary Enmei Ultimate Brilliance Eye Cream 15 ml",shiseido-legendary-enmei-ultimate-brilliance-eye-cream-15-ml-000339539,https://ultrafemme.com/media/catalog/product/3/3/339539_729238208490_01_d122.jpg,"Crema para contorno de ojos",,Mujer,6889.000000,,,Shiseido,,Cremas,"Future Solution LX","Esta lujosa crema para el contorno de ojos combate los cinco problemas del contorno de ojos (sequedad, opacidad, ojeras, arrugas y flacidez) para rejuvenecer e iluminar la mirada. Formulada con Legendary Enmei Complex TX, favorece la capacidad innata de regeneración de la piel y ayuda a aportar luminosidad, suavidad, flexibilidad y firmeza mientras mejora la hidratación. Incluye una exclusiva herramienta de masaje de porcelana japonesa",,"Future Solution LX",729238208490,4.0000
000228287,"Future Solution LX Extra Rich Cleansing Foam 125 ml",shiseido-future-solution-lx-extra-rich-cleansing-foam-125-ml-000228287,https://ultrafemme.com/media/catalog/product/2/2/228287_730852139183_01_4356.jpg,"Espuma limpiadora",,Mujer,1459.000000,,,Shiseido,,Espumas,"Future Solution LX","Nuestro limpiador más lujoso prepara y envuelve la piel en una rica espuma purificante. Este suave limpiador en espuma contiene NMT que atrae la humedad y deja la piel con una sensación fresca, suave y completamente rejuvenecida. Ayuda a la piel a absorber mejor los productos de tratamiento que siguen.",,"Future Solution LX",768614212553,6.0000
000272485,"Complete Cleansing Microfoam 180 ml",shiseido-complete-cleansing-microfoam-180-ml-000272485,https://ultrafemme.com/media/catalog/product/2/7/272485_768614155942_01_1e0c.jpg,"Espuma limpiadora",,Mujer,739.000000,,,Shiseido,,Espumas,"Defend Prep","Un limpiador en espuma instantánea ligero y sin aceites que suaviza la piel.",,"Defend Prep",768614155942,2.0000
000264201,"Wrinkle Smoothing Day Cream SPF23 50 ml",shiseido-wrinkle-smoothing-day-cream-spf23-50-ml-000264201,https://ultrafemme.com/media/catalog/product/2/6/264201_730852149519_01_c9a2.jpg,"Crema antiedad",,Mujer,1599.000000,,,Shiseido,,Cremas,Benefiance,"Nuestro hidratante diario antienvejecimiento más vendido ofrece protección solar SPF 23 de amplio espectro, hidratación duradera y corrección visible de arrugas.",,Benefiance,730852149519,5.0000
000339541,"Hydrating Lotion 150 ml",shiseido-hydrating-lotion-150-ml-000339541,https://ultrafemme.com/media/catalog/product/3/3/339541_729238208506_01_2519.jpg,"Loción hidratante",,Hombre,739.000000,,,Shiseido,,Lociones,"Shiseido Men","Esta loción liviana y refrescante protege de las rojeces, la sequedad y los factores ambientales a la vez que ayuda a conservar los niveles óptimos de hidratación. La piel queda con una sensación de comodidad y protegida de la aspereza y la irritación.

 Para pieles grasas y propensas a las imperfecciones. No comedogénico. Sometido a pruebas oftalmológicas.",,"Shiseido Men",729238208506,4.0000
000272487,"Wrinkle Smoothing Contour Serum 30 ml",shiseido-wrinkle-smoothing-contour-serum-30-ml-000272487,https://ultrafemme.com/media/catalog/product/2/7/272487_730852155800_01_21a6.jpg,"Suero antiedad",,Mujer,1619.000000,,,Shiseido,,Sueros,Benefiance,"Con la energía de ReNeura Technology＋ y las cápsulas blandas de retinol, este suero de retinol mejora el poder de autorregeneración de la piel para mejorar la apariencia de las arrugas y la elasticidad de la piel en tan solo 1 semana*. Las cápsulas únicas de retinol liberan y aportan ingredientes frescos en el momento de aplicación, ayudando a mejorar visiblemente las arrugas profundas y la flacidez de la piel desde adentro.",,Benefiance,730852155800,5.0000
000248483,"Clarifying Cleansing Foam 125 ml",shiseido-clarifying-cleansing-foam-125-ml-000248483,https://ultrafemme.com/media/catalog/product/2/4/248483_730852145290_01_678f.jpg,"Espuma limpiadora",,Mujer,739.000000,,,Shiseido,,Espumas,"Defend Prep","Limpiador que se convierte en espuma de textura rica y cremosa. Elimina las impurezas.",,"Defend Prep",730852145290,12.0000
000329286,"Eudermine Activating Essence 145 ml",shiseido-eudermine-activating-essence-145-ml-000329286,https://ultrafemme.com/media/catalog/product/3/2/329286_729238196476_01_ced0.jpg,"Crema revitalizante",,Mujer,1879.000000,,,Shiseido,,Cremas,Eudermine,"Creada en 1897 y arraigada en los rituales de belleza japoneses, Eudermine era la favorito de las geishas que la usaban para proteger la piel debajo del maquillaje pesado. Con una dosis doble de ácido hialurónico, la fórmula ultrahidratante humedece la piel y la vitamina C ilumina y unifica el cutis. La textura liviana revitaliza, nutre y suaviza la piel, un paso esencial en cualquier rutina de tratamiento de belleza japonesa.",,Eudermine,729238196476,17.0000
000248484,"Extra Rich Cleansing Milk 125 ml",shiseido-extra-rich-cleansing-milk-125-ml-000248484,https://ultrafemme.com/media/catalog/product/2/4/248484_730852145306_01_b37d.png,"Leche limpiadora",,Mujer,739.000000,,,Shiseido,,Leches,"Defend Prep","Un limpiador suave en espuma que hidrata para tener una piel profundamente hidratada.",,"Defend Prep",730852145306,3.0000
000045612,"NutriPerfect Day Cream 50 ml",shiseido-nutriperfect-day-cream-50-ml-000045612,https://ultrafemme.com/media/catalog/product/4/5/45612_730852191105_01_2811.jpg,"Crema antiedad",,Mujer,1949.000000,,,Shiseido,,Cremas,"Benefiance NP","Esta efectiva crema diurna está formulada para proteger pieles maduras en las que se aprecian signos visibles de envejecimiento, tales como la decoloración y la pérdida de elasticidad. Ayuda a la piel a recuperar su firmeza, reduce la aparición de arrugas y le devuelve la vitalidad que la rejuvenece. Es de rápida absorción y sus propiedades hidratantes tienen un efecto de larga duración.

<ul><li>Su Light-diffusing Technology ayuda a suavizar las imperfecciones producto del envejecimiento y el tono desigual de la piel.</li>
<li>Fragancia fresca a base de rosas de té.</li></ul>",,"Benefiance NP",730852191105,2.0000
000105259,"Advanced Super Revitalizing Cream",shiseido-advanced-super-revitalizing-cream-50-ml-000105259,https://ultrafemme.com/media/catalog/product/1/0/105259_730852103207_01_cc69.jpg,"Crema antiedad",,Mujer,1879.000000,,,Shiseido,,Cremas,"Future Solution LX","Toma medidas preventivas contra los signos del envejecimiento con este hidratante multiacción​​​​​​​. Impregnada Super Bio-Hyaluronic Acid de alto rendimiento, esta crema con textura suntuosa penetra rápidamente en la piel y minimiza la apariencia de las líneas finas. Aporta humedad duradera para lograr una piel delicadamente elástica, suave y humectada",,"Future Solution LX",730852103207,5.0000
000295686,"Energizing Moisturizer Extra Light Fluid 100 ml",shiseido-energizing-moisturizer-extra-light-fluid-100-ml-000295686,https://ultrafemme.com/media/catalog/product/2/9/295686_729238171541_01_b31b.jpg,"Crema hidratante",,Hombre,949.000000,,,Shiseido,,Cremas,"Shiseido Men","Hidratante liviano.

Formulado para las necesidades únicas de los hombres, este hidratante extraligero y no graso se absorbe inmediatamente para hidratar la piel durante 32 horas de humectación continua*.

Combate el aspecto de las líneas de expresión, la falta de brillo y la deshidratación para una apariencia joven y vigorizada, y realiza múltiples tareas como crema para el contorno de los ojos.",,"Shiseido Men",729238171541,11.0000
000349649,"UV Protective Compact Foundation (Refill) 12 gr",shiseido-uv-protective-compact-foundation-refill-dark-ivory-12-gr-000349649,https://ultrafemme.com/media/catalog/product/3/4/349649_730852213265_01_b55b.jpg,"Protector solar",,Unisex,629.000000,,,Shiseido,,"Protectores solares",,"<p>Recambio de maquillaje compacto con protección UV. SPF35, PA+++ y resistente al agua, con un acabado mate. Protege y nutre la verdadera belleza y vitalidad de la piel.</p>",,,730852213265,2.0000
000312937,"Hydrating Day Cream Broad Spectrum SPF20 50 ml",shiseido-hydrating-day-cream-broad-spectrum-spf20-50-ml-000312937,https://ultrafemme.com/media/catalog/product/3/1/312937_730852182875_01_10dd.jpg,"Crema hidratante",,Mujer,1089.000000,,,Shiseido,,Cremas,"White Lucent","Siente una piel más suave y tersa con esta crema en gel con SPF que tiene extracto de raíz de ginseng y nuestro ácido hialurónico patentado que hidrata intensa y profundamente para proteger la piel y dejarla lista para el maquillaje. Apta para piel sensible, también minimiza la apariencia de los poros y las líneas de expresión.",,"White Lucent",730852182875,7.0000
000312936,"Hydrating Cream 50 ml",shiseido-hydrating-cream-50-ml-000312936,https://ultrafemme.com/media/catalog/product/3/1/312936_729238182851_01_8f8c.png,"Crema humectante",,Mujer,1089.000000,,,Shiseido,,Cremas,"White Lucent","Disfruta de una piel suave y flexible con esta crema humectante que contiene extracto de raíz de ginseng y nuestro ácido hialurónico patentado que fortalece la barrera de la piel. Apta para la piel sensible, reduce visiblemente la apariencia de los poros y las líneas finas después de 4 semanas.",,"White Lucent",729238182851,23.0000
000105259-000105259,"Advanced Super Revitalizing Cream",shiseido-advanced-super-revitalizing-cream,https://ultrafemme.com/media/catalog/product/1/0/105259_730852103207_01_cc69.jpg,"Crema antiedad",,Mujer,,,,Shiseido,,Cremas,"Future Solution LX","Toma medidas preventivas contra los signos del envejecimiento con este hidratante multiacción​​​​​​​. Impregnada Super Bio-Hyaluronic Acid de alto rendimiento, esta crema con textura suntuosa penetra rápidamente en la piel y minimiza la apariencia de las líneas finas. Aporta humedad duradera para lograr una piel delicadamente elástica, suave y humectada",,"Future Solution LX",,8.0000
000349643-000349643,"Ultimate Sun Protector Lotion SPF 60+",shiseido-ultimate-sun-protector-lotion-spf-60,https://ultrafemme.com/media/catalog/product/3/4/349643_730852212312_01_5a9e.jpg,"Protector solar",,Hombre,,,,Shiseido,,"Protectores solares","Shiseido Men","Experimente la innovación de mayor nivel en protección solar. Ahora con una fórmula con un FPS superior a 60, Ultimate Sun Protector es una loción invisible, transpirable y ligera para la cara y el cuerpo. Incorpora la NUEVA tecnología SynchroShieldRepair™, un velo protector que se refuerza con el calor, el agua y el sudor, y que ahora se autorrepara cuando se diluye con el movimiento o el roce para ofrecer una capa de cobertura uniforme y duradera. Este lujoso protector solar con ingredientes para el cuidado de la piel incluye cinco tipos de algas que ofrecen una hidratación duradera y extracto de raíz de regaliz que ayuda a calmar la piel propensa a las erupciones. Un protector solar para todo tipo de pieles, que sigue el ritmo de los estilos de vida activos y al aire libre.",,"Shiseido Men",,101.0000
000360256,"Tonique Confort 200 ml",lancome-tonique-confort-200-ml-000360256,https://ultrafemme.com/media/catalog/product/3/6/360256_3614274145267_01_e1c7.png,"Loción hidratante","Todo tipo de piel",Mujer,890.000000,,"<ul><li>1 segundo para calmar la piel.</li>
<li>barrera cutánea reparada en un 92% en 1 hora.</li>
<li>-41% sensibilidad de la piel.</li>
 <li>El 94% de las mujeres sienten su piel más cómoda y el 88% menos irritada.</li></ul>",Lancôme,"762508 133 AQUA / WATER / EAU ● GLYCERIN ● MALVA SYLVESTRIS FLOWER/LEAF/STEM WATER - MALLOW FLOWER/LEAF/STEM WATER ● ROSA CENTIFOLIA FLOWER WATER ● SQUALANE ●
SODIUM HYALURONATE ● SODIUM HYDROXIDE ● HYDROXYACETOPHENONE ● CAPRYLYL GLYCOL ● CITRIC ACID ● ACRYLATES/C10-30 ALKYL ACRYLATE CROSSPOLYMER ● POTASSIUM SORBATE ● SODIUM BENZOATE ● CHLORPHENESIN ● PARFUM / FRAGRANCE ● (F.I.L. N70040628/1)",Lociones,"Tonique Confort","Con una trayectoria de 30 años de investigación en neurociencia, Lancôme destaca que el estrés afecta directamente a la piel: debilita la barrera cutánea, lo que provoca sensibilidad y deshidratación.

El nuevo Tonique Confort, la loción más icónica de Lancôme, ahora está infundido con agua de rosa Centifolia pura e impulsado por hidroactivos biotecnológicos [Ácido Hialurónico y Escualano]. Para proporcionar una eficacia de hidratación duplicada* y una eficacia percibida en la reducción del enrojecimiento después de 1 frasco**.

*en comparación con la fórmula anterior, puntuación clínica, 24 mujeres, después de 4 horas **autoevaluación, 79 mujeres, 4 semanas",,"Tonique Confort",3614274145267,14.0000
000339229,"Gingko Gua Sha",sisley-paris-gingko-gua-sha-000339229,https://ultrafemme.com/media/catalog/product/3/3/339229_3473311522054_01_7d3a.png,"Masajeador facial",,Unisex,2950.000000,,<ul><li>Alisante.</li><li>Reafirmante.</li><li>Escultor.</li><li>Suavizador.</li><li>Estimulante.</li></ul>,"Sisley Paris",,Accesorios,,"La herramienta de masaje con un diseño precioso y técnico que acompaña la eficacia de los tratamientos antiedad de Sisley para actuar sobre los distintos signos de la edad.",,,3473311522054,11.0000
000349169,"Hydra-Global Discovery Program Set 60 ml",sisley-paris-hydra-global-discovery-program-set-60-ml-000349169,https://ultrafemme.com/media/catalog/product/3/4/349169_3473311266262_01_eda1.png,Varios,,Unisex,6550.000000,,,"Sisley Paris",,Sets,,"El set contiene:
<ul><li>Hydra-Global de 40ml.</li><li>Eau Efficace de 30ml</li><li>The Express Flower Gel de 60ml</li><li>The Hydra-Global Serum de 5ml</li></ul>

Sisley’s Hydra-Global Discovery Program está diseñado para hidratar y revitalizar la piel.",,,3473311266262,4.0000
000345481,"Phyto-Blanc La Nuit de 50 ml",sisley-paris-phyto-blanc-la-nuit-de-50-ml-000345481,https://ultrafemme.com/media/catalog/product/3/4/345481_3473311593504_01_7c6b.png,"Crema antiedad",,Unisex,6100.000000,,"<ul><li>Iluminador.</li><li>Anti manchas oscuras.</li><li>Hidratante.</li></ul>","Sisley Paris",,Cremas,,"Una crema iluminadora y antimanchas de noche para revelar toda la uniformidad, la uniformidad y la luminosidad al despertar.",,,3473311593504,3.0000
000347246,"Sisleÿa L'Intégral Anti-Age Fresh Gel Cream 50 ml",sisley-paris-sisleya-l-integral-anti-age-fresh-gel-cream-50-ml-000347246,https://ultrafemme.com/media/catalog/product/3/4/347246_3473311501004_01_a021.png,"Crema antiedad",,Unisex,13500.000000,,<ul><li>Anti-arrugas.</li><li>Reafirmante.<li>Suavizante.</li><li>Anti-edad.</li><li>Radianza.</li></ul>,"Sisley Paris",,Cremas,,"La crema antiedad completa que actúa sobre los signos visibles relacionados con las tres dimensiones del envejecimiento cutáneo. Resultados clínicamente probados sobre firmeza, arrugas y luminosidad para una piel visiblemente más joven y duradera.",,,3473311501004,5.0000
000294279,"Sisleÿa L'Intégral Firming Discovery Set 15 ml",sisley-paris-sisleya-l-integral-firming-discovery-set-15-ml-000294279,https://ultrafemme.com/media/catalog/product/2/9/294279_3473311500663_01_f073.png,Varios,,Mujer,13500.000000,,,"Sisley Paris",,Sets,,"El set contiene:<ul><li>Sisleÿa Essential Skin Care Lotion de 15 ml.</li><li>Sisleÿa L’Integral Anti-Age Firming Concentrated Serum de 5 ml.</li><li>Sisleÿa L'Integral Anti-Age Eye and Lip Contour Cream de 15 ml.</li></ul>",,,3473311500663,6.0000
000339234,"Black Rose Skin Infusion Cream Discovery Program Set 50 ml",sisley-paris-black-rose-skin-infusion-cream-discovery-program-set-50-ml-000339234,https://ultrafemme.com/media/catalog/product/3/3/339234_3473311320230_01_15aa.png,Varios,,Mujer,5100.000000,,"<ul><li>Black Rose Skin Infusion Cream: ayuda a restaurar la elasticidad de una piel más joven. Refuerza su luminosidad. Hidrata intensamente. No comedogénico.</li><li>Black Rose Cream Mask 10: los rasgos faciales se suavizan instantáneamente y los signos de fatiga y edad se reducen. La piel está radiante, luciendo más revitalizada y tersa.</li><li>Black Rose Beautifying Emulsion: una emulsión ultrahidratante y embellecedora que realza el brillo y la flexibilidad naturales de la piel para evocar el aspecto de juventud.</li></ul>","Sisley Paris",,Sets,,"El set contiene:<ul><li>Black Rose Skin Infusion Cream de 50 ml</li><li>Black Rose Cream Mask</li><li>Black Rose Beautifying Emulsion de 15 ml</li></ul><p>Hidratación exquisitamente adictiva para una piel tersa y de aspecto radiante.</p>",,,3473311320230,6.0000
000337508,"Phyto-Blanc Targeted Dark Spot Corrector 7 ml",sisley-paris-phyto-blanc-targeted-dark-spot-corrector-7-ml-000337508,https://ultrafemme.com/media/catalog/product/3/3/337508_3473311592309_01_46f3.png,"Crema antiedad",,Mujer,4300.000000,,"<ul><li>Acción iluminadora.</li><li>Acción específica sobre las manchas oscuras.</li></ul>","Sisley Paris",,Cremas,,"Un corrector de manchas universal de ultraprecisión para reducir la aparición de todo tipo de manchas a partir de 15 días.",,,3473311592309,4.0000
000354278,"Supremÿa At Night The Supreme Anti-Ageing Eye Cream 15 ml",sisley-paris-supremya-at-night-the-supreme-anti-ageing-eye-cream-15-ml-000354278,https://ultrafemme.com/media/catalog/product/3/5/354278_3473311540805_01_3c1d.png,"Crema para contorno de ojos",,Mujer,8200.000000,,<ul><li>Anti-edad.</li><li>Anti-flacidez</li><li>Anti-ojeras.</li><li>Anti-bolsas.</li><li>Anti-arrugas.</li></ul>,"Sisley Paris",,Cremas,,"Un tratamiento antiedad excepcional para una mirada de aspecto juvenil.",,,3473311540805,6.0000
000339230,"Supremÿa At Night The Supreme Anti-Aging Skin Care 50 ml",sisley-paris-supremya-at-night-the-supreme-anti-aging-skin-care-50-ml-000339230,https://ultrafemme.com/media/catalog/product/3/3/339230_3473311541000_01_bc2f.png,"Crema antiedad",,Mujer,20150.000000,,<ul><li>Regenerador.</li><li>Anti-edad.</li><li>Reafirmante.</li><li>Alisante.</li></ul>,"Sisley Paris",,Cremas,,"Un extraordinario producto antienvejecimiento que desbloquea el poder regenerador de tu piel.",,,3473311541000,2.0000
000339232,"Ecological Compound Advanced Formula Discovery Program Set 125 ml",sisley-paris-ecological-compound-advanced-formula-discovery-program-set-125-ml-000339232,https://ultrafemme.com/media/catalog/product/3/3/339232_3473311140395_01_1952.png,Varios,,Mujer,6350.000000,,"Ecological Compound Advanced Formula 125 ml, el cuidado de la piel esencial para equilibrar, fortalecer y revitalizar todo tipo de piel. Utiliza movimientos ligeros para aplicar en una cara y cuello limpios y secos por la mañana y por la noche.El Gel Facial Buff and Wash 10ml, limpia la piel y exfolia las células muertas e impurezas en una sola pasada. La piel queda tonificada, suave y luminosa.Hydra-Gobal 10ml, Hydra-Global está formulado para saciar intensamente la piel deshidratada. La piel se ve tersa, más flexible y más luminosa. Aplicar mañana y noche sobre rostro y cuello.The Eye Contour Mask 2ml, una mascarilla para el contorno de ojos que ayuda a que la piel luzca descansada, tersa y más joven. Funciona en 10 minutos para hidratar y reducir los signos de fatiga.","Sisley Paris",,Sets,,"El set contiene:<ul><li>Un Ecological Compound Advanced Formula de 125 ml</li><li>Un Gel Facial Buff and Wash de 10 ml.</li><li>Un Hydra-Global de 10 ml.</li><li>Un Eye Cnotur Mask de 2 ml.</li></ul><p>Esenciales imprescindibles para el cuidado de la piel para lograr una rutina diaria óptima de cuidado de la piel.</p>",,,3473311140395,3.0000
000354277,"Ecological Compound Advanced Formula Limited Edition Fairy Lanterns 125 ml",sisley-paris-ecological-compound-advanced-formula-limited-edition-fairy-lanterns-125-ml-000354277,https://ultrafemme.com/media/catalog/product/3/5/354277_3473311142313_01_7770.jpg,"Crema revitalizante",,Hombre,6350.000000,,"<ul><li> Contribuye a mantener la microbiota equilibrada y estimula el sistema de defensas naturales de la piel. Este último es más resistente y mejor preparado para protegerse contra los efectos nocivos del ambiente (contaminación, tabaco, radicales libres…).</li><li>Contribuye a la actividad óptima de las funciones vitales de la piel. La piel queda revitalizada, recobrando el tono y la luminosidad.</li><li>Hidrata de manera duradera y nutre la epidermis para aportarle confort y flexibilidad.</li></ul><p><br></p>

Como resultado, una piel equilibrada, fortalecida y revitalizada, con una calidad visiblemente mejorada y de mayor resistencia.","Sisley Paris",,Cremas,,"Inspiradas en el espíritu festivo de las linternas, las coloridas ilustraciones de la artista Elzbieta Radziwill nos invitan a pedir un gran deseo.",,,3473311142313,2.0000
000339231,"Supremÿa At Night The Supreme Anti-Aging Cream 50 ml",sisley-paris-supremya-at-night-the-supreme-anti-aging-cream-50-ml-000339231,https://ultrafemme.com/media/catalog/product/3/3/339231_3473311541604_01_00d8.png,"Crema antiedad",,Mujer,20150.000000,,<ul><li>Regenerador.</li><li>Anti-edad.</li><li>Reafirmante.</li><li>Alisante.</li></ul>,"Sisley Paris",,Cremas,,"Un extraordinario producto antienvejecimiento para pieles secas que desbloquea el poder regenerador de tu piel cada noche.",,,3473311541604,5.0000
000040657,"CK One Desodorante 75 gr",calvin-klein-one-desodorante-75-gr-000040657,https://ultrafemme.com/media/catalog/product/4/0/40657_88300108978_01_2f12.png,"Desodorante en barra",,Unisex,459.000000,,,"Calvin Klein",,Desodorantes,,"El desodorante en barra de CK One es un fantástico complemento a la fragancia de la misma colección. El desodorante sólido previene eficazmente la sudoración desagradable, cuida la piel sensible de las axilas y la deja con un olor perfumado durante horas.",,,88300108978,17.0000
000315300,"Advanced Génifique Yeux Light Pearl Serum 20 ml",lancome-advanced-genifique-yeux-light-pearl-serum-20-ml-000315300,https://ultrafemme.com/media/catalog/product/3/1/315300_3614273660440_01_37e2.png,"Suero para ojos","Todo tipo de piel",Mujer,1935.000000,,"<p>Experimenta la eficacia 360° del sérum para el contorno de ojos: Mejora la suavidad en un +12%* y reduce las líneas de expresión en un -32%* y las bolsas en un -17%** para revelar una mirada más luminosa, fuerte y joven.</p><ul><li>Reduce la hinchazón</li><li>Suaviza las líneas de expresión</li><li>Pestañas más fuerte</li></ul>",Lancôme,"<p>7 FRACCIONES PRE Y PROBIÓTICAS Nuestra mezcla única ha sido seleccionada para aportar nutrientes esenciales a la piel.</p><p>CAFEÍNA Nuestro potente activo para ayudar a reducir la hinchazón.</p><p>ARGININA Un poderoso aminoácido.</p>",Sueros,Génifique,"<p>Suero Reparador para Ojos</p> <p>Abre los ojos con nuestro cuidado del contorno de ojos de 360°. El nuevo concentrado activador de juventud Advanced Génifique Yeux Light-PearlTM, ahora con la ciencia del microbioma, despierta los ojos cansados ​​e hinchados y fortalece las pestañas como nunca se había visto.</p><p>Nuestro refrescante aplicador patentado tiene una forma de perala de acero inoxidable flexible a 360° para actuar sobre la delicada área del contorno de ojos. La piel se refresca instantáneamente a -3 °C* al aplicarse en circulos como Crio-Masaje.</p><p>Nuestro nuevo sérum para ojos proporciona una eficacia de 360° para cada zona: párpados superiores caídos, firmeza del contorno de ojos, patas de gallo, arrugas y bolsas debajo de los ojos. Los ojos se vuelven más brillantes, fuertes y jóvenes.</p>","<ol><li>Suaviza las líneas finas masajeando la fórmula con el aplicador patentado alrededor del contorno de ojos.</li><li>Deshincha las bolsas de los ojos haciendo movimientos circulares con el aplicador en la zona de debajo de los ojos.</li><li>Reafirma el contorno de ojos presionando el aplicador sobre el contorno de ojos.</li><li>Aplicar sobre la línea de las pestañas.</li></ol>",Génifique,3614273660440,29.0000
000343032,"UV Expert Aqua Gel SPF50 50 ml",lancome-uv-expert-aqua-gel-spf50-50-ml-000343032,https://ultrafemme.com/media/catalog/product/3/4/343032_4935421669078_01_1ef5.png,"Protector solar","Todo tipo de piel",Mujer,1215.000000,,"<ul><li>ACABADO INVISIBLE</li><li>TEXTURA TRANSPIRABLE</li><li>FÁCIL DE ESPARCIR</li><li>EFECTO MATE</li><li>PRIMER PARA MAQUILLAJE</li></ul>",Lancôme,"Protección poderosa contra los rayos dañinos del sol gracias a su sitema óptimo de filtraje SPF50 con una sensación sin peso, invisible y fácil de exparsir en la piel.","Protectores solares","UV Expert","<p>Descubre nuestra protección #1 contra agresores urbanos, ahora con la tencología de protección solar Airy Defense en una textura ligera y transpirable. Protección poderosa contra los rayos dañinos del sol gracias a su sitema óptimo de filtraje SPF50 con una sensación sin peso, invisible y fácil de exparsir en la piel. Hidratación, protección y comodidad que dura todo el día.</p><p>Úsalo diariamente después de tu rutina de limpieza como un primer de maquillaje, humectante y bloqueador solar facial, ¡todo en un solo producto!</p><p>Para lograr un estilo sin maquillaje o para un día bajo el sol, aplica de forma uniforme por todas las zonas faciales.</p><p>Si usas maquillaje, utilízalo como primer para preparar la piel antes de aplicar la base.</p>","<p>Úsalo diariamente después de tu rutina de limpieza como un primer de maquillaje, humectante y bloqueador solar facial, ¡todo en un solo producto!</p><p>Para lograr un estilo sin maquillaje o para un día bajo el sol, aplica de forma uniforme por todas las zonas faciales.</p><p>Si usas maquillaje, utilízalo como primer para preparar la piel antes de aplicar la base.</p>","UV Expert",4935421669078,5.0000
000112444,"Rénergie Multi Lift Night Cream 50 ml",lancome-renergie-multi-lift-night-cream-50-ml-000112444,https://ultrafemme.com/media/catalog/product/1/1/112444_3605532670270_01_a7de.png,"Crema antiedad","Todo tipo de piel",Mujer,3465.000000,,"<p>FIRMEZA:</p><ul><li>1 aplicación: +44% de tonicidad y +34% de hidratación inmediata</li><li>2 semanas: Las mujeres están de acuerdo en que la piel está más firme, con nueva densidad</li></ul><p>ANTIARRUGAS:</p><ul><li>4 noches: Las mujeres están de acuerdo en que la piel luce más suave</li><li>2 semanas: Resultados clínicos probados en 5 tipos de arrugas: frente, entrecejo, nasolabial, patas de gallo y líneas horizontales del cuello</li></ul>",Lancôme,"<p>Extracto de Linaza Francesa Biotecnológica: Proveniente exclusivamente de Francia, el extracto de linaza contiene glucopéptidos que ayudan a compensar la pérdida de colágeno.</p><p>Ácido Hialurónico: Conocido por absorber 1000 veces su peso en agua, el ácido hialurónico ayuda a rellenar la piel con hidratación para corregir la apariencia de arrugas y volúmenes.</p><p>6X Lípidos Diferentes: Una alta dosis de triglicéridos, aceites y mantecas que ayudan a la piel a retener la humedad durante la noche, cuando la renovación celular alcanza su punto máximo.</p>",Cremas,Rénergie,"<p>Crema de Noche Anti Signos de la Edad con Efecto Lifting y Firmeza</p> <p>Nuestra emblemática fórmula de crema de noche reafirmante para rostro y cuello. Combina Ácido Hialurónico, Extracto de Lino Francés y 6 lípidos diferentes para actuar por la noche, cuando la renovación de la piel alcanza su punto mayor. Noche tras noche, observa resultados significativos en la firmeza de la piel y las arrugas.</p>","Crema de noche, Para mujeres mayores de 50 años que buscan una acción anti signos de la edad global, una piel más firme y contornos faciales redefinidos.",Rénergie,3605532670270,6.0000
000359046,"Lancôme Bi Facil Desmaquillante Bifásico para Ojos",lancome-lancome-bi-facil-desmaquillante-bifasico-para-ojos-75-ml-000359046,https://ultrafemme.com/media/catalog/product/3/5/359046_30148130_01_b128.png,Desmaquillante,"Todo tipo de piel",Mujer,540.000000,,"<p>Remueve todo tipo de maquillaje, incluso el resistente al agua.</p><p>No deja sensación grasosa ni pegajosa.</p><p>Apto para ojos sensibles y usuarios de lentes de contacto.</p>",Lancôme,"Su fórmula bifásica única contiene una fase oleosa para retirar el maquillaje de ojos y una fase acuosa con una mezcla única de emolientes.",Desmaquillantes,"Bi Facil","<p>El desmaquillante de ojos Bi-Facil elimina el maquillaje de forma sencilla, con total suavidad.</p<<p>Su fórmula es adecuada incluso para los ojos más sensibles y para los portadores de lentes de contacto. Bi-Facil elimina suavemente el maquillaje, incluso la mascara resistente al agua.</p><p>Agitar el frasco para descubrir su agradable sensación mientras elimina por completo el maquillaje de los ojos. Desmaquilla suavemente los ojos sin  dejar un efecto graso, combinando los efectos de su fase aceite y su fase agua, eliminando perfectamente todo tipo de maquillaje inclusive los resistentes al agua.</p>","<ol><li>Antes de cada uso, agita la botella para mezclar la fórmula bifásica.</li><li>Empapa un disco de algodón o una bolita de algodón con la fórmula.</li><li>Colócalo sobre los ojos cerrados para humedecer y suavizar el maquillaje. Luego, desliza suavemente sobre el maquillaje para removerlo.</li></ol>","Bi Facil",30148130,28.0000
000218277,"Douceur Eau Micellaire 400 ml",lancome-douceur-eau-micellaire-400-ml-000218277,https://ultrafemme.com/media/catalog/product/2/1/218277_3605530742221_01_35f2.png,Desmaquillante,"Todo tipo de piel",Mujer,1405.000000,,"<ul><li>Para todo tipo de piel, incluso las sensibles.</li><li>Hidrata la piel para una experiencia de limpieza cómoda y sin resequedad.</li><li>Deja la piel suave y confortable.</li></ul>",Lancôme,"Su fórmula suave enriquecida con extractos de rosa deja la piel suave y confortable.",Desmaquillantes,Douceur,"<p>Agua Micelar Desmaquillante y Limpiadora</p><p>La solución desmaquillante Eau Micellaire Douceur elimina las impurezas de la piel con suavidad.</p><p>La tecnología micelar proporciona un desmaquillado perfecto con una alta tolerancia y con un toque extra de frescor.</p><p>Su fórmula suave puede emplearse para desmaquillar ojos y labios.</p>",,Douceur,3605530742221,3.0000
000045113,"Lancôme Bi Facil Desmaquillante Bifásico para Ojos",lancome-lancome-bi-facil-desmaquillante-bifasico-para-ojos-125-ml-000045113,https://ultrafemme.com/media/catalog/product/4/5/45113_3147758030334_01_73ec.png,Desmaquillante,"Todo tipo de piel",Mujer,845.000000,,"<p>Remueve todo tipo de maquillaje, incluso el resistente al agua.</p><p>No deja sensación grasosa ni pegajosa.</p><p>Apto para ojos sensibles y usuarios de lentes de contacto.</p>",Lancôme,"Su fórmula bifásica única contiene una fase oleosa para retirar el maquillaje de ojos y una fase acuosa con una mezcla única de emolientes.",Desmaquillantes,"Bi Facil","<p>El desmaquillante de ojos Bi-Facil elimina el maquillaje de forma sencilla, con total suavidad.</p<<p>Su fórmula es adecuada incluso para los ojos más sensibles y para los portadores de lentes de contacto. Bi-Facil elimina suavemente el maquillaje, incluso la mascara resistente al agua.</p><p>Agitar el frasco para descubrir su agradable sensación mientras elimina por completo el maquillaje de los ojos. Desmaquilla suavemente los ojos sin  dejar un efecto graso, combinando los efectos de su fase aceite y su fase agua, eliminando perfectamente todo tipo de maquillaje inclusive los resistentes al agua.</p>","<ol><li>Antes de cada uso, agita la botella para mezclar la fórmula bifásica.</li><li>Empapa un disco de algodón o una bolita de algodón con la fórmula.</li><li>Colócalo sobre los ojos cerrados para humedecer y suavizar el maquillaje. Luego, desliza suavemente sobre el maquillaje para removerlo.</li></ol>","Bi Facil",3147758030334,23.0000
000045113-000045113,"Lancôme Bi Facil Desmaquillante Bifásico para Ojos",lancome-lancome-bi-facil-desmaquillante-bifasico-para-ojos,https://ultrafemme.com/media/catalog/product/4/5/45113_3147758030334_01_73ec.png,Desmaquillante,"Todo tipo de piel",Mujer,,,"<p>Remueve todo tipo de maquillaje, incluso el resistente al agua.</p><p>No deja sensación grasosa ni pegajosa.</p><p>Apto para ojos sensibles y usuarios de lentes de contacto.</p>",Lancôme,"Su fórmula bifásica única contiene una fase oleosa para retirar el maquillaje de ojos y una fase acuosa con una mezcla única de emolientes.",Desmaquillantes,"Bi Facil","<p>El desmaquillante de ojos Bi-Facil elimina el maquillaje de forma sencilla, con total suavidad.</p<<p>Su fórmula es adecuada incluso para los ojos más sensibles y para los portadores de lentes de contacto. Bi-Facil elimina suavemente el maquillaje, incluso la mascara resistente al agua.</p><p>Agitar el frasco para descubrir su agradable sensación mientras elimina por completo el maquillaje de los ojos. Desmaquilla suavemente los ojos sin  dejar un efecto graso, combinando los efectos de su fase aceite y su fase agua, eliminando perfectamente todo tipo de maquillaje inclusive los resistentes al agua.</p>","<ol><li>Antes de cada uso, agita la botella para mezclar la fórmula bifásica.</li><li>Empapa un disco de algodón o una bolita de algodón con la fórmula.</li><li>Colócalo sobre los ojos cerrados para humedecer y suavizar el maquillaje. Luego, desliza suavemente sobre el maquillaje para removerlo.</li></ol>","Bi Facil",,67.0000
000353465,"Hydra Zen Gel Cream 50 ml",lancome-hydra-zen-gel-cream-50-ml-000353465,https://ultrafemme.com/media/catalog/product/3/5/353465_3614274158465_01_b6aa.png,"Crema hidratante","Todo tipo de piel",Mujer,1575.000000,,"<ul><li>1 SEGUNDO PARA CALMAR LA PIEL** 152%</li><li>152% RECARGA DE HIDRATACIÓN INSTANTÁNEA * HASTA 10 CAPAS ***</li><li>-22% ROJECES**</li><li>9 DE CADA 10 MUJERES SINTIERON BIENESTAR INMEDIATAMENTE DESPUÉS DE USARLO.**</li></ul><p>**Autoevaluación, 170 mujeres, inmediatamente después del uso.</p><p>***Capas superficiales de la epidermis</p>",Lancôme,"<ul><li>EXTRACTO DE ROSA CENTIFOLIA</li><li>ÁCIDO HIALURÓNICO BIOTECNOLÓGICO</li><li>BISABOLOL BIOTECNOLÓGICO</li><li>EXTRACTO DE ROSA CENTIFOLIA</li><li>ÁCIDO HIALURÓNICO BIOTECNOLÓGICO</li><li>BISABOLOL BIOTECNOLÓGICO</li><li>EXTRACTO DE ROSA CENTIFOLIA</li><li>ÁCIDO HIALURÓNICO BIOTECNOLÓGICO</li><li>BISABOLOL BIOTECNOLÓGICO</li></ul>",Cremas,"Hydra Zen","<p>El nuevo Hydra Zen Gel Cream, nuestro icónico tratamiento hidro-calmante, ahora está infundido con un extracto natural de rosa Centifolia y potenciado por el Ácido Hialurónico hidro-activo biotecnológico y el calmante Bisabolol. Esta crema gel ligera proporciona una hidratación duradera de 72h* y una eficacia percibida en la reducción de rojeces después de solo 1 semana**.
</p><p>*Prueba instrumental, 28 mujeres 
** Autoevaluación, 170 mujeres, 1 semana Inspirado en el tratamiento de hidratación dermatológica, Hydra Zen Gel Cream va más allá de la hidratación para fortalecer la barrera de la piel y reducir la sensibilidad cutánea.</p>",,"Hydra Zen",3614274158465,26.0000
000350118,"UV Expert Supra Screen 40 ml",lancome-uv-expert-supra-screen-40-ml-000350118,https://ultrafemme.com/media/catalog/product/3/5/350118_3614274162943_01_5cd9.png,"Protector solar","Todo tipo de piel",Mujer,1215.000000,,"<p>Obtén protección UV y vence el fotoenvejecimiento a largo plazo con UV Expert Supra Screen. Probado en todos los tipos de piel y adecuado incluso para pieles sensibles, proporciona resultados clínicamente significativos al primer mes, con resultados de anti- signos de la edad aún más fuertes después de 2 meses:</p><ul><li>25% de Opacidad</li><li>18% de Manchas oscuras</li><li>12% de Desigualdad en el tono de la piel</li><li>10% de Líneas finas</li></ul>",Lancôme,"<ul><li>3% de Niacinamida: la Niacinamida es una forma de vitamina B3 que participa en diversos procesos que mantienen la salud de la piel. Se sabe que inhibe la transferencia de melanina para corregir la opacidad de la piel y la hiperpigmentación. También aumenta la producción de ceramidas y colágeno para fortalecer la barrera cutánea y reducir las líneas finas.</li><li>1% de Vitamina E: la Vitamina E o Alfa-tocoferol es una vitamina lipofílica que se encuentra en aceites vegetales. La Vitamina E es un antioxidante que ayuda a la piel a combatir el estrés oxidativo causado por la radiación UV y la contaminación.</li><li>3% de Diente de León de Química Verde: Nuestro extracto de Diente de León de base biológica se produce mediante hidrólisis enzimática. Contrarresta la opacidad y defiende la piel contra el daño causado por la contaminación.</li></ul>","Protectores solares","UV Expert","<p>Nacido de 40 años de investigación sobre el exposoma, que estudia el impacto de la exposición ambiental en la piel, la icónica franquicia UV de Lancôme, querida por millones de mujeres presenta ahora el Suero UV Expert Supra Screen.
</p><p>
Aprovechando la rica herencia de experiencia científica y tecnología avanzada UV de la marca, su fórmula tiene como objetivo proteger y prevenir los primeros signos del foto envejecimiento. Estos signos incluyen la pérdida de colágeno que lleva a la aparición de líneas finas y arrugas, así como la opacidad, el tono desigual de la piel, las manchas solares y las manchas oscuras asociadas con la pigmentación.

UV Expert Supra Screen combina varios filtros para ofrecer una protección de amplio espectro contra los rayos UVB, UVA y los rayos UVA largos.</p>","De absorción ultra rápida y fácil de aplicar como el último paso en tu rutina diaria de cuidado de la piel, se ha demostrado que es altamente compatible con el maquillaje para ofrecer una protección supra con un acabado impecable.","UV Expert",3614274162943,8.0000
000351406,"Rénergie Triple Serum Eye",lancome-renergie-triple-serum-eye-000351406,https://ultrafemme.com/media/catalog/product/3/5/351406_3614274170207_01_a834.png,"Suero antiedad","Todo tipo de piel",Mujer,2340.000000,,"<ul><li>-31% DE LÍNEAS DE EXPRESIÓN EN EL CONTRONO DE LOS OJOS*</li><li>+8% DE ELEVACIÓN DE LOS PÁRPADOS*</li><li>-15% DE VOLUMEN EN LAS BOLSAS DE LOS OJOS*</li></ul><p>*Evaluación clínica, 84 mujeres, 8 semanas.</p>",Lancôme,"<ul><li>ÁCIDO HIALURÓNICO + PÉPTIDO SNK​</li><li>C + NIACINAMIDA​</li><li>VITAMINA F​</li></ul>",Sueros,Rénergie,"Descubre la nueva revolución en el cuidado del contorno de los ojos. La eficacia anti-signos de la edad de alto rendimiento del nuevo Rénergie H.C.F Triple Sérum ahora para el contorno de ojos. Tres activos incompatibles y potentes: ácido hialurónico, C+Niacinamida, vitamina F los tres unidos en una sola dosis, potenciada con SNK-Péptido. Una combinación concentrada y precisa de ingredientes diseñados para tratar todo el contorno de los ojos. Resultados tan visibles que pensarías que son imposibles sin un procedimiento","<ul><li>Presiona para obtener los tres ingredientes y mézclalos utilizando las puntas de los dedos.</li><li>Aplica bajo los ojos con pequeños toques para reducir las bolsas y elevar los párpados.</li><li>Extiende hacia el contorno de los ojos para reducir las líneas de expresión y patas de gallo.​</li></ul><p>Aplicar una vez por la mañana y otra por la noche.​</p>",Rénergie,3614274170207,15.0000
000319980-000319980,"Rénergie Triple Serum Eye",lancome-renergie-triple-serum-eye,https://ultrafemme.com/media/catalog/product/3/1/319980_3614272860377_01_abb0.png,"Suero antiedad","Todo tipo de piel",Mujer,,,"<ul><li>-31% DE LÍNEAS DE EXPRESIÓN EN EL CONTRONO DE LOS OJOS*</li><li>+8% DE ELEVACIÓN DE LOS PÁRPADOS*</li><li>-15% DE VOLUMEN EN LAS BOLSAS DE LOS OJOS*</li></ul><p>*Evaluación clínica, 84 mujeres, 8 semanas.</p>",Lancôme,"<ul><li>ÁCIDO HIALURÓNICO + PÉPTIDO SNK​</li><li>C + NIACINAMIDA​</li><li>VITAMINA F​</li></ul>",Sueros,Rénergie,"Descubre la nueva revolución en el cuidado del contorno de los ojos. La eficacia anti-signos de la edad de alto rendimiento del nuevo Rénergie H.C.F Triple Sérum ahora para el contorno de ojos. Tres activos incompatibles y potentes: ácido hialurónico, C+Niacinamida, vitamina F los tres unidos en una sola dosis, potenciada con SNK-Péptido. Una combinación concentrada y precisa de ingredientes diseñados para tratar todo el contorno de los ojos. Resultados tan visibles que pensarías que son imposibles sin un procedimiento","<ul><li>Presiona para obtener los tres ingredientes y mézclalos utilizando las puntas de los dedos.</li><li>Aplica bajo los ojos con pequeños toques para reducir las bolsas y elevar los párpados.</li><li>Extiende hacia el contorno de los ojos para reducir las líneas de expresión y patas de gallo.​</li></ul><p>Aplicar una vez por la mañana y otra por la noche.​</p>",Rénergie,,32.0000
000363791,"Phyto-Blanc L'Exfoliant Brightening Buff and Wash Set 100 ml",sisley-paris-phyto-blanc-l-exfoliant-brightening-buff-and-wash-set-100-ml-000363791,https://ultrafemme.com/media/catalog/product/3/6/363791_3473311594259_01_f25d.png,Exfoliante,"Todo tipo de piel",Unisex,3400.000000,,"<ul><li>Micropartículas de Bambú: exfolian la piel.</li><li>Extracto de Limón: tonifica, aclara e ilumina la piel.</li><li>Vitamina B3: unifica el tono de la piel.</li><li>Glicerina de origen vegetal: hidrata.</li><li>Extracto de flor de Melocotonero: antioxidante, tonifica e ilumina la piel.</li><li>Aceite esencial de Lavanda: calma y equilibra.</li></ul>","Sisley Paris","AQUA/WATER/EAU, GLYCERIN, BAMBUSA ARUNDINACEA STEM POWDER, NIACINAMIDE, 1,2-HEXANEDIOL, PEG-40 HYDROGENATED CASTOR OIL, CITRUS LIMON (LEMON) FRUIT EXTRACT, PRUNUS PERSICA (PEACH) FLOWER EXTRACT, LAVANDULA ANGUSTIFOLIA (LAVENDER) OIL, CARBOMER, SODIUM HYDROXIDE, ETHYLHEXYLGLYCERIN, CITRIC ACID, SORBIC ACID, SODIUM BENZOATE, TOCOPHEROL, LAVANDULA OIL/EXTRACT, LINALYL ACETATE, LINALOOL. IL#10A",Exfoliantes,,"<p>Brightening Buff & Wash es el primer paso esencial en el ritual de de tratamiento aclarante para revelar toda la luminosidad de la piel. Libera la piel de las impurezas diarias y favorece la eliminación de las zonas de sombra en la superficie (poros y manchas), para mejorar la calidad de la piel con cada uso.</p><p><ul><li>Las suaves micropartículas de bambú exfolian la piel, eliminando eficazmente las células muertas y las impurezas para conseguir un efecto «piel radiante» instantáneo. La piel está más suave y tersa, su calidad mejora visiblemente.</li><li>Día tras día, L'Exfoliant Brightening Buff & Wash desobstruye los poros y elimina las manchas de color de la piel. La vitamina B3 contribuye a lograr una tez más transparente y uniforme, mientras que el extracto de Limón combinado con el extracto de Flor de Melocotonero propician una piel más luminosa y radiante.</li></ul></p><p>Este tratamiento limpiador facial, con una doble acción exfoliante e iluminadora, complementa la eficacia anti-manchas de los productos de tratamiento Phyto-Blanc. La piel queda perfectamente preparada para recibir todos los beneficios del ritual de la gama.</p><p>Delicadamente perfumada con lavanda, su textura de gel fundente proporciona un momento de placer en cada uso, de 3 a 4 veces por semana.</p>","<p>3 a 4 veces por semana.</p><p>Aplicar sobre el rostro y el cuello húmedos. Masajear con las yemas de los dedos mediante movimientos circulares, evitando el contorno de los ojos.</p><p>Enjuagar con abundante agua y aplicar Phyto-Blanc La Lotion.</p>",,3473311594259,3.0000
000357778,"Black Rose Duo Set 60 ml",sisley-paris-black-rose-duo-set-60-ml-000357778,https://ultrafemme.com/media/catalog/product/3/5/357778_3473311320285_01_6703.png,Varios,"Todo tipo de piel",Unisex,7300.000000,,"Ayuda a recobrar la elasticidad de una piel más joven. Aumenta su luminosidad. Hidrata intensamente.","Sisley Paris","Black Rose Cream MaskAQUA/WATER/EAU, BUTYROSPERMUM PARKII (SHEA) BUTTER, GLYCERIN, HYDROXYETHYL ACRYLATE/SODIUM ACRYLOYLDIMETHYL TAURATE COPOLYMER, SQUALANE, BUTYLENE GLYCOL, TOCOPHERYL ACETATE, PANTHENOL, PHYSALIS ALKEKENGI CALYX EXTRACT, VERBASCUM THAPSUS EXTRACT, CHLORELLA VULGARIS EXTRACT, ROSE EXTRACT, VITIS VINIFERA (GRAPE) LEAF EXTRACT, PADINA PAVONICA THALLUS EXTRACT, MICHELIA ALBA LEAF OIL, PELARGONIUM GRAVEOLENS OIL, ROSA DAMASCENA FLOWER OIL, SIMMONDSIA CHINENSIS (JOJOBA) SEED OIL, GLYCERYL STEARATE, PEG-100 STEARATE, ETHYLHEXYLGLYCERIN, PENTYLENE GLYCOL, POLYSORBATE 60, SORBITAN ISOSTEARATE, DISODIUM EDTA, CITRIC ACID, SODIUM HYDROXIDE, GLYCINE SOJA (SOYBEAN) OIL, PHENOXYETHANOL, SODIUM BENZOATE, POTASSIUM SORBATE, TOCOPHEROL, IRON OXIDES (CI 77491), LINALOOL, CITRONELLOL, GERANIOL. IL#4ABlack Rose Skin Infusion CreamWATER/EAU (AQUA), ROSA CENTIFOLIA FLOWER WATER, GLYCERIN, HYDROGENATED POLYISOBUTENE, BUTYROSPERMUM PARKII (SHEA) BUTTER, DIMETHICONE, PENTYLENE GLYCOL, BUTYLENE GLYCOL, CAMELINA SATIVA SEED OIL, TOCOPHERYL ACETATE, BIOSACCHARIDE GUM-1, PHYSALIS ALKEKENGI CALYX EXTRACT, RHODODENDRON FERRUGINEUM EXTRACT, HIBISCUS SABDARIFFA FLOWER EXTRACT, TOCOPHEROL, ROSE EXTRACT, PADINA PAVONICA THALLUS EXTRACT, MICHELIA ALBA LEAF OIL, PELARGONIUM GRAVEOLENS OIL, ROSA DAMASCENA FLOWER OIL, CAPRYLIC/CAPRIC TRIGLYCERIDE, SIMMONDSIA CHINENSIS (JOJOBA) SEED OIL, SODIUM CHLORIDE, DIMETHICONE/PEG-10/15 CROSSPOLYMER, LAURYL PEG-10 TRIS (TRIMETHYLSILOXY)SILYLETHYL DIMETHICONE, HYDROGENATED SOYBEAN OIL, CITRIC ACID, DIPROPYLENE GLYCOL, SODIUM HYDROXIDE, DISODIUM PHOSPHATE, PHENOXYETHANOL, POTASSIUM SORBATE, SODIUM BENZOATE, IRON OXIDES (CI 77491), LINALOOL, CITRONELLOL, GERANIOL, CITRAL, EUGENOL. IL#1ABlack Rose Precious Face OilSQUALANE, PRUNUS DOMESTICA SEED EXTRACT, CAMELINA SATIVA SEED OIL, PERSEA GRATISSIMA (AVOCADO) OIL UNSAPONIFIABLES, TOCOPHEROL, PADINA PAVONICA THALLUS EXTRACT, ROSE EXTRACT, PELARGONIUM GRAVEOLENS OIL, MICHELIA ALBA LEAF OIL, ROSA DAMASCENA FLOWER OIL, CAPRYLIC/CAPRIC TRIGLYCERIDE, SIMMONDSIA CHINENSIS (JOJOBA) SEED OIL, HYDROGENATED SOYBEAN OIL, LINALOOL, CITRONELLOL, GERANIOL, CITRAL, LIMONENE, EUGENOL. IL#1A",Sets,"Fee Greening","<p>Devuelve a la piel una apariencia radiante y juvenil mientras te regalas un momento de puro placer y relajación con el dúo Black Rose. </p><p>Black Rose Skin Infusion Cream 50ml, el tratamiento de día para el rostro. Ayuda a recobrar la elasticidad de una piel más joven. Aumenta su luminosidad. Hidrata intensamente. No comedogénico. Black Rose Precious Face Oil 3ml, el aceite seco antiedad y nutritivo que prepara, protege y mejora la piel seca con falta de confort.</p>","<ol><li>Aplicar Black Rose Cream Mask 2 o 3 veces por semana en una capa gruesa sobre el rostro y el cuello, evitando el contorno de los ojos. Dejar actuar en la piel de 10 a 15 minutos y retirar el exceso.</li><li>Por la mañana o la noche, aplicar de 3 a 7 gotas de Black Rose Precious Face Oil sobre la piel limpia del rostro y el cuello, evitando la zona del contorno de los ojos. Puede aplicarse solo o antes del cuidado diario para preparar mejor la piel para recibir los beneficios de los tratamientos posteriores.</li><li>Por último, aplicar Black Rose Skin Infusion Cream.</li></ol>","Fee Greening",3473311320285,2.0000
000364972,"Sensitive Skin Soothing Care Set 40 ml",sisley-paris-sensitive-skin-soothing-care-set-40-ml-000364972,https://ultrafemme.com/media/catalog/product/3/6/364972_3473311270009_01_b185.png,"Crema limpiadora","Todo tipo de piel",Unisex,4500.000000,,"<ul><li>Sensitive Skin Soothing Care proporciona confort inmediato, reduciendo la irritación y haciendo que la piel esté suave, flexible e hidratada.</li><li>Después de dos semanas, la piel se vuelve más fuerte y resistente. Su umbral de tolerancia aumenta.</li><li>Después de cuatro semanas, la piel gana flexibilidad y ligereza, se obtiene una sensación de comodidad duradera. Está más radiante, bella y parece más joven.</li></ul>","Sisley Paris","AQUA/WATER/EAU, GLYCERIN, PROPYLHEPTYL CAPRYLATE, CETEARYL ALCOHOL, BUTYROSPERMUM PARKII (SHEA) BUTTER, BRASSICA CAMPESTRIS (RAPESEED) SEED OIL, PRUNUS DOMESTICA SEED EXTRACT, CAPRYLIC/CAPRIC TRIGLYCERIDE, BUTYLENE GLYCOL, CETEARYL GLUCOSIDE, TOCOPHERYL ACETATE, OPHIOPOGON JAPONICUS ROOT EXTRACT, BIOSACCHARIDE GUM-2, LAMINARIA OCHROLEUCA EXTRACT, POTASSIUM CETYL PHOSPHATE, SODIUM CITRATE, XANTHAN GUM, GLYCINE SOJA (SOYBEAN) OIL, CITRIC ACID, TOCOPHEROL. IL#1A",Cremas,,"<p>La investigación Sisley se ha basado en los últimos avances científicos para ofrecer una solución eficaz a las tres causas fisiológicas de la piel sensible, con el fin de que pueda liberarse de las molestias diarias.</p><p>Las pieles sensibles reaccionan ante estímulos normalmente inofensivos, como factores químicos, físicos, emocionales o relacionados con el estilo de vida. Estas reacciones se deben a fibras nerviosas cutáneas hiper reactivas, que provocan sensaciones de malestar (hormigueo, tensión, irritación, sensación de calor), seguidas de una cascada de reacciones en la piel. Esto causa principalmente irritación y debilita la barrera cutánea.</p><p>Las pieles sensibles también pueden carecer de lípidos, que son fundamentales para nutrir y prevenir la deshidratación de la piel, lo que compromete aún más su barrera protectora.</p>","<p>Aplicar Sensitive Skin Soothing Care en el rostro por la mañana y por la noche, después de limpiarlo con un producto adecuado para pieles sensibles, preferiblemente Triple-oil Balm Make-up Remover&Cleanser.</p><p>Masajea suavemente Sensitive Skin Soothing Care hasta que se absorba el producto.</p><p>Recomendamos seguir este ritual minimalista (Triple-oil Balm Make-up Remover& Cleanser seguido de Sensitive Skin Soothing Care) durante un mes para aumentar el umbral de tolerancia de la piel a largo plazo. Una vez que se haya calmado la sensibilidad, se puede utilizar complementariamente una gama más amplia de productos Sisley, manteniendo Soothing Care como primer paso en cada ritual.</p>",,3473311270009,6.0000
000359521,"Hyper Real Serumizer Eye 15 ml",mac-hyper-real-serumizer-eye-15-ml-000359521,https://ultrafemme.com/media/catalog/product/3/5/359521_773602708543_01_b8ed.png,"Suero para ojos",,Unisex,729.000000,,,MAC,"Water Aqua Eau, Glycerin, Dimethicone, Butylene Glycol, Isohexadecane, Octyldodecanol, Alcohol Denat., Squalane, Glyceryl Stearate, Peg-100 Stearate, Sodium Polyaspartate, Niacinamide, Algae Extract, Paeonia Albiflora Flower Extract, Caffeine, Trametes Versicolor Extract, Ascorbyl Glucoside, Acetyl Hexapeptide-8, Trehalose, Cholesterol, Linoleic Acid, Sorbitol, Aleurites Moluccanus Seed Oil, Mangifera Indica (mango) Seed Butter, Butyrospermum Parkii (shea) Butter, Polybutene, Whey Protein Lactis Protein Protéine Du Petit-lait, Ceramide Ng, Dimethiconol, Dipotassium Glycyrrhizate, Laminaria Digitata Extract, Beeswax Cera Alba Cire D'abeille, Sodium Hyaluronate, Caprylyl Glycol, Ethylhexylglycerin, Silica, Citric Acid, Polyacrylate Crosspolymer-6, Hdi/trimethylol Hexyllactone Crosspolymer, Cetyl Alcohol, Behenyl Alcohol, Oleic/linoleic/linolenic Polyglycerides, Hydroxyethyl Acrylate/sodium Acryloyldimethyl Taurate Copolymer, Hydrogenated Lecithin, Sodium Hydroxide, Sodium Phytate, Polysorbate 60, Sorbitan Isostearate, Disodium Edta, Tocopheryl Acetate, Hydroxyacetophenone, Tetrahexyldecyl Ascorbate, Tocopherol, Phenoxyethanol, Potassium Sorbate 
",Sueros,"Hyper Real","Revela una mirada revitalizada y luminosa con este tratamiento para el contorno de los ojos que mejora la luminosidad y reduce visiblemente hasta un 32% de las ojeras en tan solo 12 semanas. Este tratamiento hidratante y reafirmante para los ojos te permite conseguir una poderosa luminosidad 360°, suavizando además arrugas e irregularidades, y reparando la barrera de la piel Probada en todos los tipos y tonos de piel, esta fórmula se ha enriquecido con una poderosa mezcla de ingredientes: extracto de peonía japonesa, vitamina C y niacinamida, que igualan el tono de la piel con el tiempo e iluminan las ojeras en los cuatro cuadrantes de los ojos, incluida la zona por debajo de los ojos, los párpados y la zona alrededor de las esquinas internas y externas, mientras que un péptido suavizante mejora la elasticidad de la piel.

Además, el ácido hialurónico aporta una hidratación instantánea y duradera, mientras que las ceramidas contribuyen a reforzar la barrera de la piel. Con una ligera textura de gel-crema de absorción rápida diseñada para preparar perfectamente y mantener el maquillaje fresco durante todo el día, el 97% afirmó que este producto les ayudó a aplicar el maquillaje de ojos más suavemente*. Combínalo con Hyper Real Serumizer™ Skin Balancing Hydration Serum y luce una mirada luminosa y una piel de aspecto saludable al combinar este poderoso dúo iluminador, hidratante y suavizante.

*Pruebas clínicas realizadas en 45 usuarios tras 12 semanas de uso del producto, dos veces al día.
Pruebas de consumo realizadas en 118 consumidores tras una semana de uso, dos veces al día.","Aplícalo dos veces al día, por la mañana y por la noche, como parte de tu rutina de cuidado de la piel ™Hyper Real. Dispensa una dosis directamente en la yema del dedo y aplícala dando suaves golpecitos alrededor del contorno de un ojo. Pasa la yema del dedo ejerciendo una ligera presión desde la esquina interior hasta la esquina exterior por debajo del ojo. Continúa masajeando hacia arriba hasta el párpado y el hueso de las cejas y, a continuación, vuelve a la esquina interior para asegurar una aplicación 360° alrededor de toda la zona de los ojos. Repite este proceso en el otro ojo.","Hyper Real",773602708543,30.0000
000368608,"Wonderbalm The Wonder Duo Set 20 ml",wonderbalm-the-wonder-duo-set-30-ml-000368608,https://ultrafemme.com/media/catalog/product/3/6/368608_5060999813857_01_9892.jpg,"Bálsamo reparador","Todo tipo de piel",,499.000000,,"Nutritivo, Hidratante, Calmante","Beauty Pro","Olea Europaea Fruit Oil, Butyrospermum Parkii (Shea) Butter, Hydrogenated Vegetable Oil, Euphorbia Cerifera (Candelilla) Wax, Citrus Aurantium Dulcis (Orange) Peel Oil, Tocopherol, *Limonene, *Linalool (*natural ingredient in orange oil)",Sets,,"<section><p>El set contiene:</p><ul><li>Un Lip Balm  de 10 ml.</li><li>Un Multi-Purpose Balm de 20 ml.</li></ul></section><section><p><strong>Desbloquea una piel radiante con esta maravilla multiusos</strong></p><p><strong>WONDERBALM</strong> responde a una amplia variedad de necesidades para el rostro, cuerpo y belleza. Esta fórmula reparadora se absorbe rápidamente mientras enriquece la piel con vitaminas y antioxidantes, aprovechando el poder del aceite de oliva, manteca de karité, cera de candelilla, aceite de cáscara de naranja y aceite vegetal para hidratar, proteger y promover un brillo natural.</p><p><strong>Úsalo como:</strong></p><ul><li>hidratante para la piel</li><li>botiquín natural de primeros auxilios para cortes, quemaduras y rasguños</li><li>mascarilla capilar acondicionadora</li><li>bálsamo labial</li><li>bálsamo post-afeitado</li><li>crema de manos</li><li>hidratante para cutículas</li><li>primer de maquillaje</li><li>desmaquillante</li><li>crema para el contorno de ojos</li><li>mascarilla hidratante</li><li>cuidado posterior de tatuajes</li></ul><p><strong>El poder de la belleza coreana:</strong></p><p>Nuestra fórmula cuidadosamente elaborada está inspirada en los secretos del cuidado de la piel coreano y ha sido desarrollada por expertos para ayudarte a lograr una piel radiante y perfecta.</p><p><strong>Fórmula 100% natural:</strong></p><p>100% vegana, libre de crueldad animal y elaborada con los mejores ingredientes naturales, nuestra fórmula está libre de aditivos sintéticos, productos químicos y parabenos.</p><p><strong>Simplicidad en un tarro:</strong></p><p><strong>WONDERBALM</strong> es tu solución ideal para una infinidad de necesidades cutáneas. Es una joya versátil que se adapta fácilmente a tu rutina de cuidado de la piel para eliminar la sequedad, aportar hidratación profunda y restaurar la piel dañada.</p></section>","<ul><li>Para aplicar WONDERBALM de manera eficaz, comienza asegurándote de que tu piel esté limpia y seca.</li><li>Toma una pequeña cantidad del bálsamo con las yemas de los dedos y caliéntalo frotándolos suavemente entre sí.</li><li>Luego, utilizando movimientos circulares y suaves, aplica el bálsamo en las zonas deseadas de la piel. Puede ser en los labios, zonas resecas, cutículas, codos o cualquier otra área que necesite hidratación o protección.</li></ul>",,5060999813857,16.0000
000344883,"Superdefense City Block Broad Spectrum SPF 50 Daily Energy + Face Protector 40 ml",clinique-superdefense-city-block-broad-spectrum-spf-50-daily-energy-face-protector-40-ml-000344883,https://ultrafemme.com/media/catalog/product/3/4/344883_192333093603_01_a1c6.png,"Protector solar",,,839.000000,,"La aliada perfecta para una protección diaria completa contra los elementos ambientales dañinos. Esta fórmula avanzada actúa como tu primera línea de defensa, protegiendo tu piel contra los rayos UV y otros irritantes que pueden causar daños y acelerar el envejecimiento prematuro. Con tecnología Stop Signs, esta crema multifuncional ofrece una protección integral mientras prepara tu piel para la aplicación de maquillaje.",Clinique,"Octinoxate 5.0%, Titanium Dioxide 3.2%, Zinc Oxide 3.6%Ingredients: Water\Aqua\Eau, Dimethicone, Butyloctyl Salicylate, Isononyl Isononanoate, Neopentyl Glycol Diheptanoate, Lauryl Peg-9 Polydimethylsiloxyethyl Dimethicone, Butylene Glycol, Polydecene, Polyhydroxystearic Acid, Ethylhexyl Methoxycrylene, Hydrated Silica, Dimethicone/Vinyl Dimethicone Crosspolymer, Trimethylsiloxysilicate, Hydrolyzed Wheat Protein/Pvp Crosspolymer, Hydroxyapatite, Cetyl Peg/Ppg-10/1 Dimethicone, Dimethicone/Peg-10/15 Crosspolymer, Sodium Rna, Quaternium-90 Bentonite, Sodium Hyaluronate, Dimethicone Crosspolymer-3, Styrene/Acrylates Copolymer, Sodium Chloride, Caprylyl Glycol, Peg-8 Laurate, Propylene Carbonate, Silica, Tocopherol, Sodium Citrate, Disodium Edta, Bht, Phenoxyethanol, Potassium Sorbate, Iron Oxides (Ci 77491), Iron Oxides (Ci 77492) <ILN47235>","Protectores solares",,"El nuevo Superdefense City Block SPF 50 High Energy Daily Protector proporciona nuestro más alto nivel de protección. Como la primera línea de defensa contra elementos ambientales dañinos, Superdefense City Block es nuestro protector diario multicapa que protege contra la luz ultravioleta y otros irritantes de la piel para prevenir futuros signos de envejecimiento impulsado por la tecnología Stop Signs.","Aplicar por la mañana después de todos los tratamientos. Aplícalo sobre el maquillaje o debajo para usar como prebase.",,192333093603,20.0000
000368606,"Wonderbalm Multi-Purpose Balm",wonderbalm-multi-purpose-balm-20-ml-000368606,https://ultrafemme.com/media/catalog/product/3/6/368606_5060999813727_01_29f7.jpg,"Bálsamo reparador","Todo tipo de piel",,379.000000,,"Nutritivo, Hidratante, Calmante","Beauty Pro","Olea Europaea Fruit Oil, Butyrospermum Parkii (Shea) Butter, Hydrogenated Vegetable Oil, Euphorbia Cerifera (Candelilla) Wax, Citrus Aurantium Dulcis (Orange) Peel Oil, Tocopherol, *Limonene, *Linalool (*natural ingredient in orange oil)",Bálsamos,,"<section><p><strong>Desbloquea una piel radiante con esta maravilla multiusos</strong></p><p><strong>WONDERBALM</strong> responde a una amplia variedad de necesidades para el rostro, cuerpo y belleza. Esta fórmula reparadora se absorbe rápidamente mientras enriquece la piel con vitaminas y antioxidantes, aprovechando el poder del aceite de oliva, manteca de karité, cera de candelilla, aceite de cáscara de naranja y aceite vegetal para hidratar, proteger y promover un brillo natural.</p><p><strong>Úsalo como:</strong></p><ul><li>Hidratante para la piel</li><li>Botiquín natural de primeros auxilios para cortes, quemaduras y rasguños</li><li>Mascarilla capilar acondicionadora</li><li>Bálsamo labial</li><li>Bálsamo post-afeitado</li><li>Crema de manos</li><li>Hidratante para cutículas</li><li>Primer de maquillaje</li><li>Desmaquillante</li><li>Crema para el contorno de ojos</li><li>Mascarilla hidratante</li><li>Cuidado posterior de tatuajes</li></ul><p><strong><br></strong></p><p><strong>El poder de la belleza coreana:</strong></p><p>Nuestra fórmula cuidadosamente elaborada está inspirada en los secretos del cuidado de la piel coreano y ha sido desarrollada por expertos para ayudarte a lograr una piel radiante y perfecta.</p><p><strong>Fórmula 100% natural:</strong></p><p>100% vegana, libre de crueldad animal y elaborada con los mejores ingredientes naturales, nuestra fórmula está libre de aditivos sintéticos, productos químicos y parabenos.</p><p><strong>Simplicidad en un tarro:</strong></p><p><strong>WONDERBALM</strong> es tu solución ideal para una infinidad de necesidades cutáneas. Es una joya versátil que se adapta fácilmente a tu rutina de cuidado de la piel para eliminar la sequedad, aportar hidratación profunda y restaurar la piel dañada.</p></section>","<ul><li>Para aplicar WONDERBALM de manera eficaz, comienza asegurándote de que tu piel esté limpia y seca.</li><li>Toma una pequeña cantidad del bálsamo con las yemas de los dedos y caliéntalo frotándolos suavemente entre sí.</li><li>Luego, utilizando movimientos circulares y suaves, aplica el bálsamo en las zonas deseadas de la piel. Puede ser en los labios, zonas resecas, cutículas, codos o cualquier otra área que necesite hidratación o protección.</li></ul>",,5060999813727,21.0000
000368607,"Wonderbalm Lip Balm 10 ml",wonderbalm-lip-balm-10-ml-000368607,https://ultrafemme.com/media/catalog/product/3/6/368607_5060999813680_01_d092.jpg,"Bálsamo labial","Todo tipo de piel",,179.000000,,"Nutritivo, Hidratante, Calmante","Beauty Pro","Olea Europaea Fruit Oil, Butyrospermum Parkii (Shea) Butter, Hydrogenated Vegetable Oil, Euphorbia Cerifera (Candelilla) Wax, Citrus Aurantium Dulcis (Orange) Peel Oil, Tocopherol, Simmondsia Chinensis (Jojoba) Seed Oil, Argania Spinosa Kernel Oil, Opuntia Ficus-Indica Seed Oil, Helianthus Annuus (Sunflower) Seed Oil, *Limonene, Linalool (*natural ingredient in orange oil)",Bálsamos,,"<section><p><strong>Desbloquea unos labios suaves y nutridos con WONDERBALM</strong></p><p>El WONDERBALM Lip Balm (10ml) es una fórmula nutritiva diseñada para hidratar, proteger y suavizar los labios. Enriquecido con una mezcla de aceites botánicos, mantecas y ceras, este bálsamo reparador proporciona una hidratación duradera mientras ayuda a mantener la suavidad y comodidad natural de los labios.</p><p><strong>Dile adiós a la sequedad:</strong></p><p>Su fórmula de rápida absorción retiene la humedad, dejando los labios flexibles, suaves y renovados. Úsalo como acondicionador labial, remedio para zonas resecas o para aportar un brillo natural a los labios.</p><p><strong>El poder de la belleza coreana:</strong></p><p>Inspirado en la experiencia del cuidado de la piel coreano, esta fórmula cuidadosamente elaborada combina ingredientes de origen vegetal para mantener los labios hidratados y saludables.</p><p><strong>100% Vegano y de Origen Natural:</strong></p><p>Elaborado con una mezcla de ingredientes naturales de alta calidad, esta fórmula es vegana, libre de crueldad animal y no contiene aditivos sintéticos ni parabenos.</p><p><strong>Simplicidad en un tubo:</strong></p><p>El WONDERBALM Lip Balm es un esencial diario que ofrece hidratación dirigida en un formato compacto y fácil de llevar. Una solución simple y eficaz para el cuidado sobre la marcha.</p></section>","<ul><li>Para aplicar WONDERBALM de manera eficaz, comienza asegurándote de que tus labios estén limpios y secos.</li><li>Aprieta suavemente el aplicador para extraer una pequeña cantidad del bálsamo.</li><li>Luego, aplica el bálsamo con suavidad en las zonas deseadas de la piel.</li></ul>",,5060999813680,5.0000
000368605,"Wonderbalm Multi-Purpose Balm",wonderbalm-multi-purpose-balm-50-ml-000368605,https://ultrafemme.com/media/catalog/product/3/6/368605_5060999811884_01_4f2c.jpg,"Bálsamo reparador","Todo tipo de piel",,699.000000,,"Nutritivo, Hidratante, Calmante","Beauty Pro","Olea Europaea Fruit Oil, Butyrospermum Parkii (Shea) Butter, Hydrogenated Vegetable Oil, Euphorbia Cerifera (Candelilla) Wax, Citrus Aurantium Dulcis (Orange) Peel Oil, Tocopherol, *Limonene, *Linalool (*natural ingredient in orange oil)",Bálsamos,,"<section><p><strong>Desbloquea una piel radiante con esta maravilla multiusos</strong></p><p><strong>WONDERBALM</strong> responde a una amplia variedad de necesidades para el rostro, cuerpo y belleza. Esta fórmula reparadora se absorbe rápidamente mientras enriquece la piel con vitaminas y antioxidantes, aprovechando el poder del aceite de oliva, manteca de karité, cera de candelilla, aceite de cáscara de naranja y aceite vegetal para hidratar, proteger y promover un brillo natural.</p><p><strong>Úsalo como:</strong></p><ul><li>Hidratante para la piel</li><li>Botiquín natural de primeros auxilios para cortes, quemaduras y rasguños</li><li>Mascarilla capilar acondicionadora</li><li>Bálsamo labial</li><li>Bálsamo post-afeitado</li><li>Crema de manos</li><li>Hidratante para cutículas</li><li>Primer de maquillaje</li><li>Desmaquillante</li><li>Crema para el contorno de ojos</li><li>Mascarilla hidratante</li><li>Cuidado posterior de tatuajes</li></ul><p><strong><br></strong></p><p><strong>El poder de la belleza coreana:</strong></p><p>Nuestra fórmula cuidadosamente elaborada está inspirada en los secretos del cuidado de la piel coreano y ha sido desarrollada por expertos para ayudarte a lograr una piel radiante y perfecta.</p><p><strong>Fórmula 100% natural:</strong></p><p>100% vegana, libre de crueldad animal y elaborada con los mejores ingredientes naturales, nuestra fórmula está libre de aditivos sintéticos, productos químicos y parabenos.</p><p><strong>Simplicidad en un tarro:</strong></p><p><strong>WONDERBALM</strong> es tu solución ideal para una infinidad de necesidades cutáneas. Es una joya versátil que se adapta fácilmente a tu rutina de cuidado de la piel para eliminar la sequedad, aportar hidratación profunda y restaurar la piel dañada.</p></section>","<ul><li>Para aplicar WONDERBALM de manera eficaz, comienza asegurándote de que tu piel esté limpia y seca.</li><li>Toma una pequeña cantidad del bálsamo con las yemas de los dedos y caliéntalo frotándolos suavemente entre sí.</li><li>Luego, utilizando movimientos circulares y suaves, aplica el bálsamo en las zonas deseadas de la piel. Puede ser en los labios, zonas resecas, cutículas, codos o cualquier otra área que necesite hidratación o protección.</li></ul>",,5060999811884,31.0000
000368605-000368605,"Wonderbalm Multi-Purpose Balm",wonderbalm-multi-purpose-balm,https://ultrafemme.com/media/catalog/product/3/6/368605_5060999811884_01_4f2c.jpg,"Bálsamo reparador","Todo tipo de piel",,,,"Nutritivo, Hidratante, Calmante","Beauty Pro","Olea Europaea Fruit Oil, Butyrospermum Parkii (Shea) Butter, Hydrogenated Vegetable Oil, Euphorbia Cerifera (Candelilla) Wax, Citrus Aurantium Dulcis (Orange) Peel Oil, Tocopherol, *Limonene, *Linalool (*natural ingredient in orange oil)",Bálsamos,,"<section><p><strong>Desbloquea una piel radiante con esta maravilla multiusos</strong></p><p><strong>WONDERBALM</strong> responde a una amplia variedad de necesidades para el rostro, cuerpo y belleza. Esta fórmula reparadora se absorbe rápidamente mientras enriquece la piel con vitaminas y antioxidantes, aprovechando el poder del aceite de oliva, manteca de karité, cera de candelilla, aceite de cáscara de naranja y aceite vegetal para hidratar, proteger y promover un brillo natural.</p><p><strong>Úsalo como:</strong></p><ul><li>Hidratante para la piel</li><li>Botiquín natural de primeros auxilios para cortes, quemaduras y rasguños</li><li>Mascarilla capilar acondicionadora</li><li>Bálsamo labial</li><li>Bálsamo post-afeitado</li><li>Crema de manos</li><li>Hidratante para cutículas</li><li>Primer de maquillaje</li><li>Desmaquillante</li><li>Crema para el contorno de ojos</li><li>Mascarilla hidratante</li><li>Cuidado posterior de tatuajes</li></ul><p><strong><br></strong></p><p><strong>El poder de la belleza coreana:</strong></p><p>Nuestra fórmula cuidadosamente elaborada está inspirada en los secretos del cuidado de la piel coreano y ha sido desarrollada por expertos para ayudarte a lograr una piel radiante y perfecta.</p><p><strong>Fórmula 100% natural:</strong></p><p>100% vegana, libre de crueldad animal y elaborada con los mejores ingredientes naturales, nuestra fórmula está libre de aditivos sintéticos, productos químicos y parabenos.</p><p><strong>Simplicidad en un tarro:</strong></p><p><strong>WONDERBALM</strong> es tu solución ideal para una infinidad de necesidades cutáneas. Es una joya versátil que se adapta fácilmente a tu rutina de cuidado de la piel para eliminar la sequedad, aportar hidratación profunda y restaurar la piel dañada.</p></section>","<ul><li>Para aplicar WONDERBALM de manera eficaz, comienza asegurándote de que tu piel esté limpia y seca.</li><li>Toma una pequeña cantidad del bálsamo con las yemas de los dedos y caliéntalo frotándolos suavemente entre sí.</li><li>Luego, utilizando movimientos circulares y suaves, aplica el bálsamo en las zonas deseadas de la piel. Puede ser en los labios, zonas resecas, cutículas, codos o cualquier otra área que necesite hidratación o protección.</li></ul>",,,52.0000
000350757,"Fotoprotector Invisible Stick SPF50 10 gr",isdin-fotoprotector-invisible-stick-spf50-10-gr-000350757,https://ultrafemme.com/media/catalog/product/3/5/350757_8429420280885_01_c83e.png,"Protector solar corporal",Mixta,,499.000000,,"Invisibile Stick fue creago para áreas con acabado invisible, hands-free. Ayuda a proteger areas sensibles de la piel. Sin brillo, resitente al agua, no comedogénico. Para todo tipo de pieles. Hipoalergénico, formulado para mkinicar el riesgo de alergia. Testeado dermatológicamente.",Isdin,,"Protectores solares",Fotoproteccion,"Protege las zonas más sensibles y expuestas de tu piel con Invisible Stick SPF 50, el protector solar invisible en stick que se aplica cómodamente. Es resistente al agua y al sudor y no deja brillos ni sensación de piel pegajosa.","Aplicar libremente en piel seca, 30 minutos antes de la exposición al sol. Reaplicar cada 2 horas y tras transpirar, nadar, bañarse, secarse con toalla durante la exposición al sol. Evitar contacto con ojos y membranas mucosas. Mantener alejado de niños. No aplicar en piel dañada o irritada. No aplicar en heridas abiertas.",Fotoproteccion,8429420280885,43.0000
000350760,"Fotoprotector Dry Touch SPF50+ 50 ml",isdin-fotoprotector-dry-touch-spf50-50-ml-000350760,https://ultrafemme.com/media/catalog/product/3/5/350760_8470001699664_01_5721.png,"Protector solar facial",Mixta,,619.000000,,"Protege e hidrata tu rostro con Gel Cream Dry Touch SPF 50+. Su fórmula con vitamina E aporta acción antioxidante y tiene un efecto matificante con toque seco. Está indicado para pieles normales, mixtas y grasas.",Isdin,"Aqua (Water), Alcohol Denat., Octocrylene, C12-15 Alkyl Benzoate, Butyl Methoxydibenzoylmethane, Dibutyl Adipate, Talc, Bis-Ethylhexyloxyphenol Methoxyphenyl Triazine, Cyclopentasiloxane, Tromethamine, Cyclohexasiloxane, Ammonium Acryloyldimethyltaurate/VP Copolymer, Cellulose, Methylene Bis-Benzotriazolyl Tetramethylbutylphenol [nano], Phenylbenzimidazole Sulfonic Acid, Polymethylsilsesquioxane, Polyacrylamide, PEG-40 Hydrogenated Castor Oil, C13-14 Isoparaffin, Carbomer, Panthenol, Tocopheryl Acetate, Parfum (Fragrance), Decyl Glucoside, Xanthan Gum, Acrylates/C10-30 Alkyl Acrylate Crosspolymer, Disodium EDTA, Lau- reth-7, BHT, Sodium Lauroyl Glutamate, Linalool, Lysine, Propylene Glycol, Magnesium Chloride.","Protectores solares",Fotoproteccion,"Protege e hidrata tu rostro con Gel Cream Dry Touch SPF 50+. Su fórmula con vitamina E aporta acción antioxidante y tiene un efecto matificante con toque seco. Está indicado para pieles normales, mixtas y grasas.","Aplica Gel Cream Dry Touch Color SPF 50+ sobre la piel seca media hora antes de la exposición solar. La cantidad adecuada para la zona del rostro son dos líneas de producto extendidas en dos dedos. Repártelo homogéneamente por todo el rostro, cuello, nuca y orejas. Reaplica cada 2 horas o tras transpirar, nadar o secarse con la toalla. Al reducir la cantidad de producto aplicada se reduce el factor de protección.",Fotoproteccion,8470001699664,6.0000
000355790,"Fotoultra 100 Spot Prevent Color SPF50+ 50 ml",isdin-fotoultra-100-spot-prevent-color-spf50-50-ml-000355790,https://ultrafemme.com/media/catalog/product/3/5/355790_8429420246881_01_8d9b.png,"Protector solar facial",Mixta,,829.000000,,"Protege e hidrata tu rostro con Gel Cream Dry Touch Color SPF 50+. Su textura con color y efecto matificante con toque seco que disimula y difumina las imperfecciones. Con vitamina E, tiene propiedades antioxidantes y está indicado para pieles normales, mixtas y grasas.",Isdin,,"Protectores solares",Fotoultra,"Cuida tu rostro con Spot Prevent Color SPF 50+, el fotoprotector de uso diario con color y muy alta protección UVB/UVA que ayuda a prevenir las hiperpigmentaciones. Tiene ingredientes de acción antioxidante y una textura ligera de absorción inmediata que se funde con la piel.","Cuida tu rostro con Spot Prevent Color SPF 50+, el fotoprotector de uso diario con color y muy alta protección UVB/UVA que ayuda a prevenir las hiperpigmentaciones. Tiene ingredientes de acción antioxidante y una textura ligera de absorción inmediata que se funde con la piel.",Fotoultra,8429420246881,6.0000
000192712,"SPF 50 Mineral Sunscreen Fluid For Face 30 ml",clinique-spf-50-mineral-sunscreen-fluid-for-face-30-ml-000192712,https://ultrafemme.com/media/catalog/product/1/9/192712_20714776114_01_2e10.png,"Protector solar",,,689.000000,,"El bloqueador solar ultraligero y 100% mineral es increíblemente cómodo, incluso para pieles sensibles. Lo suficientemente suave como para usar alrededor del área de los ojos. La tecnología Invisible Shield forma una capa protectora que es invisible en todos los tonos de piel. Libre de aceite. Seguro de usar en niños de 6 meses en adelante.",Clinique,"Water\Aqua\Eau, Dimethicone, Titanium Dioxide, Butyloctyl Salicylate, Polydiethylsiloxane, C12-15 Alkyl Benzoate, Isononyl Isononanoate, Diethylhexyl Succinate, Neopentyl Glycol Diheptanoate, Methyl Trimethicone, Butylene Glycol, Ethylhexyl Methoxycrylene, Lauryl Peg-9 Polydimethylsiloxyethyl Dimethicone, Silica, Dipentaerythrityl Tri-Polyhydroxystearate, Laureth-4, Cetyl Peg/Ppg-10/1 Dimethicone, Dimethicone/Peg-10/15 Crosspolymer, Dimethicone Silylate, Hydrolyzed Wheat Protein/Pvp Crosspolymer, Triethoxycaprylylsilane, Dimethicone Crosspolymer-3, Isostearic Acid, Caprylyl Glycol, Polyhydroxystearic Acid, Dipropylene Glycol, Phenoxyethanol, Zinc Oxide (Ci 77947), Iron Oxides (Ci 77491), Iron Oxides (Ci 77492) <ILN41954>","Protectores solares",,"Protector solar 100% mineral, ultra ligero y prácticamente invisible, increíblemente cómodo, incluso para pieles sensibles.","Agita y aplica una generosa cantidad en el rostro 15-20 minutos antes de la exposición al sol y cuando sea necesario.",,20714776114,15.0000
000350763,"Fotoprotector Lotion Spray Pediátrico SPF50+ 250 ml",isdin-fotoprotector-lotion-spray-pediatrico-spf50-250-ml-000350763,https://ultrafemme.com/media/catalog/product/3/5/350763_8429420139336_01_b6fd.png,"Protector solar corporal",Mixta,,849.000000,,"Protege la piel frágil del niño con Lotion Spray Pediatrics SPF 50, el fotoprotector corporal de secado inmediato que hidrata intensamente y ofrece una alta protección UVB/UVA. Su fórmula con extracto de siempreviva ayuda a reforzar la barrera cutánea.",Isdin,"Isobutane, Aqua (Water), Dibutyl Adipate, Butyl Methoxydibenzoylmethane, C12-15 Alkyl Benzoate, Ethylhexyl Salicylate, Isoamyl Laurate, Isononyl Isononanoate, Coco-Caprylate/Caprate, Ethylhexyl Triazone, Polyglyceryl-2 Dipolyhydroxystearate, Bis-Ethylhexyloxyphenol Methoxyphenyl Triazine, Trimethylpentanediol/Adipic Acid/Glycerin Crosspolymer, Caprylic/Capric Triglyceride, Silica, Pentylene Glycol, Glyceryl Oleate, Magnesium Sulfate, Sodium Chloride, Glycerin, Panthenol, Poly C10-30 Alkyl Acrylate, Tocopheryl Acetate, Disteardimonium Hectorite, Hydroxyacetophenone, Caprylyl Glycol, Propylene Carbonate, Tetrasodium Glutamate Diacetate, Glyceryl Stearate, Tocopherol, Helichrysum Italicum Extract, Lecithin, Ascorbyl Palmitate, Citric Acid.","Protectores solares",Fotoproteccion,"Protege la piel frágil del niño con Lotion Spray Pediatrics SPF 50, el fotoprotector corporal de secado inmediato que hidrata intensamente y ofrece una alta protección UVB/UVA. Su fórmula con extracto de siempreviva ayuda a reforzar la barrera cutánea.","Protege la piel frágil del niño con Lotion Spray Pediatrics SPF 50, el fotoprotector corporal de secado inmediato que hidrata intensamente y ofrece una alta protección UVB/UVA. Su fórmula con extracto de siempreviva ayuda a reforzar la barrera cutánea.",Fotoproteccion,8429420139336,1.0000
000368499,"Sunleya Anti-Aging Sun Care SPF50+ 50 ml",sisley-paris-sunleya-anti-aging-sun-care-spf50-50-ml-000368499,https://ultrafemme.com/media/catalog/product/3/6/368499_3473311683663_01_c9ab.png,"Protector solar","Todo tipo de piel",,6450.000000,,"<!DOCTYPE html><html lang=""es""><head><meta charset=""UTF-8""><meta name=""viewport"" content=""width=device-width,initial-scale=1.0""><title>Ingredientes y beneficios</title></head><body><ul><li><strong>Extracto de Hypnea musciformis:</strong> combate la glicación.</li><li><strong>Solución de Biosacáridos:</strong> mejora la firmeza e hidrata.</li><li><strong>Adenosina:</strong> alisa las líneas de expresión.</li><li><strong>Filtros UVA/UVB de amplio espectro:</strong> absorben los rayos UVA y UVB.</li><li><strong>Vitamina B3:</strong> ayuda a unificar el tono de la piel.</li><li><strong>Hidroxitirosol de origen vegetal:</strong> combate el estrés oxidativo.</li><li><strong>Extracto de Edelweiss:</strong> antioxidante y protector.</li><li><strong>Extracto japonés de Lirio de los Valles:</strong> refuerza la barrera cutánea y ayuda a prolongar el bronceado.</li><li><strong>Extracto de Hamamelis:</strong> combate la elastosis solar.</li><li><strong>Glicerina de origen vegetal:</strong> hidrata.</li><li><strong>Manteca de Karité:</strong> nutre, calma y repara.</li></ul></body></html>","Sisley Paris","<p>AQUA/WATER/EAU, DIISOPROPYL SEBACATE, DIBUTYL ADIPATE, METHYLENE BIS-BENZOTRIAZOLYL TETRAMETHYLBUTYLPHENOL (NANO), ALCOHOL DENAT., COCO-CAPRYLATE/CAPRATE, BUTYL METHOXYDIBENZOYLMETHANE, ETHYLHEXYL TRIAZONE, CETEARYL ALCOHOL, BIS-ETHYLHEXYLOXYPHENOL METHOXYPHENYL TRIAZINE, DIETHYLHEXYL BUTAMIDO TRIAZONE, NIACINAMIDE, BUTYROSPERMUM PARKII (SHEA) BUTTER, SILICA, GLYCERIN, CAPRYLYL METHICONE, PENTAERYTHRITYL TETRAISOSTEARATE, OPHIOPOGON JAPONICUS ROOT EXTRACT, LEONTOPODIUM ALPINUM FLOWER/LEAF EXTRACT, HYPNEA MUSCIFORMIS EXTRACT, ADENOSINE, BIOSACCHARIDE GUM-1, OLEA EUROPAEA (OLIVE) FRUIT EXTRACT, HAMAMELIS VIRGINIANA (WITCH HAZEL) LEAF EXTRACT, POTASSIUM CETYL PHOSPHATE, HYDROXYETHYL ACRYLATE/SODIUM ACRYLOYLDIMETHYL TAURATE COPOLYMER, CETEARETH-33, DECYL GLUCOSIDE, BUTYLENE GLYCOL, MALTODEXTRIN, ETHYLHEXYLGLYCERIN, SODIUM CITRATE, CITRIC ACID, POLYSORBATE 60, SORBITAN ISOSTEARATE, PROPYLENE GLYCOL, XANTHAN GUM, PENTYLENE GLYCOL, SODIUM HYDROXIDE, CAPRYLYL GLYCOL, 1,2-HEXANEDIOL, GLYCINE SOJA (SOYBEAN) OIL, PARFUM/FRAGRANCE, TOCOPHEROL, YELLOW 5 (CI 19140), RED 4 (CI 14700), BENZYL SALICYLATE, CAMPHOR, LINALOOL, PINENE, BETA-CARYOPHYLLENE, TERPINEOL, LIMONENE, LINALYL ACETATE, CITRUS AURANTIUM PEEL OIL, COUMARIN, TERPINOLENE. IL#10A</p>","Protectores solares",,"<p>Protección solar anti-edad suprema para prevenir y corregir los daños foto-inducidos.</p><p>Muy alta protección anti-edad, Sunleÿa SPF50+ proporciona una respuesta inédita* al foto-envejecimiento. El sol intensifica la glicación, lo que provoca un envejecimiento acelerado de la piel. Este innovador protector solar combate la glicación, actuando sobre las líneas de expresión y la pérdida de elasticidad, para proteger la piel y conseguir un bronceado luminoso, sin dañar el aspecto juvenil de la piel.</p>","Aplicar Sunleÿa Anti-Aging Sun Care SPF50+ generosamente antes de la exposición al sol. Debe volver a aplicarse cada dos horas. Evitar la sobreexposición al sol, así como las horas de sol agresivo. No exponer a bebés ni a niños pequeños a la luz solar directa. En caso de contacto con los ojos, aclarar cuidadosamente.",,3473311683663,4.0000
000354489,"Classic Liplux Lip Balm SPF30 Original",coola-classic-liplux-lip-balm-spf30-original-4-4-g-000354489,https://ultrafemme.com/media/catalog/product/3/5/354489_850008614507_01_0962.png,"Bálsamo labial","Todo tipo de piel",,369.000000,,,Coola,"Ingredientes activos (protector solar): Avobenzona 2,9%, Octisalato 4,9%, Octocrileno 7,6%. Ingredientes inactivos: Aceite de Cocos Nucifera (coco) (ORGÁNICO), Aceite de semilla de Helianthus Annuus (girasol) (ORGÁNICO), Cera de Copernicia Cerifera (Carnauba) (ORGÁNICO), Aceite de semilla de Simmondsia Chinensis (Jojoba) (ORGÁNICO), Salicilato de butiloctilo, Eurphorbia Cerifera (Candelilla), manteca de semilla de Theobroma Grandiflorum (ORGÁNICA), aceite de semilla de Ricinus Communis (ricino) (ORGÁNICO), aceite de semilla de Astrocaryum Vulgare (ORGÁNICO), behenato de behenilo, ácido polihidroxiesteárico, bisabolol (ORGÁNICO), extracto de hoja de Rosmarinus Officinalis (romero) (ORGÁNICO), extracto de fruta de Rosa Canina (ORGÁNICO), aceite de semilla de Rubus Idaeus (frambuesa) (ORGÁNICO), triglicérido caprílico/cáprico, ácido linoleico, fitoesteroles, fosfolípidos, aceite de Persea Gratissima (aguacate) (ORGÁNICO), ascorbato de tetrahexildecilo, Carthamus tinctorius (Cártamo) Aceite de semilla, Extracto de hoja de Aloe Barbadensis, Extracto de Stevia Rebaudiana, Saborizante de origen vegetal.","Protectores solares","Colección Clásica","Bálsamo labial con protector SPF 30 que ayuda a mantener los labios nutridos durante todo el año. Proporciona 80 minutos de protección solar resistente al agua, con sabor natural, con nuestro complejo Plant Protection rico en antioxidantes que contiene mantequilla de Cupuaçu y aceite de semilla de jojoba y frambuesa para nutrir e hidratar los labios.","Aplicar uniformemente sobre los labios. Úselo solo para obtener un brillo sutil o aplíquelo sobre su color de labios favorito para obtener mayor brillo y protección. Vuelva a aplicar según sea necesario; después de nadar o sudar, inmediatamente después de secarse con una toalla y al menos cada 2 horas.","Colección Clásica",850008614507,1.0000
000350761,"Fotoprotector Gel Cream Dry Touch Color SPF50+ 50 ml",isdin-fotoprotector-gel-cream-dry-touch-color-spf50-50-ml-000350761,https://ultrafemme.com/media/catalog/product/3/5/350761_8470001631718_01_c0f0.png,"Protector solar facial",Mixta,,619.000000,,"Proporciona un efecto matificante, con toque seco ideal para la piel normal, mixta y grasa. No comedogénico.",Isdin,"Aqua (Water), Alcohol Denat., Octocrylene, C12-15 Alkyl Benzoate, CI 77891 (Titanium Dioxide), Butyl Methoxydibenzoylmethane, Dibutyl Adipate, Bis-Ethylhexyloxyphenol Methoxyphenyl Triazine, Cyclopentasiloxane, Tromethamine, Cyclohexasiloxane, Ammonium Acryloyldimethyltaurate/VP Copolymer, Methylene Bis-Benzotriazolyl Tetramethylbutylphenol [nano], Phenylbenzimidazole Sulfonic Acid, Polyacrylamide, PEG-40 Hydrogenated Castor Oil, CI 77492 (Iron Oxides), C13-14 Isoparaffin, Carbomer, Panthenol, Tocopheryl Acetate, CI 77491 (Iron Oxides), Parfum (Fragrance), Decyl Glucoside, Aluminum Hydroxide, Xanthan Gum, Acrylates/C10-30 Alkyl Acrylate Crosspolymer, Disodium EDTA, Retinyl Palmitate, Laureth-7, CI 77499 (Iron Oxides), Sodium Lauroyl Glutamate, Linalool, Lysine, Propylene Glycol, Magnesium Chloride, Tocopherol.","Protectores solares",Fotoproteccion,"Protege e hidrata tu rostro con Gel Cream Dry Touch Color SPF 50+. Su textura con color y efecto matificante con toque seco que disimula y difumina las imperfecciones. Con vitamina E, tiene propiedades antioxidantes y está indicado para pieles normales, mixtas y grasas.","Aplicar generosamente sobre la piel seca, media hora antes de la exposición solar. Reaplicar cada 2 horas y tras transpirar, nadar o secarse con toalla. Al reducir esta cantidad, se reduce el factor de protección.",Fotoproteccion,8470001631718,2.0000
000350758,"Fotoprotector Fusion Fluid SPF50+ 50 ml",isdin-fotoprotector-fusion-fluid-spf50-50-ml-000350758,https://ultrafemme.com/media/catalog/product/3/5/350758_8470001525369_01_fe6f.png,"Protector solar facial",Mixta,,739.000000,,"Proporciona acabado sin brillos que no reseca la piel. Contiene activos antienvejecimiento, como el ácido hialurónico y la vitamina E. Textura fluida y matificante, que se funde en la piel.",Isdin,"Aqua (Water), Dibutyl Adipate, Cyclopentasiloxane, Octocrylene, Alcohol Denat., Butyl Methoxydibenzoylmethane, Cyclohexasiloxane, Bis-Ethylhexyloxyphenol Methoxyphenyl Triazine, Butylene Glycol, PEG-30 Dipolyhydroxystearate, Nylon-12, Titanium Dioxide (nano), PEG-10 Dimethicone, Sodium Chloride, Phenoxyethanol, Dimethicone, Disteardimonium Hectorite, Silica, Allantoin, Glyceryl Stearate, Parfum (Fragrance), Disodium EDTA, Ethylhexylglycerin, Sodium Hyaluronate, Dimethiconol, PEG-8, Tocopherol, Ascorbyl Palmitate, Ascorbic Acid, Citric Acid.","Protectores solares",Fotoproteccion,"Protégete con Fusion Fluid® SPF 50+, el protector solar facial con ácido hialurónico apto para piel sensible. Su textura fluida y matificante de absorción inmediata se funde con la piel.","Agitar antes de usar. Aplicar generosamente sobre la piel seca, media hora antes de la exposición solar. Reaplicar cada 2 horas y tras transpirar, nadar o secarse con toalla. Al reducir esta cantidad, se reduce el factor de protección.",Fotoproteccion,8470001525369,5.0000
000350764,"Fotoprotector Mineral Baby Pediátrico SPF50 50 ml",isdin-fotoprotector-mineral-baby-pediatrico-spf50-50-ml-000350764,https://ultrafemme.com/media/catalog/product/3/5/350764_8429420187962_01_fd32.png,"Protector solar facial",Mixta,,809.000000,,"Alta protección UVB/UVA SPF 50. Protección frente a la radiación UV indirecta. Apto para niños +6 meses. Facial y corporal. 100% filtros minerales. Absorción inmediata. Muy resistente al agua. Sin perfume.",Isdin,"Aqua (Water), Titanium Dioxide [nano], Diethylhexyl Carbonate, Propylene Glycol Dicaprylate/Dicaprate, Zinc Oxide [nano], Dibutyl Adipate, Dicaprylyl Carbonate, Alcohol Denat., Dimethicone, Butylene Glycol, Trimethylpentanediol/Adipic Acid/Glycerin Crosspolymer, PEG-30 Dipolyhydroxystearate, Silica, Polyglyceryl-6 Polyricinoleate, Butyloctyl Salicylate, Polyglyceryl-2 Isostearate, Magnesium Sulfate, Dimethicone Crosspolymer, Phenylpropanol, Disteardimonium Hectorite, Propanediol, Caprylyl Glycol, Panthenol, Tocopheryl Acetate, Triethoxycaprylylsilane, Allantoin, Glyceryl Stearate, Sodium Hyaluronate, PEG-8, Tocopherol, Ascorbyl Palmitate, Ascorbic Acid, Citric Acid.","Protectores solares",Fotoproteccion,"Protege la piel de niños y bebés con Mineral Baby Pediatrics SPF 50, el fotoprotector fluido para rostro y cuerpo con filtros 100% minerales. Está especialmente formulado para la piel frágil de los más pequeños.","Aplicar generosamente sobre la piel seca, media hora antes de la exposición solar. Reaplicar cada 2 horas y tras transpirar, nadar o secarse con toalla. Al reducir esta cantidad, se reduce el factor de protección. A partir de 6 meses.",Fotoproteccion,8429420187962,2.0000
000320156,"Fotoprotector Transparent Spray Wet Skin SPF50+ 250 ml",isdin-fotoprotector-transparent-spray-wet-skin-spf50-250-ml-000320156,https://ultrafemme.com/media/catalog/product/3/2/320156_8470001674234_01_7a95.png,"Protector solar corporal",Mixta,,799.000000,,"Fotoprotector corporal en spray transparente. Ofrece una alta protección UVB y UVA SPF 30. Con GINGER CELL PROTECT, extracto de jengibre natural que gracias a su alto contenido en antioxidantes, ofrece protección celular frente al daño oxidativo. WET SKIN, permite su absorción tanto en piel mojada como en piel seca sin dejar residuo blanco y manteniendo el factor de protección. Resistente al agua. Frescor y secado inmediato. Permite su aplicación en cualquier dirección. Apto para todo tipo de piel, incluida piel sensible y/o atópica. SEA FRIENDLY: Fómrula con la mayoría de ingredientes biodegradables y/o inorgánico.",Isdin,"Isobutane, Aqua (Water), Alcohol Denat., Dibutyl Adipate, C12-15 Alkyl Benzoate, Isopropyl Palmitate, Ethylhexyl Salicylate, Butyl Methoxydibenzoylmethane, Caprylic/Capric Triglyceride, Bis-Ethylhexyloxyphenol Methoxyphenyl Triazine, Ethylhexyl Triazone, Trimethylpentanediol/Adipic Acid/Glycerin Crosspolymer, Phenylbenzimidazole Sulfonic Acid, 1,2-Hexanediol, Arginine, Diethylamino Hydroxybenzoyl Hexyl Benzoate, Diethylhexyl Butamido Triazone, Silica Dimethyl Silylate, Pentaerythrityl Tetra-Di-T-Butyl Hydroxyhydrocinnamate, Tocopheryl Acetate, Parfum (Fragrance), Zingiber Officinale (Ginger) Root Extract, Tetrasodium Glutamate Diacetate, Sodium Hydroxide.","Protectores solares",Fotoproteccion,"Protege tu piel con Transparent Spray Wet Skin SPF 50, el fotoprotector corporal en spray con alta protección UVB/UVA SPF50, transparente, fresco y de secado inmediato que puedes utilizar sobre piel húmeda. Con Ginger Cell Protect que aporta protección celular frente al daño oxidativo.","Aplicar generosamente sobre la piel seca o mojada, media hora antes de la exposición solar, y manteniendo una distancia máxima de 5cm de la piel. Es necesario extender de manera uniforme el producto hasta su total absorción y reaplicar cada 2 horas indistintamente sobre piel mojada o seca. Tras transpirar, nadar, o secarse con la toalla repetir aplicación. Si no se aplica la cantidad suficiente de producto, se reduce el factor de protección.",Fotoproteccion,8470001674234,8.0000
000350756,"Fotoprotector Fusion Water Magic Glow SPF30 50 ml",isdin-fotoprotector-fusion-water-magic-glow-spf30-50-ml-000350756,https://ultrafemme.com/media/catalog/product/3/5/350756_8429420282865_01_75c2.png,"Protector solar facial",Mixta,,809.000000,," Fusion Water MAGIC GLOW SPF 30 contiene ingredientes que ayudan a incrementar la luminosidad natural de la piel, proporcionando efecto glow y buena cara.",Isdin,,"Protectores solares",Fotoproteccion,"Protege tu rostro con Fusion Water MAGIC GLOW SPF 30, el fotoprotector facial ultraligero de absorción inmediata que se funde con la piel. Prolonga el bronceado natural y aporta luminosidad y efecto glow.","Agitar antes de usar. Aplicar generosamente sobre la piel limpia y seca media hora antes de la exposición solar. Reaplicar cada 2 horas y tras transpirar, nadar, bañarse, secarse con toalla durante la exposición al sol. Al reducir esta cantidad, se reduce el factor de protección.",Fotoproteccion,8429420282865,9.0000
000350759,"Fotoprotector Fusion Fluid Color SPF50+ 50 ml",isdin-fotoprotector-fusion-fluid-color-spf50-50-ml-000350759,https://ultrafemme.com/media/catalog/product/3/5/350759_8470001585066_01_6141.png,"Protector solar facial",Mixta,,739.000000,,"Proporciona acabado sin brillos que no reseca la piel. Contiene activos antienvejecimiento, como el ácido hialurónico y la vitamina E. Textura fluida y matificante, que se funde en la piel.",Isdin,,"Protectores solares",Fotoproteccion,"Fotoprotección diaria con color para las zonas más delicadas y sensibles al sol.","Agitar antes de usar. Aplicar generosamente sobre la piel secaa, media hora antes de la exposición solar. Reaplicar cada2 horas y tras transpirar, nadar, bañarse, scarse con toalla y durante la exposición al sol. Si la cantidad aplicada no fuera adecuada, el nivel de protección se reducirá signifcativamente. Es necesaria la reaplicación del producto para mantener su efectividad. Garantiza protecció frente a los rayos UV hata 40 minutos de inmersión.",Fotoproteccion,8470001585066,2.0000
000350762,"Fotoultra Redness SPF50 50 ml",isdin-fotoultra-redness-spf50-50-ml-000350762,https://ultrafemme.com/media/catalog/product/3/5/350762_8429420245341_01_f8f6.png,"Protector solar facial",Mixta,,709.000000,,"Fotoprotector facial de alta protección UV de uso diario para ayudar a prevenir y corregir los signos asociados a la piel sensible y propensa al enrojecimiento y el picor.",Isdin,,"Protectores solares",Fotoultra,"Corrige y ayuda a prevenir las rojeces de la piel con Redness SPF 50, el protector solar de textura ligera que aporta una alta protección contra los rayos UVB/UVA y la luz visible. Contribuye a calmar la sensación de irritación de forma inmediata.","Agitar antes de usar. Aplicar generosamente sobre la piel limpia y seca media hora antes de la exposición solar. Reaplicar cada 2 horas y tras transpirar, nadar, bañarse, secarse con toalla durante la exposición al sol. Al reducir esta cantidad, se reduce el factor de protección.",Fotoultra,8429420245341,6.0000
000355789,"Fotoprotector Fusion Water Magic By Alcaraz SPF50 50 ml",isdin-fotoprotector-fusion-water-magic-by-alcaraz-spf50-50-ml-000355789,https://ultrafemme.com/media/catalog/product/3/5/355789_8429420291317_01_b8a5.png,"Protector solar facial",Mixta,,809.000000,,"Saca tu mejor versión con el fotoprotector facial ultraligero de uso diario Fusion Water MAGIC by Alcaraz SPF 50. Aporta efecto refrescante y, gracias al Heat Stress Protect, protege la piel frente a los radicales libres generados por el calor derivado de la práctica deportiva.",Isdin,"Aqua (Water), Dibutyl Adipate, Propanediol, Ethylhexyl Salicylate, Ethylhexyl Triazone, Bis-Ethylhexyloxyphenol Methoxyphenyl Triazine, Dimethicone, Butyl Methoxydibenzoylmethane, Phenylbenzimidazole Sulfonic Acid, Silica, Diisopropyl Sebacate, Arginine, Pentylene Glycol, Hydroxyacetophenone, Lauryl PEG/PPG-18/18 Methicone, VP/Eicosene Copolymer, Polysorbate 60, Dimethicone/Vinyl Dimethicone Crosspolymer, Glycerin, Caprylyl Glycol, Hydrated Silica, Tocopheryl Acetate, PEG-10 Dimethicone, Tetrasodium Glutamate Diacetate, Parfum (Fragrance), Sclerotium Gum, Sodium Hyaluronate, Porphyridium Cruentum Extract, Caprylic/Capric Triglyceride, Xanthan Gum, Physalis Pubescens Fruit Juice, Tocopherol.","Protectores solares",Fotoproteccion,"Saca tu mejor versión con el fotoprotector facial ultraligero de uso diario Fusion Water MAGIC by Alcaraz SPF 50. Aporta efecto refrescante y, gracias al Heat Stress Protect, protege la piel frente a los radicales libres generados por el calor derivado de la práctica deportiva.","Aplica Fusion Water MAGIC by Alcaraz SPF 50 generosamente sobre la piel seca. La cantidad adecuada para la zona del rostro son dos líneas de producto extendidas en dos dedos. Repártelo homogéneamente por todo el rostro, cuello, nuca y orejas. Si la exposición solar es superior a 2 horas, recomendamos reaplicar el producto. Al reducir la cantidad de producto aplicada se reduce el factor de protección.",Fotoproteccion,8429420291317,4.0000
000320140-000320140,"Fotoprotector Fusion Water Color SPF50",isdin-fotoprotector-fusion-water-color-spf50,https://ultrafemme.com/media/catalog/product/3/2/320140_8429420226272_01_77e6.png,"Protector solar facial",Mixta,,,,"Fotoprotector facial ultraligero de fase externa acuosa y uso diario con color que se funde con la piel sin dejar residuo. Su tono aporta cobertura natural disimulando imperfecciones, uniﬁca el tono de la piel y es una base ideal de maquillaje. Con ácido hialurónico y vitamina E. Mineral Oil-free. No comedogénico. Testado dermatológicamente. Apto para piel atópica y sensible.",Isdin,,"Protectores solares",Fotoproteccion,"Fusion Water Color es un protector solar facial con color. Gracias a su fórmula ultraligera, protege tu piel a diario contra los rayos UVB y UVA (SPF 50). Aporta una cobertura natural que disimula imperfecciones, unifica el tono y proporciona un efecto buena cara. ¿Lo mejor? No irrita los ojos.","Aplicar generosamente sobre la piel seca o mojada, media hora antes de la exposición solar. Reaplicar cada 2 horas así como tras transpirar, nadar, o secarse con la toalla. Al reducir esta cantidad, se reduce el factor de protección.",Fotoproteccion,,28.0000
000368464,"Eye Make Up Remover Lavadero",sarelly-sarelly-eye-make-up-remover-lavadero-000368464,https://ultrafemme.com/media/catalog/product/3/6/368464_7506556508968_01_6b9e.png,Desmaquillante,,,270.000000,,,"Sarelly Sarelly","Isohexadecane, Isododecane, Dimethicone Crosspolymer, Butylene Glycol, Argania Spinosa Kernel Oil, Persea Gratissima Oil, Ricinus Communis Seed Oil, Simmondsia Chinensis (Jojoba) Seed Oil, Prunus Amygdalus Dulcis Oil, Tocopheryl Acetate, Phenoxyethanol, Ethylhexylglycerin.",Desmaquillantes,,"<p>Desmaquillante para ojos: rápido, fácil de usar y gentil con tus pestañas y contorno de ojos para retirar el maquillaje a prueba de agua sin utilizar pads.</p><p>Este desmaquillante está formulado para ser aplicado directo sobre las pestañas sin contaminar el producto pues el maquillaje no se derrite hasta ser masajeado con el dedo.</p>","<p>Aplica sobre las pestañas y masajea suavemente con el dedo hasta derretir el maquillaje. Enjuaga con agua tibia y limpiador facial para eliminar residuos.</p><p>No frotes con el aplicador, aplícalo como si fuera una máscara para pestañas con movimientos suaves desde la raíz hacia arriba.</p><p>Este desmaquillante está formulado para ser aplicado directo sobre las pestañas sin contaminar el producto pues el maquillaje no se derrite hasta ser masajeado con el dedo.</p>",,7506556508968,18.0000
000369774,"Total Protection Color Balm SPF 50",colorescience-total-protection-color-balm-spf-50-berry-cls-000369774,https://ultrafemme.com/media/catalog/product/3/6/369774_813419026673_01_61eb.jpg,"Rubor con protector solar","Todo tipo de piel",,979.000000,,"<ul><li>Protección solar de amplio espectro SPF 50 / PA ++++</li><li>Resistente al agua / sudor (40 minutos).</li><li>Hidrata y acondiciona para labios de apariencia más saludable.</li><li>Proporciona protección ambiental contra los rayos UVA / UVB, la contaminación, la luz azul y la radiación infrarroja.</li><li>Probado por dermatólogos, hipoalergénico, no comedogénico.</li><li>Libre de parabenos, sulfatos, ftalatos, aceite, gluten, colorantes y fragancias</li></ul>",Colorescience,"Oxido de zinc 12,5% Lipochroman, Bisabolol, Physavie, Ésteres de jojoba,Escualano vegetal","Protectores solares","Color Balm","<p>Protege e hidrata labios, mejillas y párpados con un toque de color. Cada tono está diseñado con nuestra EnviroScreen® Technology para ofrecer protección mineral completa contra agresores ambientales.</p>","Aplica generosamente en labios y/o mejillas. Para un color suave, usa las yemas de los dedos para aplicar el color ligeramente sobre la piel. Para obtener un color más completo, aplica directamente sobre la piel o aplica una capa según sea necesario. Vuelva a aplicar al menos cada dos horas. Puedes mezclar tonos para crear estilos personalizados con una protección total incomparable.","Color Balm",813419026673,3.0000
000369772,"Tint Du Soleil SPF 30",colorescience-tint-du-soleil-spf-30-medium-cls-000369772,https://ultrafemme.com/media/catalog/product/3/6/369772_813419021388_01_50b4.jpg,"Base con protector solar","Todo tipo de piel",,1519.000000,,"<ul><li>Se funde naturalmente en la piel para un brillo perfecto y saludable.</li><li>Proporciona protección solar física.</li><li>Deja un acabado húmedo.</li><li>Resistente al agua durante 40 minutos.</li></ul>",Colorescience,"Péptidos, Complejo multivitamínico, Ceramidas y lípidos de leche.","Protectores solares","Tint Du Soleil","<p style=""text-align: justify;"">La base se une al cuidado de la piel. Trata tu piel para lograr un tono más uniforme mientras la nutres y fortaleces con ingredientes efectivos. Tint Du Soleil® Whipped Mineral Foundation ofrece una cobertura ligera que difumina imperfecciones, unifica el tono de la piel y deja una sensación sedosa.</p><p style=""text-align: justify;"">Reabastece la piel con ceramidas y lípidos que brindan hidratación reconfortante, mientras que los péptidos que estimulan el colágeno y un complejo multivitamínico trabajan para mejorar la salud de la piel con cada aplicación. Protege contra el sol y la exposición ambiental que causan el envejecimiento de la piel con óxido de zinc y dióxido de titanio minerales, que ofrecen una defensa SPF 30.</p>","Aplicar dos bombas sobre el rostro de manera uniforme para una cobertura pura a media antes de la exposición solar. Para una cobertura más completa, se puede necesitar de bombas adicionales.","Tint Du Soleil",813419021388,5.0000
000369764,"Total Protection Brush-On Shield SPF 50",colorescience-total-protection-brush-on-shield-spf-50-medium-cls-000369764,https://ultrafemme.com/media/catalog/product/3/6/369764_813419023900_01_d6dd.jpg,"Polvo con protector solar","Todo tipo de piel",,1529.000000,,"<<ul><li>Polvo de cobertura y textura ligera.</li><li>Activos de protección solar minerales libres de químicos.</li><li>Fórmula hidratante y rica en antioxidantes.</li><li>De fácil aplicación y re-aplicación, gracias a su brocha portátil.</li><li>Cerdas antimicrobiales que mantienen la frescura de la brocha.</li><li>Protección solar de amplio espectro SPF 50/PA++++</li><li>Resistente al agua y sudor (80 min.)</li><li>Dermatológicamente recomendada, hipoalergénica y no comedogénica.</li></ul>",Colorescience,"Dióxido de Titanio 23,9% y Óxido de Zinc 24,1%","Protectores solares","Brush-On Shield","<p>Impulsado por la tecnología EnviroScreen®, este protector solar en polvo con activos minerales ofrece protección completa en un práctico y fácil de aplicar y reaplicar pincel para llevar contigo. Usa este polvo solo o sobre el maquillaje para una protección diaria con SPF 50. Además, es resistente al agua y al sudor hasta por 80 minutos y va más allá de la protección UV, ofreciendo defensa contra la luz azul (HEV), la contaminación y el infrarrojo para prevenir signos prematuros de envejecimiento y daños en la piel.</p><p>Infundido con ácido hialurónico para restaurar y reforzar la hidratación de la piel, y una poderosa mezcla de antioxidantes que brinda defensa contra la contaminación y la formación de radicales libres, la piel no solo está protegida, sino también nutrida con cada aplicación.</p><p>Esta fórmula no comedogénica, hipoalergénica, con óxido de zinc y hierro ha sido probada y recomendada por dermatólogos como segura para su uso en piel sensible.</p>","Deslizar la brocha sobre la cara y/o cuerpo para liberar y aplicar el polvo. Realizar pequeños trazos circulares para liberar más polvo para una mayor cobertura. Aplicar de manera generosa y uniforme. Volver a aplicar al menos cada dos horas y use un protector solar resistente al agua si está nadando o sudando. Aplicar sobre protector solar diario UV Protector SPF 30 para obtener mejores resultados. Para niños menores de 6 meses de edad, consulte a un médico.","Brush-On Shield",813419023900,3.0000
000369767,"Sunforgettable Total Protection SPF 50",colorescience-sunforgettable-total-protection-spf-50-glow-cls-000369767,https://ultrafemme.com/media/catalog/product/3/6/369767_813419023573_01_b931.jpg,"Polvo con protector solar","Todo tipo de piel",,1529.000000,,"Brocha con protector solar mineral en polvo con factor SPF 30 para un acabado mate. Formulado con la tecnología EnviroScreen ™ para brindar protección contra agresores ambientales como UVA / UVB, contaminación, luz azul y radiación infrarroja (IR). Un polvo ligero y traslucido que absorbe el exceso de grasa y minimiza la apariencia de los poros, para una sensación limpia y fresca. Ideal para piel grasa con tendencia al acné, para una aplicación práctica sobre la marcha.",Colorescience,"Dióxido de titanio 22.5% y óxido de zinc 22.5%","Protectores solares","Brush-On Shield","<p style=""text-align: justify;"">Protección total en brocha® y un brillo perlado suave. Realza tu complexión con luminosidad en todo el rostro o destaca los puntos altos mientras proteges y nutres la piel.</p><p style=""text-align: justify;"">Impulsados por la exclusiva tecnología EnviroScreen®, los brochas Colorescience Sunforgettable® ofrecen protección contra agresores ambientales como UVA/UVB, contaminación, luz azul y radiación infrarroja. Ingredientes patentados y un polvo mineral rico en antioxidantes protegen contra los radicales libres que contribuyen al daño de la piel, mientras que el ácido hialurónico hidrata para una piel flexible. Protección ambiental y un brillo saludable desde el interior, dondequiera que vayas.</p>","Deslizar la brocha sobre la cara y/o cuerpo para liberar y aplicar el polvo. Realizar pequeños trazos circulares para liberar más polvo para una mayor cobertura. Aplicar de manera generosa y uniforme. Volver a aplicar al menos cada dos horas y use un protector solar resistente al agua si está nadando o sudando. Aplicar sobre protector solar diario UV Protector SPF 30 para obtener mejores resultados. Para niños menores de 6 meses de edad, consulte a un médico.","Brush-On Shield",813419023573,7.0000
000369773,"Tint Du Soleil SPF 30",colorescience-tint-du-soleil-spf-30-tan-cls-000369773,https://ultrafemme.com/media/catalog/product/3/6/369773_813419021395_01_df32.jpg,"Base con protector solar","Todo tipo de piel",,1519.000000,,"<ul><li>Se funde naturalmente en la piel para un brillo perfecto y saludable.</li><li>Proporciona protección solar física.</li><li>Deja un acabado húmedo.</li><li>Resistente al agua durante 40 minutos.</li></ul>",Colorescience,"Péptidos, Complejo multivitamínico, Ceramidas y lípidos de leche.","Protectores solares","Tint Du Soleil","<p style=""text-align: justify;"">La base se une al cuidado de la piel. Trata tu piel para lograr un tono más uniforme mientras la nutres y fortaleces con ingredientes efectivos. Tint Du Soleil® Whipped Mineral Foundation ofrece una cobertura ligera que difumina imperfecciones, unifica el tono de la piel y deja una sensación sedosa.</p><p style=""text-align: justify;"">Reabastece la piel con ceramidas y lípidos que brindan hidratación reconfortante, mientras que los péptidos que estimulan el colágeno y un complejo multivitamínico trabajan para mejorar la salud de la piel con cada aplicación. Protege contra el sol y la exposición ambiental que causan el envejecimiento de la piel con óxido de zinc y dióxido de titanio minerales, que ofrecen una defensa SPF 30.</p>","Aplicar dos bombas sobre el rostro de manera uniforme para una cobertura pura a media antes de la exposición solar. Para una cobertura más completa, se puede necesitar de bombas adicionales.","Tint Du Soleil",813419021395,8.0000
000369776,"Total Protection Color Balm SPF 50",colorescience-total-protection-color-balm-spf-50-bronze-cls-000369776,https://ultrafemme.com/media/catalog/product/3/6/369776_813419026710_01_9dbc.jpg,"Rubor con protector solar","Todo tipo de piel",,979.000000,,"<ul><li>Protección solar de amplio espectro SPF 50 / PA ++++</li><li>Resistente al agua / sudor (40 minutos).</li><li>Hidrata y acondiciona para labios de apariencia más saludable.</li><li>Proporciona protección ambiental contra los rayos UVA / UVB, la contaminación, la luz azul y la radiación infrarroja.</li><li>Probado por dermatólogos, hipoalergénico, no comedogénico.</li><li>Libre de parabenos, sulfatos, ftalatos, aceite, gluten, colorantes y fragancias</li></ul>",Colorescience,"Oxido de zinc 12,5% Lipochroman, Bisabolol, Physavie, Ésteres de jojoba,Escualano vegetal","Protectores solares","Color Balm","<p>Protege e hidrata labios, mejillas y párpados con un toque de color. Cada tono está diseñado con nuestra EnviroScreen® Technology para ofrecer protección mineral completa contra agresores ambientales.</p>","Aplica generosamente en labios y/o mejillas. Para un color suave, usa las yemas de los dedos para aplicar el color ligeramente sobre la piel. Para obtener un color más completo, aplica directamente sobre la piel o aplica una capa según sea necesario. Vuelva a aplicar al menos cada dos horas. Puedes mezclar tonos para crear estilos personalizados con una protección total incomparable.","Color Balm",813419026710,4.0000
000369768,"Face Shield Flex SPF 50",colorescience-face-shield-flex-spf-50-fair-cls-000369768,https://ultrafemme.com/media/catalog/product/3/6/369768_813419027366_01_c548.jpg,"Base con protector solar","Todo tipo de piel",,1539.000000,,"<ul><li>Amplio espectro SPF50/PA +++</li><li>Se adapta al color de tu piel al frotar y deslizar sobre la piel, unificando el tono y difuminando imperfecciones de manera inmediata.</li><li>Formulado con la exclusiva tecnología EnviroScreen ™ de Colorescience, que brinda una protección totalmente mineral contra los agresores ambientales como los rayos UVA / UVB, la contaminación, la luz azul y la radiación infrarroja.</li><li>Es hidratante y rico en antioxidantes que nutren y protegen contra los radicales libres previniendo el envejecimiento prematuro.</li><li>Resistente al agua (40 minutos).</li><li>Sus pigmentos de óxido de hierro encapsulados se liberan y florecen adaptándose al tono natural de la piel y restauran la luminosidad.</li><li>Disponible en varios tonos flexibles, adecuados para una variedad de matices dentro de cada rango de tonos.</li><li>Ofrece una cobertura de color media para unificar inmediatamente el tono de la piel con un acabado semimate natural.</li><li>Ingredientes activos 100% minerales, libres de químicos.</li><li>Probado dermatológicamente, no comedogénico, hipoalergénico y apto para pieles sensibles.</li><li>Libre de parabenos, sulfatos, ftalatos, aceite, colorantes y fragancias.</li></ul>",Colorescience,"Óxido de Zinc: 12%","Protectores solares","Face Shield","<p>Un protector solar mineral ligero con cobertura de color tono inmediato que unifica el tono de la piel para un aspecto impecable. Esta fórmula hidratante, rica en antioxidantes y con activos totalmente minerales, está potenciada por la tecnología patentada EnviroScreen® — lo que significa una defensa integral contra UVA/UVB, luz azul, contaminación y radiación infrarroja, combinada con antioxidantes avanzados e ingredientes nutritivos e hidratantes para la salud a largo plazo de la piel.</p><p>FLEX cuenta con pigmentos innovadores de óxido de hierro que se activan al contacto con tus dedos para ofrecer una cobertura de color adaptable y construible con un acabado demi-mate.</p><p>Disponible en seis tonos únicos y flexibles, cada uno ideal para una amplia gama de tonos y subtonos de piel. Seguro para todo tipo de piel, incluyendo piel sensible.</p><p>Si no estás seguro entre dos tonos, te recomendamos seleccionar el tono más claro.</p>","Aplica en tus dedos, frota suavemente y observa cómo los pigmentos de óxido de hierro encapsulados se liberan y florecen en las yemas de tus dedos. Una vez que la fórmula ya no sea blanca, aplícala uniformemente en el rostro. Termina con una sola capa para un acabado natural impecable, o aplica otra capa o dos para una cobertura más completa. CONSEJO PROFESIONAL: Para una apariencia protegida y perfeccionada, aplica FLEX en todo el rostro para obtener un lienzo impecable y luego usa Glow para resaltar los puntos altos y Bronze para contornear.","Face Shield",813419027366,3.0000
000369779,"Total Protection Color Balm SPF 50",colorescience-total-protection-color-balm-spf-50-godlen-hour-cls-000369779,https://ultrafemme.com/media/catalog/product/3/6/369779_813419028158_01_a8d7.jpg,"Rubor con protector solar","Todo tipo de piel",,979.000000,,"<ul><li>Protección solar de amplio espectro SPF 50 / PA ++++</li><li>Resistente al agua / sudor (40 minutos).</li><li>Hidrata y acondiciona para labios de apariencia más saludable.</li><li>Proporciona protección ambiental contra los rayos UVA / UVB, la contaminación, la luz azul y la radiación infrarroja.</li><li>Probado por dermatólogos, hipoalergénico, no comedogénico.</li><li>Libre de parabenos, sulfatos, ftalatos, aceite, gluten, colorantes y fragancias</li></ul>",Colorescience,"Oxido de zinc 12,5% Lipochroman, Bisabolol, Physavie, Ésteres de jojoba,Escualano vegetal","Protectores solares","Color Balm","<p>Protege e hidrata labios, mejillas y párpados con un toque de color. Cada tono está diseñado con nuestra EnviroScreen® Technology para ofrecer protección mineral completa contra agresores ambientales.</p>","Aplica generosamente en labios y/o mejillas. Para un color suave, usa las yemas de los dedos para aplicar el color ligeramente sobre la piel. Para obtener un color más completo, aplica directamente sobre la piel o aplica una capa según sea necesario. Vuelva a aplicar al menos cada dos horas. Puedes mezclar tonos para crear estilos personalizados con una protección total incomparable.","Color Balm",813419028158,3.0000
000369765,"Total Protection Brush-On Shield SPF 50",colorescience-total-protection-brush-on-shield-spf-50-tan-cls-000369765,https://ultrafemme.com/media/catalog/product/3/6/369765_813419023924_01_dcfc.jpg,"Polvo con protector solar","Todo tipo de piel",,1529.000000,,"<<ul><li>Polvo de cobertura y textura ligera.</li><li>Activos de protección solar minerales libres de químicos.</li><li>Fórmula hidratante y rica en antioxidantes.</li><li>De fácil aplicación y re-aplicación, gracias a su brocha portátil.</li><li>Cerdas antimicrobiales que mantienen la frescura de la brocha.</li><li>Protección solar de amplio espectro SPF 50/PA++++</li><li>Resistente al agua y sudor (80 min.)</li><li>Dermatológicamente recomendada, hipoalergénica y no comedogénica.</li></ul>",Colorescience,"Dióxido de Titanio 23,9% y Óxido de Zinc 24,1%","Protectores solares","Brush-On Shield","<p>Impulsado por la tecnología EnviroScreen®, este protector solar en polvo con activos minerales ofrece protección completa en un práctico y fácil de aplicar y reaplicar pincel para llevar contigo. Usa este polvo solo o sobre el maquillaje para una protección diaria con SPF 50. Además, es resistente al agua y al sudor hasta por 80 minutos y va más allá de la protección UV, ofreciendo defensa contra la luz azul (HEV), la contaminación y el infrarrojo para prevenir signos prematuros de envejecimiento y daños en la piel.</p><p>Infundido con ácido hialurónico para restaurar y reforzar la hidratación de la piel, y una poderosa mezcla de antioxidantes que brinda defensa contra la contaminación y la formación de radicales libres, la piel no solo está protegida, sino también nutrida con cada aplicación.</p><p>Esta fórmula no comedogénica, hipoalergénica, con óxido de zinc y hierro ha sido probada y recomendada por dermatólogos como segura para su uso en piel sensible.</p>","Deslizar la brocha sobre la cara y/o cuerpo para liberar y aplicar el polvo. Realizar pequeños trazos circulares para liberar más polvo para una mayor cobertura. Aplicar de manera generosa y uniforme. Volver a aplicar al menos cada dos horas y use un protector solar resistente al agua si está nadando o sudando. Aplicar sobre protector solar diario UV Protector SPF 30 para obtener mejores resultados. Para niños menores de 6 meses de edad, consulte a un médico.","Brush-On Shield",813419023924,3.0000
000369771,"Tint Du Soleil SPF 30",colorescience-tint-du-soleil-spf-30-light-cls-000369771,https://ultrafemme.com/media/catalog/product/3/6/369771_813419021371_01_7096.jpg,"Base con protector solar","Todo tipo de piel",,1519.000000,,"<ul><li>Se funde naturalmente en la piel para un brillo perfecto y saludable.</li><li>Proporciona protección solar física.</li><li>Deja un acabado húmedo.</li><li>Resistente al agua durante 40 minutos.</li></ul>",Colorescience,"Péptidos, Complejo multivitamínico, Ceramidas y lípidos de leche.","Protectores solares","Tint Du Soleil","<p style=""text-align: justify;"">La base se une al cuidado de la piel. Trata tu piel para lograr un tono más uniforme mientras la nutres y fortaleces con ingredientes efectivos. Tint Du Soleil® Whipped Mineral Foundation ofrece una cobertura ligera que difumina imperfecciones, unifica el tono de la piel y deja una sensación sedosa.</p><p style=""text-align: justify;"">Reabastece la piel con ceramidas y lípidos que brindan hidratación reconfortante, mientras que los péptidos que estimulan el colágeno y un complejo multivitamínico trabajan para mejorar la salud de la piel con cada aplicación. Protege contra el sol y la exposición ambiental que causan el envejecimiento de la piel con óxido de zinc y dióxido de titanio minerales, que ofrecen una defensa SPF 30.</p>","Aplicar dos bombas sobre el rostro de manera uniforme para una cobertura pura a media antes de la exposición solar. Para una cobertura más completa, se puede necesitar de bombas adicionales.","Tint Du Soleil",813419021371,10.0000
000369766,"Sunforgettable Total Protection SPF 30",colorescience-sunforgettable-total-protection-spf-30-sheer-matte-cls-000369766,https://ultrafemme.com/media/catalog/product/3/6/369766_813419027151_01_bd5a.jpg,"Polvo con protector solar","Todo tipo de piel",,1529.000000,,"Brocha con protector solar mineral en polvo con factor SPF 30 para un acabado mate. Formulado con la tecnología EnviroScreen ™ para brindar protección contra agresores ambientales como UVA / UVB, contaminación, luz azul y radiación infrarroja (IR). Un polvo ligero y traslucido que absorbe el exceso de grasa y minimiza la apariencia de los poros, para una sensación limpia y fresca. Ideal para piel grasa con tendencia al acné, para una aplicación práctica sobre la marcha.",Colorescience,"Óxido de Zinc: 22.5%, Extracto de Musgo, Ácido Hialurónico, Extracto de Semilla de Uva","Protectores solares","Brush-On Shield","<p>Este polvo translúcido y ligero absorbe el exceso de grasa y minimiza la apariencia de los poros, dejando la piel limpia y fresca.</p><p>Diseñados con la tecnología Enviroscreen®, los pinceles Colorescience Sunforgettable® ofrecen protección ambiental con activos minerales para piel grasa y propensa a imperfecciones en una aplicación práctica y fácil de llevar.</p>","Deslizar la brocha sobre la cara y/o cuerpo para liberar y aplicar el polvo. Realizar pequeños trazos circulares para liberar más polvo para una mayor cobertura. Aplicar de manera generosa y uniforme. Volver a aplicar al menos cada dos horas y use un protector solar resistente al agua si está nadando o sudando. Aplicar sobre protector solar diario UV Protector SPF 30 para obtener mejores resultados. Para niños menores de 6 meses de edad, consulte a un médico.","Brush-On Shield",813419027151,6.0000
000369770,"Face Shield Flex SPF 50",colorescience-face-shield-flex-spf-50-tan-cls-000369770,https://ultrafemme.com/media/catalog/product/3/6/369770_813419027403_01_286d.jpg,"Base con protector solar","Todo tipo de piel",,1539.000000,,"<ul><li>Amplio espectro SPF50/PA +++</li><li>Se adapta al color de tu piel al frotar y deslizar sobre la piel, unificando el tono y difuminando imperfecciones de manera inmediata.</li><li>Formulado con la exclusiva tecnología EnviroScreen ™ de Colorescience, que brinda una protección totalmente mineral contra los agresores ambientales como los rayos UVA / UVB, la contaminación, la luz azul y la radiación infrarroja.</li><li>Es hidratante y rico en antioxidantes que nutren y protegen contra los radicales libres previniendo el envejecimiento prematuro.</li><li>Resistente al agua (40 minutos).</li><li>Sus pigmentos de óxido de hierro encapsulados se liberan y florecen adaptándose al tono natural de la piel y restauran la luminosidad.</li><li>Disponible en varios tonos flexibles, adecuados para una variedad de matices dentro de cada rango de tonos.</li><li>Ofrece una cobertura de color media para unificar inmediatamente el tono de la piel con un acabado semimate natural.</li><li>Ingredientes activos 100% minerales, libres de químicos.</li><li>Probado dermatológicamente, no comedogénico, hipoalergénico y apto para pieles sensibles.</li><li>Libre de parabenos, sulfatos, ftalatos, aceite, colorantes y fragancias.</li></ul>",Colorescience,"Óxido de Zinc: 12%","Protectores solares","Face Shield","<p>Un protector solar mineral ligero con cobertura de color tono inmediato que unifica el tono de la piel para un aspecto impecable. Esta fórmula hidratante, rica en antioxidantes y con activos totalmente minerales, está potenciada por la tecnología patentada EnviroScreen® — lo que significa una defensa integral contra UVA/UVB, luz azul, contaminación y radiación infrarroja, combinada con antioxidantes avanzados e ingredientes nutritivos e hidratantes para la salud a largo plazo de la piel.</p><p>FLEX cuenta con pigmentos innovadores de óxido de hierro que se activan al contacto con tus dedos para ofrecer una cobertura de color adaptable y construible con un acabado demi-mate.</p><p>Disponible en seis tonos únicos y flexibles, cada uno ideal para una amplia gama de tonos y subtonos de piel. Seguro para todo tipo de piel, incluyendo piel sensible.</p><p>Si no estás seguro entre dos tonos, te recomendamos seleccionar el tono más claro.</p>","Aplica en tus dedos, frota suavemente y observa cómo los pigmentos de óxido de hierro encapsulados se liberan y florecen en las yemas de tus dedos. Una vez que la fórmula ya no sea blanca, aplícala uniformemente en el rostro. Termina con una sola capa para un acabado natural impecable, o aplica otra capa o dos para una cobertura más completa. CONSEJO PROFESIONAL: Para una apariencia protegida y perfeccionada, aplica FLEX en todo el rostro para obtener un lienzo impecable y luego usa Glow para resaltar los puntos altos y Bronze para contornear.","Face Shield",813419027403,10.0000
000369777,"Total Protection Color Balm SPF 50",colorescience-total-protection-color-balm-spf-50-pink-sky-cls-000369777,https://ultrafemme.com/media/catalog/product/3/6/369777_813419028134_01_c0b3.jpg,"Rubor con protector solar","Todo tipo de piel",,979.000000,,"<ul><li>Protección solar de amplio espectro SPF 50 / PA ++++</li><li>Resistente al agua / sudor (40 minutos).</li><li>Hidrata y acondiciona para labios de apariencia más saludable.</li><li>Proporciona protección ambiental contra los rayos UVA / UVB, la contaminación, la luz azul y la radiación infrarroja.</li><li>Probado por dermatólogos, hipoalergénico, no comedogénico.</li><li>Libre de parabenos, sulfatos, ftalatos, aceite, gluten, colorantes y fragancias</li></ul>",Colorescience,"Oxido de zinc 12,5% Lipochroman, Bisabolol, Physavie, Ésteres de jojoba,Escualano vegetal","Protectores solares","Color Balm","<p>Protege e hidrata labios, mejillas y párpados con un toque de color. Cada tono está diseñado con nuestra EnviroScreen® Technology para ofrecer protección mineral completa contra agresores ambientales.</p>","Aplica generosamente en labios y/o mejillas. Para un color suave, usa las yemas de los dedos para aplicar el color ligeramente sobre la piel. Para obtener un color más completo, aplica directamente sobre la piel o aplica una capa según sea necesario. Vuelva a aplicar al menos cada dos horas. Puedes mezclar tonos para crear estilos personalizados con una protección total incomparable.","Color Balm",813419028134,5.0000
000369778,"Total Protection Color Balm SPF 50",colorescience-total-protection-color-balm-spf-50-violet-haze-cls-000369778,https://ultrafemme.com/media/catalog/product/3/6/369778_813419028141_01_f4a4.jpg,"Rubor con protector solar","Todo tipo de piel",,979.000000,,"<ul><li>Protección solar de amplio espectro SPF 50 / PA ++++</li><li>Resistente al agua / sudor (40 minutos).</li><li>Hidrata y acondiciona para labios de apariencia más saludable.</li><li>Proporciona protección ambiental contra los rayos UVA / UVB, la contaminación, la luz azul y la radiación infrarroja.</li><li>Probado por dermatólogos, hipoalergénico, no comedogénico.</li><li>Libre de parabenos, sulfatos, ftalatos, aceite, gluten, colorantes y fragancias</li></ul>",Colorescience,"Oxido de zinc 12,5% Lipochroman, Bisabolol, Physavie, Ésteres de jojoba,Escualano vegetal","Protectores solares","Color Balm","<p>Protege e hidrata labios, mejillas y párpados con un toque de color. Cada tono está diseñado con nuestra EnviroScreen® Technology para ofrecer protección mineral completa contra agresores ambientales.</p>","Aplica generosamente en labios y/o mejillas. Para un color suave, usa las yemas de los dedos para aplicar el color ligeramente sobre la piel. Para obtener un color más completo, aplica directamente sobre la piel o aplica una capa según sea necesario. Vuelva a aplicar al menos cada dos horas. Puedes mezclar tonos para crear estilos personalizados con una protección total incomparable.","Color Balm",813419028141,2.0000
000369769,"Face Shield Flex SPF 50",colorescience-face-shield-flex-spf-50-medium-cls-000369769,https://ultrafemme.com/media/catalog/product/3/6/369769_813419027380_01_45dd.jpg,"Base con protector solar","Todo tipo de piel",,1539.000000,,"<ul><li>Amplio espectro SPF50/PA +++</li><li>Se adapta al color de tu piel al frotar y deslizar sobre la piel, unificando el tono y difuminando imperfecciones de manera inmediata.</li><li>Formulado con la exclusiva tecnología EnviroScreen ™ de Colorescience, que brinda una protección totalmente mineral contra los agresores ambientales como los rayos UVA / UVB, la contaminación, la luz azul y la radiación infrarroja.</li><li>Es hidratante y rico en antioxidantes que nutren y protegen contra los radicales libres previniendo el envejecimiento prematuro.</li><li>Resistente al agua (40 minutos).</li><li>Sus pigmentos de óxido de hierro encapsulados se liberan y florecen adaptándose al tono natural de la piel y restauran la luminosidad.</li><li>Disponible en varios tonos flexibles, adecuados para una variedad de matices dentro de cada rango de tonos.</li><li>Ofrece una cobertura de color media para unificar inmediatamente el tono de la piel con un acabado semimate natural.</li><li>Ingredientes activos 100% minerales, libres de químicos.</li><li>Probado dermatológicamente, no comedogénico, hipoalergénico y apto para pieles sensibles.</li><li>Libre de parabenos, sulfatos, ftalatos, aceite, colorantes y fragancias.</li></ul>",Colorescience,"Óxido de Zinc: 12%","Protectores solares","Face Shield","<p>Un protector solar mineral ligero con cobertura de color tono inmediato que unifica el tono de la piel para un aspecto impecable. Esta fórmula hidratante, rica en antioxidantes y con activos totalmente minerales, está potenciada por la tecnología patentada EnviroScreen® — lo que significa una defensa integral contra UVA/UVB, luz azul, contaminación y radiación infrarroja, combinada con antioxidantes avanzados e ingredientes nutritivos e hidratantes para la salud a largo plazo de la piel.</p><p>FLEX cuenta con pigmentos innovadores de óxido de hierro que se activan al contacto con tus dedos para ofrecer una cobertura de color adaptable y construible con un acabado demi-mate.</p><p>Disponible en seis tonos únicos y flexibles, cada uno ideal para una amplia gama de tonos y subtonos de piel. Seguro para todo tipo de piel, incluyendo piel sensible.</p><p>Si no estás seguro entre dos tonos, te recomendamos seleccionar el tono más claro.</p>","Aplica en tus dedos, frota suavemente y observa cómo los pigmentos de óxido de hierro encapsulados se liberan y florecen en las yemas de tus dedos. Una vez que la fórmula ya no sea blanca, aplícala uniformemente en el rostro. Termina con una sola capa para un acabado natural impecable, o aplica otra capa o dos para una cobertura más completa. CONSEJO PROFESIONAL: Para una apariencia protegida y perfeccionada, aplica FLEX en todo el rostro para obtener un lienzo impecable y luego usa Glow para resaltar los puntos altos y Bronze para contornear.","Face Shield",813419027380,48.0000
000369763,"Total Protection Brush-On Shield SPF 50",colorescience-total-protection-brush-on-shield-spf-50-fair-cls-000369763,https://ultrafemme.com/media/catalog/product/3/6/369763_813419023887_01_329e.jpg,"Polvo con protector solar","Todo tipo de piel",,1529.000000,,"<<ul><li>Polvo de cobertura y textura ligera.</li><li>Activos de protección solar minerales libres de químicos.</li><li>Fórmula hidratante y rica en antioxidantes.</li><li>De fácil aplicación y re-aplicación, gracias a su brocha portátil.</li><li>Cerdas antimicrobiales que mantienen la frescura de la brocha.</li><li>Protección solar de amplio espectro SPF 50/PA++++</li><li>Resistente al agua y sudor (80 min.)</li><li>Dermatológicamente recomendada, hipoalergénica y no comedogénica.</li></ul>",Colorescience,"Dióxido de Titanio 23,9% y Óxido de Zinc 24,1%","Protectores solares","Brush-On Shield","<p>Impulsado por la tecnología EnviroScreen®, este protector solar en polvo con activos minerales ofrece protección completa en un práctico y fácil de aplicar y reaplicar pincel para llevar contigo. Usa este polvo solo o sobre el maquillaje para una protección diaria con SPF 50. Además, es resistente al agua y al sudor hasta por 80 minutos y va más allá de la protección UV, ofreciendo defensa contra la luz azul (HEV), la contaminación y el infrarrojo para prevenir signos prematuros de envejecimiento y daños en la piel.</p><p>Infundido con ácido hialurónico para restaurar y reforzar la hidratación de la piel, y una poderosa mezcla de antioxidantes que brinda defensa contra la contaminación y la formación de radicales libres, la piel no solo está protegida, sino también nutrida con cada aplicación.</p><p>Esta fórmula no comedogénica, hipoalergénica, con óxido de zinc y hierro ha sido probada y recomendada por dermatólogos como segura para su uso en piel sensible.</p>","Deslizar la brocha sobre la cara y/o cuerpo para liberar y aplicar el polvo. Realizar pequeños trazos circulares para liberar más polvo para una mayor cobertura. Aplicar de manera generosa y uniforme. Volver a aplicar al menos cada dos horas y use un protector solar resistente al agua si está nadando o sudando. Aplicar sobre protector solar diario UV Protector SPF 30 para obtener mejores resultados. Para niños menores de 6 meses de edad, consulte a un médico.","Brush-On Shield",813419023887,7.0000
000369775,"Total Protection Color Balm SPF 50",colorescience-total-protection-color-balm-spf-50-blush-cls-000369775,https://ultrafemme.com/media/catalog/product/3/6/369775_813419026697_01_e328.jpg,"Rubor con protector solar","Todo tipo de piel",,979.000000,,"<ul><li>Protección solar de amplio espectro SPF 50 / PA ++++</li><li>Resistente al agua / sudor (40 minutos).</li><li>Hidrata y acondiciona para labios de apariencia más saludable.</li><li>Proporciona protección ambiental contra los rayos UVA / UVB, la contaminación, la luz azul y la radiación infrarroja.</li><li>Probado por dermatólogos, hipoalergénico, no comedogénico.</li><li>Libre de parabenos, sulfatos, ftalatos, aceite, gluten, colorantes y fragancias</li></ul>",Colorescience,"Oxido de zinc 12,5% Lipochroman, Bisabolol, Physavie, Ésteres de jojoba,Escualano vegetal","Protectores solares","Color Balm","<p>Protege e hidrata labios, mejillas y párpados con un toque de color. Cada tono está diseñado con nuestra EnviroScreen® Technology para ofrecer protección mineral completa contra agresores ambientales.</p>","Aplica generosamente en labios y/o mejillas. Para un color suave, usa las yemas de los dedos para aplicar el color ligeramente sobre la piel. Para obtener un color más completo, aplica directamente sobre la piel o aplica una capa según sea necesario. Vuelva a aplicar al menos cada dos horas. Puedes mezclar tonos para crear estilos personalizados con una protección total incomparable.","Color Balm",813419026697,7.0000
000369763-000369763,"Total Protection Brush-On Shield SPF 50",colorescience-total-protection-brush-on-shield-spf-50,https://ultrafemme.com/media/catalog/product/3/6/369763_813419023887_01_329e.jpg,"Polvo con protector solar","Todo tipo de piel",,,,"<<ul><li>Polvo de cobertura y textura ligera.</li><li>Activos de protección solar minerales libres de químicos.</li><li>Fórmula hidratante y rica en antioxidantes.</li><li>De fácil aplicación y re-aplicación, gracias a su brocha portátil.</li><li>Cerdas antimicrobiales que mantienen la frescura de la brocha.</li><li>Protección solar de amplio espectro SPF 50/PA++++</li><li>Resistente al agua y sudor (80 min.)</li><li>Dermatológicamente recomendada, hipoalergénica y no comedogénica.</li></ul>",Colorescience,"Dióxido de Titanio 23,9% y Óxido de Zinc 24,1%","Protectores solares","Brush-On Shield","<p>Impulsado por la tecnología EnviroScreen®, este protector solar en polvo con activos minerales ofrece protección completa en un práctico y fácil de aplicar y reaplicar pincel para llevar contigo. Usa este polvo solo o sobre el maquillaje para una protección diaria con SPF 50. Además, es resistente al agua y al sudor hasta por 80 minutos y va más allá de la protección UV, ofreciendo defensa contra la luz azul (HEV), la contaminación y el infrarrojo para prevenir signos prematuros de envejecimiento y daños en la piel.</p><p>Infundido con ácido hialurónico para restaurar y reforzar la hidratación de la piel, y una poderosa mezcla de antioxidantes que brinda defensa contra la contaminación y la formación de radicales libres, la piel no solo está protegida, sino también nutrida con cada aplicación.</p><p>Esta fórmula no comedogénica, hipoalergénica, con óxido de zinc y hierro ha sido probada y recomendada por dermatólogos como segura para su uso en piel sensible.</p>","Deslizar la brocha sobre la cara y/o cuerpo para liberar y aplicar el polvo. Realizar pequeños trazos circulares para liberar más polvo para una mayor cobertura. Aplicar de manera generosa y uniforme. Volver a aplicar al menos cada dos horas y use un protector solar resistente al agua si está nadando o sudando. Aplicar sobre protector solar diario UV Protector SPF 30 para obtener mejores resultados. Para niños menores de 6 meses de edad, consulte a un médico.","Brush-On Shield",,13.0000
000369766-000369766,"Sunforgettable Total Protection SPF 30",colorescience-sunforgettable-total-protection-spf-30,https://ultrafemme.com/media/catalog/product/3/6/369766_813419027151_01_bd5a.jpg,"Polvo con protector solar","Todo tipo de piel",,,,"Brocha con protector solar mineral en polvo con factor SPF 30 para un acabado mate. Formulado con la tecnología EnviroScreen ™ para brindar protección contra agresores ambientales como UVA / UVB, contaminación, luz azul y radiación infrarroja (IR). Un polvo ligero y traslucido que absorbe el exceso de grasa y minimiza la apariencia de los poros, para una sensación limpia y fresca. Ideal para piel grasa con tendencia al acné, para una aplicación práctica sobre la marcha.",Colorescience,"Óxido de Zinc: 22.5%, Extracto de Musgo, Ácido Hialurónico, Extracto de Semilla de Uva","Protectores solares","Brush-On Shield","<p>Este polvo translúcido y ligero absorbe el exceso de grasa y minimiza la apariencia de los poros, dejando la piel limpia y fresca.</p><p>Diseñados con la tecnología Enviroscreen®, los pinceles Colorescience Sunforgettable® ofrecen protección ambiental con activos minerales para piel grasa y propensa a imperfecciones en una aplicación práctica y fácil de llevar.</p>","Deslizar la brocha sobre la cara y/o cuerpo para liberar y aplicar el polvo. Realizar pequeños trazos circulares para liberar más polvo para una mayor cobertura. Aplicar de manera generosa y uniforme. Volver a aplicar al menos cada dos horas y use un protector solar resistente al agua si está nadando o sudando. Aplicar sobre protector solar diario UV Protector SPF 30 para obtener mejores resultados. Para niños menores de 6 meses de edad, consulte a un médico.","Brush-On Shield",,6.0000
000369767-000369767,"Sunforgettable Total Protection SPF 50",colorescience-sunforgettable-total-protection-spf-50,https://ultrafemme.com/media/catalog/product/3/6/369767_813419023573_01_b931.jpg,"Polvo con protector solar","Todo tipo de piel",,,,"Brocha con protector solar mineral en polvo con factor SPF 30 para un acabado mate. Formulado con la tecnología EnviroScreen ™ para brindar protección contra agresores ambientales como UVA / UVB, contaminación, luz azul y radiación infrarroja (IR). Un polvo ligero y traslucido que absorbe el exceso de grasa y minimiza la apariencia de los poros, para una sensación limpia y fresca. Ideal para piel grasa con tendencia al acné, para una aplicación práctica sobre la marcha.",Colorescience,"Dióxido de titanio 22.5% y óxido de zinc 22.5%","Protectores solares","Brush-On Shield","<p style=""text-align: justify;"">Protección total en brocha® y un brillo perlado suave. Realza tu complexión con luminosidad en todo el rostro o destaca los puntos altos mientras proteges y nutres la piel.</p><p style=""text-align: justify;"">Impulsados por la exclusiva tecnología EnviroScreen®, los brochas Colorescience Sunforgettable® ofrecen protección contra agresores ambientales como UVA/UVB, contaminación, luz azul y radiación infrarroja. Ingredientes patentados y un polvo mineral rico en antioxidantes protegen contra los radicales libres que contribuyen al daño de la piel, mientras que el ácido hialurónico hidrata para una piel flexible. Protección ambiental y un brillo saludable desde el interior, dondequiera que vayas.</p>","Deslizar la brocha sobre la cara y/o cuerpo para liberar y aplicar el polvo. Realizar pequeños trazos circulares para liberar más polvo para una mayor cobertura. Aplicar de manera generosa y uniforme. Volver a aplicar al menos cada dos horas y use un protector solar resistente al agua si está nadando o sudando. Aplicar sobre protector solar diario UV Protector SPF 30 para obtener mejores resultados. Para niños menores de 6 meses de edad, consulte a un médico.","Brush-On Shield",,7.0000
000369768-000369768,"Face Shield Flex SPF 50",colorescience-face-shield-flex-spf-50,https://ultrafemme.com/media/catalog/product/3/6/369768_813419027366_01_c548.jpg,"Base con protector solar","Todo tipo de piel",,,,"<ul><li>Amplio espectro SPF50/PA +++</li><li>Se adapta al color de tu piel al frotar y deslizar sobre la piel, unificando el tono y difuminando imperfecciones de manera inmediata.</li><li>Formulado con la exclusiva tecnología EnviroScreen ™ de Colorescience, que brinda una protección totalmente mineral contra los agresores ambientales como los rayos UVA / UVB, la contaminación, la luz azul y la radiación infrarroja.</li><li>Es hidratante y rico en antioxidantes que nutren y protegen contra los radicales libres previniendo el envejecimiento prematuro.</li><li>Resistente al agua (40 minutos).</li><li>Sus pigmentos de óxido de hierro encapsulados se liberan y florecen adaptándose al tono natural de la piel y restauran la luminosidad.</li><li>Disponible en varios tonos flexibles, adecuados para una variedad de matices dentro de cada rango de tonos.</li><li>Ofrece una cobertura de color media para unificar inmediatamente el tono de la piel con un acabado semimate natural.</li><li>Ingredientes activos 100% minerales, libres de químicos.</li><li>Probado dermatológicamente, no comedogénico, hipoalergénico y apto para pieles sensibles.</li><li>Libre de parabenos, sulfatos, ftalatos, aceite, colorantes y fragancias.</li></ul>",Colorescience,"Óxido de Zinc: 12%","Protectores solares","Face Shield","<p>Un protector solar mineral ligero con cobertura de color tono inmediato que unifica el tono de la piel para un aspecto impecable. Esta fórmula hidratante, rica en antioxidantes y con activos totalmente minerales, está potenciada por la tecnología patentada EnviroScreen® — lo que significa una defensa integral contra UVA/UVB, luz azul, contaminación y radiación infrarroja, combinada con antioxidantes avanzados e ingredientes nutritivos e hidratantes para la salud a largo plazo de la piel.</p><p>FLEX cuenta con pigmentos innovadores de óxido de hierro que se activan al contacto con tus dedos para ofrecer una cobertura de color adaptable y construible con un acabado demi-mate.</p><p>Disponible en seis tonos únicos y flexibles, cada uno ideal para una amplia gama de tonos y subtonos de piel. Seguro para todo tipo de piel, incluyendo piel sensible.</p><p>Si no estás seguro entre dos tonos, te recomendamos seleccionar el tono más claro.</p>","Aplica en tus dedos, frota suavemente y observa cómo los pigmentos de óxido de hierro encapsulados se liberan y florecen en las yemas de tus dedos. Una vez que la fórmula ya no sea blanca, aplícala uniformemente en el rostro. Termina con una sola capa para un acabado natural impecable, o aplica otra capa o dos para una cobertura más completa. CONSEJO PROFESIONAL: Para una apariencia protegida y perfeccionada, aplica FLEX en todo el rostro para obtener un lienzo impecable y luego usa Glow para resaltar los puntos altos y Bronze para contornear.","Face Shield",,73.0000
000369771-000369771,"Tint Du Soleil SPF 30",colorescience-tint-du-soleil-spf-30,https://ultrafemme.com/media/catalog/product/3/6/369771_813419021371_01_7096.jpg,"Base con protector solar","Todo tipo de piel",,,,"<ul><li>Se funde naturalmente en la piel para un brillo perfecto y saludable.</li><li>Proporciona protección solar física.</li><li>Deja un acabado húmedo.</li><li>Resistente al agua durante 40 minutos.</li></ul>",Colorescience,"Péptidos, Complejo multivitamínico, Ceramidas y lípidos de leche.","Protectores solares","Tint Du Soleil","<p style=""text-align: justify;"">La base se une al cuidado de la piel. Trata tu piel para lograr un tono más uniforme mientras la nutres y fortaleces con ingredientes efectivos. Tint Du Soleil® Whipped Mineral Foundation ofrece una cobertura ligera que difumina imperfecciones, unifica el tono de la piel y deja una sensación sedosa.</p><p style=""text-align: justify;"">Reabastece la piel con ceramidas y lípidos que brindan hidratación reconfortante, mientras que los péptidos que estimulan el colágeno y un complejo multivitamínico trabajan para mejorar la salud de la piel con cada aplicación. Protege contra el sol y la exposición ambiental que causan el envejecimiento de la piel con óxido de zinc y dióxido de titanio minerales, que ofrecen una defensa SPF 30.</p>","Aplicar dos bombas sobre el rostro de manera uniforme para una cobertura pura a media antes de la exposición solar. Para una cobertura más completa, se puede necesitar de bombas adicionales.","Tint Du Soleil",,23.0000
000369774-000369774,"Total Protection Color Balm SPF 50",colorescience-total-protection-color-balm-spf-50,https://ultrafemme.com/media/catalog/product/3/6/369774_813419026673_01_61eb.jpg,"Rubor con protector solar","Todo tipo de piel",,,,"<ul><li>Protección solar de amplio espectro SPF 50 / PA ++++</li><li>Resistente al agua / sudor (40 minutos).</li><li>Hidrata y acondiciona para labios de apariencia más saludable.</li><li>Proporciona protección ambiental contra los rayos UVA / UVB, la contaminación, la luz azul y la radiación infrarroja.</li><li>Probado por dermatólogos, hipoalergénico, no comedogénico.</li><li>Libre de parabenos, sulfatos, ftalatos, aceite, gluten, colorantes y fragancias</li></ul>",Colorescience,"Oxido de zinc 12,5% Lipochroman, Bisabolol, Physavie, Ésteres de jojoba,Escualano vegetal","Protectores solares","Color Balm","<p>Protege e hidrata labios, mejillas y párpados con un toque de color. Cada tono está diseñado con nuestra EnviroScreen® Technology para ofrecer protección mineral completa contra agresores ambientales.</p>","Aplica generosamente en labios y/o mejillas. Para un color suave, usa las yemas de los dedos para aplicar el color ligeramente sobre la piel. Para obtener un color más completo, aplica directamente sobre la piel o aplica una capa según sea necesario. Vuelva a aplicar al menos cada dos horas. Puedes mezclar tonos para crear estilos personalizados con una protección total incomparable.","Color Balm",,24.0000
000336789,"Advanced Night Repair Synchronized Multi-Recovery Complex 15 ml",estee-lauder-advanced-night-repair-synchronized-multi-recovery-complex-15-ml-000336789,https://ultrafemme.com/media/catalog/product/3/3/336789_887167574960_01_4775.jpg,"Suero antiedad","Todo tipo de piel",,829.000000,,"No mancha la piel, protege todo el día.
Repara el daño del medio ambiente, produce colágeno.
Después de una botella 92% de las mujeres notan una piel más firme y saludable.","Estee Lauder","Water\Aqua\Eau, Bifida Ferment Lysate, Peg-8, Propanediol, Bis-Peg-18 Methyl Ether Dimethyl Silane, Methyl Gluceth-20, Glycereth-26, Peg-75, Butylene Glycol, Adansonia Digitata Seed Extract, Tripeptide-32, Sodium Hyaluronate, Yeast Extract\Faex\Extrait De Levure, Lactobacillus Ferment, Cola Acuminata (Kola) Seed Extract, Anthemis Nobilis (Chamomile) Flower Extract, Hydrolyzed Algin, Pantethine, Caffeine, Lecithin, Sodium Rna, Bisabolol, Squalane, Glycerin, Oleth-3 Phosphate, Caprylyl Glycol, Oleth-3, Oleth-5, Choleth-24, Hydrogenated Lecithin, Jojoba Wax Peg-120 Esters, Ceteth-24, Tocopheryl Acetate, Carbomer, Triethanolamine, Tetrasodium Edta, Bht, Xanthan Gum, Potassium Sorbate, Disodium Edta, Phenoxyethanol, Red 4 (Ci 14700), Yellow 5 (Ci 19140) <ILN47580>",Sueros,"Advanced Night Repair","Advanced Night Repair es un suero que marca una nueva era y por medio de quien Estée Lauder ha transformado el cuidado de la piel. 

Con su tecnología Chronolux Power Signal tu piel tendrá una reparación rápida gracias a su poder regenerador de juventud que aumenta la proliferación natural de células nuevas y colágeno.","Aplícalo sobre tu rostro con la piel limpia antes de tu hidratante, AM y PM.","Advanced Night Repair",887167574960,4.0000
000364162,"Future Solution LX Total Regenerating Cream 50 ml",shiseido-future-solution-lx-total-regenerating-cream-50-ml-000364162,https://ultrafemme.com/media/catalog/product/3/6/364162_729238212640_01_c939.jpg,"Crema reafirmante",,,6219.000000,,"<ul><li>Ayuda a mejorar la función protectora de la piel y proporciona poderosos beneficios de iluminación.</li><li>Reafirma, tensa y renueva visiblemente la piel.</li><li>Ayuda a restaurar la función de la piel mientras está naturalmente en reposo, lo que optimiza la recuperación durante la noche.</li><li>Ayuda a reforzar el colágeno y a atenuar visiblemente las arrugas gracias a sus potentes péptidos.</li><li>Formulada con súper ácido hialurónico para proporcionar hidratación por 24 horas</li><li>Incluye bandeja de tela especial tatami-beri, utilizada para proteger y reforzar el borde del tatami, una rica pieza de la tradición japonesa.</li><li>Sometido a pruebas dermatológicas. No comedogénico.</li></ul>",Shiseido,"AGUA (AQUA/EAU)･DIPROPILENGLICOL･GLICOL BUTILENO･GLICERINA･XILITOL･ACIDO PROPIÓNICO Y PIPERIDINA･PETROLATO･ACEITE MINERAL (PARAFFINUM LIQUIDUM/HUILE MINERALE)･DIMETICONA･TRIETILHEXANOÍNA･MIRISTATO DE MIRISTILO･TRIMETICONO DE FENILO DE DIFENIL SILOXIA･ALCOHOL BEHENÍLICO･BEHENETH-20･ALCOHOL ESTEARÍLICO･MALATO DE DIISOSTEARYL･HEXA-HIDROXI-ESTEARATO DIPENTAERITRITIL･FITOSTEROL/GLUTAMATO OCTILDODECIL LAURIL･PEG/PPG-17/4 ÉTER DIMETIL･CARNOSINA･ACETATO DE TOCOFEROL･GOMA XANTANA･ÁCIDO ASCÓRBICO DE ETILO 2-O･EXTRACTO DE HOJA/TALLO DE ISODONIS JAPONICUS･EXTRACTO DE HOJA DE PRUNUS SPECIOSA･EXTRACTO DE RAÍZ DE LIRIO･EXTRACTO DE RAÍZ DE SANGUISORBA OFFICINALIS･EXTRACTO DE HOJA DE CAMELLIA SINENSIS･EXTRACTO DE RAÍZ DE GLYCYRRHIZA GLABRA (REGALIZ)･EXTRACTO DE FRUTAS DE HIBISCUS ESCULENTUS･EXTRACTO DE RAÍZ DE ANGÉLICA ACUTILOBA･EXTRACTO DE FRUTA DE CHAENOMELES SINENSIS･HIALURONATO ACETILADO DE SODIO･POLISACÁRIDO DE FUCIFORMIS TREMELLA･EXTRACTO DE HOUTTUYNIA CORDATA･EXTRACTO DE HOJA DE ROSMARINUS OFFICINALIS (ROMERO) (EXTRACTO DE HOJA DE ROSMARINUS OFFICINALIS)･EXTRACTO DE RAÍZ DE BUPLEURUM FALCATUM･EXTRACTO DE HOJAS DE PRUNUS PERSICA (MELOCOTÓN) ･HIDROLIZADO DE SEDA･CERA MICROCRISTALLINA(CERA MICROCRISTALLINA/CIRE MICROCRISTALLINE)･ALCOHOL BATÍLICO･ESTEARATO DE GLICERILO SE･ACRILATO DE SODIO/COPOLÍMERO DE TAURATO DE ACRILOIDIMETILO DE SODIO･ACEITE DE PALMA HIDROGENADO･ISOHEXADECANO･ACEITE DE PALMA ELAEIS GUINEENSIS･ACEITE ELAEIS GUINEENSIS (DE PALMA)･CITRATO DE SODIO･POLISORBATO 80･TAURATO ESTEAROIL METIL DE SODIO･BHT･EDTA TRISÓDICO･ALCOHOL･METABISULFITO DE SODIO･ÁCIDO CÍTRICO･OLEATO DE SORBITÁN･LINALOL･LIMONENO･METAFOSFATO DE SODIO･CITRONELOL･GERANIOL･ALFA ISOMETIL IONONA･BENZIL BENZOATO･TOCOFEROL･FENOXIETANOL･FRAGANCIA (PERFUME)･ÓXIDOS DE HIERRO (CI 77492)･ÓXIDOS DE HIERRO (CI 77491).",Cremas,,"<p>Despiértate y encuentra una piel elástica con esta espléndida crema de noche antienvejecimiento que mejora visiblemente la pérdida de elasticidad, las arrugas, la opacidad y los poros.</p><p>Inspirada por 40 años de investigaciones genéticas, esta hidratante para el rostro proporciona un cuidado antienvejecimiento excepcional. Comprobado clínicamente para mejorar 6 signos de envejecimiento (flacidez, arrugas, firmeza, volumen, elasticidad e iluminación) en 1 semana.</p>",,,729238212640,10.0000
000363473,"Even Better Clinical Dark Spot Clearing Serum",clinique-even-better-clinical-dark-spot-clearing-serum-30-ml-000363473,https://ultrafemme.com/media/catalog/product/3/6/363473_192333166925_01_573b.jpg,"Suero antimanchas","Todo tipo de piel",,1089.000000,,"Reducción de enrojecimiento",Clinique,"Water Aqua Eau, Dimethicone, Isododecane, Yeast Extract Faex Extrait De Levure, Butylene Glycol, Polysilicone-11, Niacinamide, Ascorbyl Glucoside, Peg-10 Dimethicone, Peg-6, Acetyl Glucosamine, Glycerin, Sodium Hyaluronate, Squalane, Cholesterol, Helianthus Annuus (sunflower) Seed Extract, Trametes Versicolor Extract, Glycyrrhiza Glabra (licorice) Root Extract, Hordeum Vulgare Extract Extrait D'orge, Oryza Sativa (rice) Bran Extract, Triticum Vulgare (wheat) Germ Extract, Cucumis Sativus (cucumber) Fruit Extract, Camellia Sinensis Leaf Extract, Caffeine, Salicylic Acid, Isohexadecane, Propylene Glycol Dicaprate, Glycyrrhetinic Acid, Dimethoxytolyl Propylresorcinol, Caprylyl Glycol, Stearamidopropyl Dimethylamine, Phosphatidylcholine, Sorbitan Oleate, Polysorbate 20, Polysorbate 80, Stearic Acid, Hexylene Glycol, Tromethamine, Citric Acid, Acrylamide/sodium Acryloyldimethyltaurate Copolymer, Ammonium Acryloyldimethyltaurate/vp Copolymer, Tocopheryl Acetate, Magnesium Ascorbyl Phosphate, Bht, Sodium Citrate, Disodium Edta, Nylon-12, Phenoxyethanol",Sueros,"Even Better Clinical","Combate las manchas oscuras más difíciles. Reduce visiblemente las manchas oscuras más rebeldes, incluidas las manchas solares, las manchas causadas por la edad y las marcas de granos. Ayuda a prevenir futuras manchas oscuras. Ayuda a calmar la piel del efecto de los irritantes ambientales que pueden desencadenar la futura hiperpigmentación. Ofrece resultados visibles. La piel luce más luminosa y radiante, con un tono más uniforme. Textura agradable. Su fórmula ligera y sin aceites se absorbe rápidamente.","<ul><li>Utiliza nuestro sérum para tratar las manchas oscuras dos veces al día, mañana y noche.</li><li>Dispensa 1 o 2 dosis en la yema de los dedos.</li><li>Extiende el sérum por todo el rostro evitando el contorno de ojos.</li><li>A continuación, aplica una crema hidratante.</li><li>El protector solar diario es imprescindible. Aplícalo por la mañana después de la hidratante.</li></ul>","Even Better Clinical",192333166925,8.0000
000044993,"Clarifying Lotion 1",clinique-clarifying-lotion-1-400-ml-000044993,https://ultrafemme.com/media/catalog/product/4/4/44993_20714462710_01_a5c5.jpg,"Loción limpiadora",Seca,,739.000000,,"<ul><li>La fórmula suave y refrescante marca la diferencia para una piel sana. Elimina la contaminación, suciedad, piel muerta dejando una piel más lisa y clara.</li><li>Deja fresca tu piel gracias a la fórmula que incluye Hamamelis, un purificante que deja la piel limpia y refrescada.</li><li>Prepara la piel para el hidratante - exfoliar la piel hace que la piel sea más receptiva a los hidratantes y tratamientos.</li><li>Para pieles más grasas, la exfoliación dos veces al día ayuda a minimizar el exceso de grasa en la piel y deja los poros limpios.</li><li>Para pieles más secas, la exfoliación dos veces al día ayuda a remover la piel muerta que pueden obstruir la absorción de la humedad. Incluso, ayuda a disminuir las finas líneas.</li></ul>",Clinique,"Water\Aqua\Eau, Alcohol Denat., Glycerin, Butylene Glycol, Hamamelis Virginiana (Witch Hazel), Trehalose, Salicylic Acid, Acetyl Glucosamine, Sodium Hyaluronate, Sodium Hydroxide, Tetrahydroxypropyl Ethylenediamine, Disodium Edta, Phenoxyethanol, Benzophenone-4, Yellow 5 (Ci 19140), Blue 1 (Ci 42090) <ILN37003>",Lociones,,"Fórmula desarrollada por dermatólogos que revela una piel más suave y saludable. Remueve las células muertas para que el hidratante actúe con más eficacia. Para tipo de piel muy seca.",,,20714462710,13.0000
000372045,"Skin Euphoria Daily Skin Perfecting Face Serum 30 ml",bliss-skin-euphoria-daily-skin-perfecting-face-serum-30-ml-000372045,https://ultrafemme.com/media/catalog/product/3/7/372045_651043300277_01_86c5.jpg,"Suero hidratante","Todo tipo de piel",,539.000000,,,Bliss,"AQUA / WATER / EAU, SALIX ALBA (WILLOW) BARK WATER, SQUALANE, PROPANEDIOL, SODIUM POTASSIUM ALUMINUM SILICATE, NIACINAMIDE, DIGLYCERIN, TOCOPHEROL, SODIUM HYALURONATE, BAKUCHIOL, AZELAIC ACID, AVENA SATIVA (OAT) KERNEL EXTRACT, EPILOBIUM ANGUSTIFOLIUM FLOWER/LEAF/STEM EXTRACT, PALMITOYL TRIPEPTIDE-5, PALMITOYL TRIPEPTIDE-38, ACETYL HEXAPEPTIDE-8, HEXAPEPTIDE-9, LACTIC ACID, GLYCERIN, LACTOBACILLUS/PUMPKIN FRUIT FERMENT FILTRATE, CETEARYL OLIVATE, CERAMIDE NG, TRIDECYL TRIMELLITATE, SACCHARIDE ISOMERATE, CAPRYLYL GLYCOL, HYDROXYPROPYL CYCLODEXTRIN, UNDECANE, TRIDECANE, TRIDECYL STEARATE, NEOPENTYL GLYCOL DICAPRYLATE/DICAPRATE, POLYACRYLATE CROSSPOLYMER-6, HYDROXYETHYL ACRYLATE/SODIUM ACRYLOYLDIMETHYL TAURATE COPOLYMER, SORBITAN OLIVATE, SORBITAN ISOSTEARATE, POLYSORBATE 60, C14-22 ALCOHOLS, C12-20 ALKYL GLUCOSIDE, SILICA, HEXYLENE GLYCOL, BUTYLENE GLYCOL, SODIUM CITRATE, SODIUM PHYTATE, TETRASODIUM GLUTAMATE DIACETATE, TRISODIUM ETHYLENEDIAMINE DISUCCINATE, SODIUM METABISULFITE, PHENOXYETHANOL, ETHYLHEXYLGLYCERIN, POTASSIUM SORBATE, LEUCONOSTOC/RADISH ROOT FERMENT FILTRATE, CITRIC ACID, TITANIUM DIOXIDE (CI 77891).",Sueros,,"<p>Este super suero trata las principales preocupaciones de la piel para lograr un cutis profundamente hidratado, sedoso y cristalino. Esta fórmula concentrada pero ligera se aplica perfectamente bajo la crema hidratante y el maquillaje.</p><p><b>Ingredientes clave:</b></p><ul><li>Hidratante. Ácido Hialurónico + Escualano.</li><li>Clarificante. Niacinamida + Agua de Corteza de Sauce.</li><li>Antiedad. Bakuchiol + Péptidos.</li></ul>","Masajear sobre la piel limpia y seca por la mañana y por la noche. Evite el área de los ojos.",,651043300277,9.0000
000363474,"Even Better Clinical Dark Spot Clearing Serum",clinique-even-better-clinical-dark-spot-clearing-serum-50-ml-000363474,https://ultrafemme.com/media/catalog/product/3/6/363474_192333166932_01_8619.jpg,"Suero antimanchas","Todo tipo de piel",,1719.000000,,"Reducción de enrojecimiento",Clinique,"Water Aqua Eau, Dimethicone, Isododecane, Yeast Extract Faex Extrait De Levure, Butylene Glycol, Polysilicone-11, Niacinamide, Ascorbyl Glucoside, Peg-10 Dimethicone, Peg-6, Acetyl Glucosamine, Glycerin, Sodium Hyaluronate, Squalane, Cholesterol, Helianthus Annuus (sunflower) Seed Extract, Trametes Versicolor Extract, Glycyrrhiza Glabra (licorice) Root Extract, Hordeum Vulgare Extract Extrait D'orge, Oryza Sativa (rice) Bran Extract, Triticum Vulgare (wheat) Germ Extract, Cucumis Sativus (cucumber) Fruit Extract, Camellia Sinensis Leaf Extract, Caffeine, Salicylic Acid, Isohexadecane, Propylene Glycol Dicaprate, Glycyrrhetinic Acid, Dimethoxytolyl Propylresorcinol, Caprylyl Glycol, Stearamidopropyl Dimethylamine, Phosphatidylcholine, Sorbitan Oleate, Polysorbate 20, Polysorbate 80, Stearic Acid, Hexylene Glycol, Tromethamine, Citric Acid, Acrylamide/sodium Acryloyldimethyltaurate Copolymer, Ammonium Acryloyldimethyltaurate/vp Copolymer, Tocopheryl Acetate, Magnesium Ascorbyl Phosphate, Bht, Sodium Citrate, Disodium Edta, Nylon-12, Phenoxyethanol",Sueros,"Even Better Clinical","Combate las manchas oscuras más difíciles. Reduce visiblemente las manchas oscuras más rebeldes, incluidas las manchas solares, las manchas causadas por la edad y las marcas de granos. Ayuda a prevenir futuras manchas oscuras. Ayuda a calmar la piel del efecto de los irritantes ambientales que pueden desencadenar la futura hiperpigmentación. Ofrece resultados visibles. La piel luce más luminosa y radiante, con un tono más uniforme. Textura agradable. Su fórmula ligera y sin aceites se absorbe rápidamente.","<ul><li>Utiliza nuestro sérum para tratar las manchas oscuras dos veces al día, mañana y noche.</li><li>Dispensa 1 o 2 dosis en la yema de los dedos.</li><li>Extiende el sérum por todo el rostro evitando el contorno de ojos.</li><li>A continuación, aplica una crema hidratante.</li><li>El protector solar diario es imprescindible. Aplícalo por la mañana después de la hidratante.</li></ul>","Even Better Clinical",192333166932,88.0000
000363472,"Anti-Blemish Solutions Clinical Advanced Clearing Gel 20 ml",clinique-anti-blemish-solutions-clinical-advanced-clearing-gel-20-ml-000363472,https://ultrafemme.com/media/catalog/product/3/6/363472_192333189764_01_11d7.jpg,"Gel revitalizante","Todo tipo de piel",,679.000000,,"Control de grasa, Control de acné, Limpiadora",Clinique,"Alcohol Denat., Hamamelis Virginiana (witch Hazel) Water, Salicylic Acid, Acrylates/c10-30 Alkyl Acrylate Crosspolymer, Sucrose, Yeast Extract Faex Extrait De Levure, Laminaria Saccharina Extract, Lactobacillus Ferment, Butylene Glycol, Water Aqua Eau, Benzoic Acid, Phenoxyethanol, Potassium Sorbate",Geles,"Anti-Blemish Solutions Clinical","Fórmula avanzada para combatir las imperfecciones. Potente tratamiento tópico para las imperfecciones con un 2 % de ácido salicílico que ayuda a eliminar visiblemente los brotes de acné y a prevenir la aparición de brotes nuevos al actuar sobre la grasa que obstruye los poros y las células muertas de la piel. Calma visiblemente la piel. Ayuda a reducir visiblemente el enrojecimiento causado por la irritación.","<ul><li>Aplica por todo el rostro una fina capa dos veces al día después de la limpieza o sobre un granito específico. Evita el contorno de los ojos.</li><li>El uso de otros productos para imperfecciones tópicos al mismo tiempo o inmediatamente después de su uso puede aumentar la sequedad o irritación de la piel. Si esto ocurre, utiliza solo un producto, a menos que te lo indique un médico.</li><li>A continuación, aplica una hidratante ligera y sin aceites.</li><li>Si se produce sequedad o descamación molestas, reduce el uso a días alternos.</li></ul>","Anti-Blemish Solutions Clinical",192333189764,3.0000
000370347,"Dramatically Different Moisturizing Lotion+ SPF 50 75 ml",clinique-dramatically-different-moisturizing-lotion-spf-50-75-ml-000370347,https://ultrafemme.com/media/catalog/product/3/7/370347_192333242797_01_4356.jpg,"Locion humectante","Todo tipo de piel",,749.000000,,"Protección solar, Hidratante",Clinique,"Water Aqua Eau, Homosalate, Octocrylene, Glycerin, Ethylhexyl Salicylate, Butylene Glycol, Phenyl Trimethicone, Butyl Methoxydibenzoylmethane, Butyloctyl Salicylate, Peg-100 Stearate, Silica, Silica Silylate, Hydrogenated Lecithin, Dextrin Palmitate, Sodium Hyaluronate, Biosaccharide Gum-1, Caprylyl Glycol, Cetearyl Alcohol, Potassium Cetyl Phosphate, Hexylene Glycol, Tromethamine, Triacontanyl Pvp, Carbomer, Stearyl Alcohol, Dehydroxanthan Gum, Disodium Edta, Phenoxyethanol, Potassium Sorbate, Red 33 (ci 17200), Yellow 5 (ci 19140), Yellow 6 (ci 15985)",Lociones,"Dramatically Different","<p>Fórmula fortalecedora de la piel</p><ul><li>Fortalece la barrera de la piel para mantener una mayor hidratación y mantener a raya a los irritantes dañinos.</li><li>Hidratación instantánea durante todo el día.</li><li>Ofrece una hidratación inmediata durante todo el día, calmando la piel para que se sienta confortable.</li><li>Deja la piel suave, tersa y flexible.</li><li>Repone el equilibrio agua-aceite de la piel para una piel más saludable. Protege contra los rayos UV.</li><li>Protege contra los rayos UVA y UVB que dañan la piel.</li><li>Fórmula ligera.</li><li>Loción sedosa que se aplica fácilmente y se absorbe rápidamente. No grasa.</li><li>No deja residuos blancos.</li><li>Aplicar antes del maquillaje.</li></ul>","<ul><li>Aplicar sobre el rostro por la mañana.</li><li>Para conseguir los mejores resultados, utilízala después del jabón facial líquido y la loción clarificante.</li></ul>","Dramatically Different",192333242797,115.0000
000363504,"Re-Nutriv Ultimate Diamond Age Reversal Eye Creme 15 ml",estee-lauder-re-nutriv-ultimate-diamond-age-reversal-eye-creme-15-ml-000363504,https://ultrafemme.com/media/catalog/product/3/6/363504_887167730533_01_1a48.jpg,"Crema para contorno de ojos",,,3769.000000,,,"Estee Lauder","Water Aqua Eau, Butyrospermum Parkii (shea) Butter, Glycerin, Dimethicone, Neopentyl Glycol Diheptanoate, Dicaprylyl Carbonate, Butylene Glycol, Glyceryl Stearate, Peg-8, Propanediol, Peg-100 Stearate, Cetyl Ricinoleate, Methyl Trimethicone, Microcrystalline Wax Cera Microcristallina Cire Microcristalline, Isohexadecane, Stearyl Alcohol, Acetyl Glucosamine, Tuber Melanosporum Extract, Hydrolyzed Yeast Protein, Narcissus Tazetta Bulb Extract, Laminaria Digitata Extract, Sodium Hyaluronate, Acetyl Hexapeptide-8, Whey Protein Lactis Protein Protéine Du Petit-lait, Aminopropyl Ascorbyl Phosphate, Algae Extract, Asparagopsis Armata Extract, Hydrolyzed Rice Extract, Caffeine, Gold, Pearl Powder, Cucumis Sativus (cucumber) Fruit Extract, Trametes Versicolor Extract, Helianthus Annuus (sunflower) Seed Extract, Sigesbeckia Orientalis (st. Paul's Wort) Extract, Hydrolyzed Wheat Protein, Hordeum Vulgare Extract Extrait D'orge, Ascophyllum Nodosum Extract, Dipotassium Glycyrrhizate, Artemia Extract, Tocopherol, Tocopheryl Acetate, Propylene Glycol Dicaprate, Sorbitol, Caprylyl Glycol, Glucose, Lauryl Pca, Synthetic Fluorphlogopite, Tin Oxide, Polyethylene, Polymethylsilsesquioxane, Steareth-10, Ammonium Acryloyldimethyltaurate/beheneth-25 Methacrylate Crosspolymer, Polysorbate 80, Steareth-20, Sorbitan Oleate, Pentylene Glycol, Polysilicone-11, Acrylamide/sodium Acryloyldimethyltaurate Copolymer, C20-40 Alketh-10, Bht, Disodium Edta, Phenoxyethanol, Sodium Dehydroacetate, Sodium Benzoate, Potassium Sorbate, Mica, Titanium Dioxide (ci 77891), Iron Oxides (ci 77491)",Cremas,"Re-Nutriv Ultimate Diamond","Más de 15 años de investigación. Inspirado en la dermatología de longevidad. Con tecnología patentada de rejuvenecimiento apreciable SIRTIVITY-LP:tm. Rejuvenecimiento visible de los ojos a partir de solo 14 días.","<p>Aplica la lujosa crema antiedad para el contorno de ojos cada mañana y noche. Mejora tu experiencia con el aplicador de refrescante cerámica con punta giratoria refrescante. Después de usar, limpia el aplicador con un pañuelo de papel.</p><p>Ritual rejuvenecedor para los ojos.</p><p>Disfruta de este ritual de masaje diario con cada aplicación.</p><p>Usa el extremo plano del aplicador para aplicar una cantidad del tamaño de una perla en el contorno del ojo y, a continuación, extiéndelo a toquecitos sobre la piel.</p><ul><li>Debajo de los ojos: Pasa el aplicador giratorio por debajo de los ojos, desde el ángulo interno hasta las sienes y la parte posterior, dos veces.</li><li>Cejas: Pásalo desde el ángulo interno del ojo hasta la sien, luego pásalo alrededor de la ceja, subiendo por encima, volviendo por debajo y terminando en la sien.</li><li>Pasada final: Pásalo desde la sien hasta el ángulo interno bajo los ojos y la parte posterior. Repite en el otro ojo.</li><li>Después de usar, limpia el aplicador con un pañuelo de papel.</li></ul>","Re-Nutriv Ultimate Diamond",887167730533,31.0000
000363475,"Moisture Surge Active Glow Serum 50 ml",clinique-moisture-surge-active-glow-serum-50-ml-000363475,https://ultrafemme.com/media/catalog/product/3/6/363475_192333211779_01_59c0.jpg,"Suero humectante","Todo tipo de piel",,1219.000000,,"Iluminador, Hidratante, Exfoliante",Clinique,"Water Aqua Eau, Glycerin, Lactic Acid, Octyldodecyl Myristate, Butylene Glycol, Bis-peg-18 Methyl Ether Dimethyl Silane, Dimethicone, Ppg-24-glycereth-24, Sodium Hydroxide, Hydrogenated Lecithin, Glycereth-26, Polysorbate 80, Sodium Hyaluronate, Caffeine, Aloe Barbadensis Leaf Water, C13-14 Isoparaffin, Sodium Polyaspartate, Trehalose, Sodium Stearoyl Glutamate, Glycyrrhetinic Acid, Sucrose, Laureth-7, Xanthan Gum, Dimethicone/peg-10/15 Crosspolymer, Polyacrylamide, Tocopheryl Acetate, Magnesium Ascorbyl Phosphate, Bht, Disodium Edta, Phenoxyethanol, Potassium Sorbate, Mica, Titanium Dioxide (ci 77891), Iron Oxides (ci 77491)",Sueros,"Moisture Surge","<p>Poderosas formas de brillar.</p><ul><li>Exfolia: se ha demostrado clínicamente que estimula la renovación celular natural de la piel para revelar una piel más fresca y suave. La exfoliación ayuda a que otros ingredientes se absorban más fácilmente.</li><li>Hidrata: rellena la piel con una mejora clínica de la hidratación.</li><li>Ilumina: ayuda a potenciar la luminosidad de la piel.</li><li>Textura ligera y cremosa.</li></ul><p>Un sérum refrescante que se absorbe directamente en la piel. Se puede usar cómodamente con la crema hidratante y antes del maquillaje.</p>","<ul><li>Usar por la mañana y por la noche sobre la piel limpia. Comenzar con 3 gotas y añadir más si lo prefieres.</li><li>Usar protector solar y limitar la exposición al sol mientras se usa y la semana siguiente.</li></ul>","Moisture Surge",192333211779,30.0000
000372039,"Bright Idea Serum Vitamin C + Tri-Peptide Collagen Protecting & Brightening Serum 30 ml",bliss-bright-idea-serum-vitamin-c-tri-peptide-collagen-protecting-and-brightening-serum-30-ml-000372039,https://ultrafemme.com/media/catalog/product/3/7/372039_651043301120_01_fbe8.jpg,"Suero iluminador","Todo tipo de piel",,599.000000,,,Bliss,"AQUA / WATER / EAU, GLYCERIN, 3-O-ETHYL ASCORBIC ACID, PROPANEDIOL, PALMITOYL TRIPEPTIDE-5, SODIUM HYALURONATE, TOCOPHEROL, GLYCYRRHIZA GLABRA (LICORICE) ROOT EXTRACT, PSEUDOZYMA EPICOLA/CAMELIA JAPONICA SEED OIL FERMENT EXT FILTRATE, PSEUDOZYMA EPICOLA/CAMELLIA SINENSIS SEED OIL, GLUCOSE/YEAST EXTRACT FERMENT FILTRATE, BISABOLOL, SQUALANE, HYDROGENATED FARNESENE, HYDROXYETHYL ACRYLATE/SODIUM ACRYLOYLDIMETHYL TAURATE COPOLYMER, C14-22 ALCOHOLS, POLYACRYLATE CROSSPOLYMER-6, SODIUM CITRATE, C12-20 ALKYL GLUCOSIDE, XANTHAN GUM, CITRIC ACID, DIMETHYL ISOSORBIDE, ETHOXYDIGLYCOL, GLYCERYL STEARATE, HYDROXYACETOPHENONE, TETRASODIUM GLUTAMATE DIACETATE, CAPRYLYL GLYCOL, POLYGLYCERYL-4 LAURATE/SUCCINATE, ETHYLHEXYLGLYCERIN, ACACIA SENEGAL GUM, LECITHIN, SCLEROTIUM GUM, PULLULAN, HEXYLENE GLYCOL, PHENOXYETHANOL, PARFUM / FRAGRANCE, LIMONENE.",Sueros,,"<p>Este súper suero ilumina la piel, aumenta la elasticidad y protege contra el daño de los radicales libres para lograr resultados de brillo de siguiente nivel. Aplícalo sobre la piel 2 veces al día para obtener el máximo beneficio iluminador.</p><b><p>Ingredientes clave:</b></p><ul><li>Vitamina C (3-O-Ethyl Ascorbic Acid): La forma más efectiva y no irritante de vitamina C que visiblemente rellena, ilumina y reduce la apariencia de manchas oscuras.</li><li>Tri-Péptido: Un tripéptido señal patentado que mejora visiblemente la elasticidad natural de la piel.</li><li>Extracto de raíz de regaliz: Rico en antioxidantes y conocido por ayudar a suavizar, iluminar y proteger contra los radicales libres mientras calma la piel.</li><li>Glicerina: Este humectante calmante atrae la humedad del ambiente hacia la piel para ayudar a retener y mejorar la hidratación.</li></ul>","Para todo tipo de piel, Propenso al Acné, Combinado, Sensible, Aceitoso Propenso al Acné, Extra Sensible. Masajear sobre la piel limpia y seca por la mañana y por la noche. Evite el área de los ojos.",,651043301120,2.0000
000344882,"Clinique Smart Clinical Repair Broad Spectrum SPF 30 Wrinkle Correcting Cream 50 ml",clinique-clinique-smart-clinical-repair-broad-spectrum-spf-30-wrinkle-correcting-cream-50-ml-000344882,https://ultrafemme.com/media/catalog/product/3/4/344882_192333169315_01_ec21.jpg,"Crema antiedad",,,1469.000000,,"Resultados comprabados:

Inmediatamente:
<ul><li>Mejora la barrera de la piel después de 4 horas.</li<
<li> 94% dice que el producto no deja tinte blanco.</li>
<li>90% dice que el producto parece invisible.</li></ul>

Después de 12 semanas:
<ul><li>100% tiene una piel más suave.</li>
<li>97% muestra una reducción visible de las arrugas.</li>
<li>95% muestra una piel más radiante.</li></ul>",Clinique,"Water\Aqua\Eau, Homosalate, Ethylhexyl Salicylate, Glycerin, Ethylhexyl Methoxycinnamate, Butylene Glycol, Coco-Caprylate/Caprate, Butyl Methoxydibenzoylmethane, Polyester-8, Ethylhexyl Methoxycrylene, Butyloctyl Salicylate, Acrylates Copolymer, Dextrin Palmitate, Peg-100 Stearate, Silica, Sodium Hyaluronate, Lecithin, Biosaccharide Gum-1, Polyglyceryl-2 Stearate, Lauroyl Lysine, 7-Dehydrocholesterol, Whey Protein\Lactis Protein\Protéine Du Petit-Lait, Algae Extract, Plankton Extract, Sigesbeckia Orientalis (St. Paul'S Wort) Extract, Caffeine, Saccharomyces Ferment, Caprylyl Glycol, Acetyl Hexapeptide-8, Palmitoyl Tripeptide-1, Palmitoyl Tetrapeptide-7, Palmitoyl Hexapeptide-12, Pentylene Glycol, Hexylene Glycol, Sodium Polyacryloyldimethyl Taurate, Stearyl Alcohol, Dehydroxanthan Gum, Dipropylene Glycol, Carbomer, Potassium Hydroxide, Sorbitan Sesquiisostearate, Polysorbate 20, Glyceryl Polymethacrylate, Acrylates/Beheneth-25 Methacrylate Copolymer, Glyceryl Stearate, Sorbeth-30 Tetraisostearate, Ppg-8-Ceteth-20, Acrylates/C10-30 Alkyl Acrylate Crosspolymer, Peg-8, Tocopheryl Acetate, Bht, Sodium Citrate, Disodium Edta, Phenoxyethanol, Sodium Benzoate, Potassium Sorbate <ILN99518>",Cremas,,"Fórmula dermo-activa con SPF 30 que fortalece la piel para ayudar a reducir la apariencia de líneas y arrugas. Protege de los rayos UVA/UVB y ayuda a prevenir futuros daños causados por los radicales libres que pueden acelerar los signos del envejecimiento. Rellena la piel con hidratación instantánea y duradera, que ayuda a minimizar la apariencia de líneas finas y secas. La crema de rápida absorción presenta un acabado invisible sin residuos blanco.","Aplicar por la mañana y la noche. Utilizar las yemas de los dedos aplicando suavemente una pequeña cantidad en el rostro.",,192333169315,11.0000
000372044,"Rest Assured Eye Cream with Vitamin C 15 ml",bliss-rest-assured-eye-cream-with-vitamin-c-15-ml-000372044,https://ultrafemme.com/media/catalog/product/3/7/372044_651043300246_01_91c4.jpg,"Crema para contorno de ojos","Todo tipo de piel",,539.000000,,,Bliss,,Cremas,,"Bliss Rest Assured Eye Cream es un tratamiento ligero pero potente para debajo de los ojos diseñado para reducir las ojeras, la hinchazón y las líneas finas. Enriquecida con vitamina C iluminadora y niacinamida calmante, esta crema rejuvenece los ojos cansados, dejándote con un aspecto renovado."," Golpee suavemente una pequeña cantidad alrededor del área de los ojos con el dedo anular. Úselo por la mañana y por la noche para obtener mejores resultados. Sigue con tu humectante Bliss favorito para completar tu rutina de cuidado de la piel.",,651043300246,5.0000
000364626,"Future Solution LX Concentrated Brightening Softener 170 ml",shiseido-future-solution-lx-concentrated-brightening-softener-170-ml-000364626,https://ultrafemme.com/media/catalog/product/3/6/364626_768614212560_01_803d.jpg,"Crema revitalizante",,,2459.000000,,"<ul><li>Proporciona poderosos beneficios iluminadores para abordar las manchas oscuras.</li><li>Infunde humedad a la piel para una hidratación durante 24 horas.</li><li>Ayuda a prevenir la degradación de la elastina y a fortalecer la estructura de la piel, dejándola resistente y tersa.</li></ul>",Shiseido,"WATER(AQUA/EAU)･GLYCERIN･DIPROPYLENE GLYCOL･BETAINE･DIMETHICONE･CETYL ETHYLHEXANOATE･PEG-20･POTASSIUM METHOXYSALICYLATE･PIPERIDINEPROPIONIC ACID･TOCOPHERYL ACETATE･ERYTHRITOL･PEG/PPG-14/7 DIMETHYL ETHER･PEG/PPG-17/4 DIMETHYL ETHER･PHYTOSTERYL/OCTYLDODECYL LAUROYL GLUTAMATE･LAURYL BETAINE･2-O-ETHYL ASCORBIC ACID･XANTHAN GUM･PRUNUS SPECIOSA LEAF EXTRACT･ANGELICA ACUTILOBA ROOT EXTRACT･CHAENOMELES SINENSIS FRUIT EXTRACT･CAMELLIA SINENSIS LEAF EXTRACT･ISODONIS JAPONICUS LEAF/STALK EXTRACT･ROSA MULTIFLORA FRUIT EXTRACT･BUPLEURUM FALCATUM ROOT EXTRACT･PRUNUS PERSICA (PEACH) LEAF EXTRACT･HYDROLYZED SILK･SODIUM ACRYLATE/SODIUM ACRYLOYLDIMETHYL TAURATE COPOLYMER･CARBOMER･BUTYLENE GLYCOL･ISOSTEARIC ACID･ISOHEXADECANE･PEG-60 GLYCERYL ISOSTEARATE･POTASSIUM HYDROXIDE･ALCOHOL･PEG-10 DIMETHICONE･POLYSORBATE 80･ACRYLATES/C10-30 ALKYL ACRYLATE CROSSPOLYMER･SORBITAN OLEATE･TRISODIUM EDTA･SODIUM METAPHOSPHATE･LINALOOL･LIMONENE･SODIUM METABISULFITE･CITRONELLOL･GERANIOL･ALPHA-ISOMETHYL IONONE･BENZYL BENZOATE･TOCOPHEROL･PHENOXYETHANOL･SODIUM BENZOATE･FRAGRANCE (PARFUM)･IRON OXIDES (CI 77491)･IRON OXIDES (CI 77492)･",Cremas,,"<p>Un suavizante hidratante diario que realza la claridad y luminosidad de la piel, a la vez que refina su textura.</p><p>Inspirada en 40 años de investigación genética, esta lujosa solución antiedad se absorbe fácilmente para tratar problemas como la sequedad, las manchas oscuras y los poros dilatados, dejando la piel más hidratada y suave.</p>",,,768614212560,10.0000
000370383,"Advanced Night Repair Eye Lift + Sculpt Eye Cream 15 ml",estee-lauder-advanced-night-repair-eye-lift-sculpt-eye-cream-15-ml-000370383,https://ultrafemme.com/media/catalog/product/3/7/370383_887167755826_01_f7a2.jpg,"Crema para contorno de ojos","Todo tipo de piel",,1759.000000,,Hidratante,"Estee Lauder","Water Aqua Eau, Dimethicone, Glycerin, Butylene Glycol, Isohexadecane, Bis-peg-18 Methyl Ether Dimethyl Silane, Peg-10 Dimethicone, Disteardimonium Hectorite, Bifida Ferment Filtrate, Isopropyl Isostearate, Ppg-15 Stearyl Ether, Tripeptide-32, Acetyl Hexapeptide-8, Hexapeptide-9, Bifida Ferment Lysate, Adansonia Digitata Seed Extract, Sodium Hyaluronate, Lactobacillus Ferment, Yeast Extract Faex Extrait De Levure, Aminopropyl Ascorbyl Phosphate, Laminaria Digitata Extract, Tocopherol, Tocopheryl Acetate, Caffeine, Algae Extract, Hydrolyzed Algin, Whey Protein Lactis Protein Protéine Du Petit-lait, Helianthus Annuus (sunflower) Seed Extract, Citrullus Lanatus (watermelon) Fruit Extract, Lens Esculenta (lentil) Fruit Extract, Pyrus Malus (apple) Fruit Extract, Hordeum Vulgare Extract Extrait D'orge, Glycine Soja (soybean) Seed Extract, Cucumis Sativus (cucumber) Fruit Extract, Anthemis Nobilis (chamomile) Flower Extract, Betula Alba Bark Extract, Propylene Glycol Dicaprate, Sodium Polyaspartate, Sodium Lactate, Sodium Rna, Sodium Pca, Ethylhexylglycerin, Glucose, Sucrose, Fructose, Polyacrylate Crosspolymer-6, 1,2-hexanediol, Propylene Carbonate, Polysilicone-11, Hydroxyacetophenone, Lecithin, Bht, Disodium Edta, Phenoxyethanol, Sodium Dehydroacetate, Potassium Sorbate, Sodium Benzoate, Iron Oxides (ci 77491)",Cremas,"Advanced Night Repair","Crema dermoavanzada para el contorno de los ojos. Resultados visibles en solo 4 semanas. Revela una transformación 4D específica en las 4 dimensiones del ojo: bajo los ojos, párpados, patas de gallo y ángulos internos. Eleva, esculpe y remodela visiblemente todo el contorno de los ojos. La crema moldeadora para el contorno de los ojos ha sido diseñada para producir resultados prácticos y se centra tanto en las líneas estáticas como en las dinámicas. Las “líneas estáticas” se reducen considerablemente, dejando un aspecto más terso. Es un extraordinario avance, que fortalece la piel de la zona de los ojos ayudando a eliminar la apariencia de la “líneas dinámicas” causadas por los movimientos faciales. Esas arrugas momentáneas que envejecen constantemente tu aspecto y que pueden convertirse en arrugas permanentes con el tiempo.","Aplica la crema reafirmante para los ojos por la mañana y por la noche en todo el contorno de los ojos.","Advanced Night Repair",887167755826,12.0000
000370348,"Clinique Smart Clinical Repair AM/PM Retinoid Balm 3 gr",clinique-clinique-smart-clinical-repair-am-pm-retinoid-balm-3-gr-000370348,https://ultrafemme.com/media/catalog/product/3/7/370348_192333232323_01_814a.jpg,"Bálsamo antiedad","Todo tipo de piel",,669.000000,,"Antienvejecimiento, Suavizante, Reducción de arrugas y líneas de expresión",Clinique,"Glyceryl Triacetyl Ricinoleate, Bis-diglyceryl Polyacyladipate-2, Hydrogenated Polyisobutene, Synthetic Beeswax, Squalane, Diisostearyl Malate, Jojoba Esters, C10-18 Triglycerides, Helianthus Annuus (sunflower) Seed Wax, Oryza Sativa (rice) Bran Wax, Butyrospermum Parkii (shea) Butter, Silica, Mangifera Indica (mango) Seed Butter, Sodium Hyaluronate, Tocopherol, Ricinus Communis (castor) Seed Oil, Hydrogenated Castor Oil, Caprylyl Glycol, Hydroxypinacolone Retinoate, Glyceryl Distearate, Dimethyl Isosorbide, Mica",Bálsamos,"Clinique Smart Clinical Repair","Rellena las líneas de expresión finas y secas al instante. Ayuda a corregir visiblemente incluso las líneas más persistentes, incluidas las líneas de la frente, las líneas de expresión (también conocidas como líneas ""11""), las patas de gallo, las líneas verticales alrededor de los labios y las líneas de la sonrisa. Ayuda a suavizar el aspecto de la textura de la piel. Suficientemente suave como para usarlo por la mañana y por la noche. Permite una aplicación precisa en un formato de barra fácil de usar.","<ul><li>Aplicar sobre las líneas por la mañana y por la noche.</li><li>Evitar que entre en los ojos y evitar el contacto directo con los labios.</li><li>Usar protector solar y limitar la exposición al sol mientras se usa y la semana siguiente.</li></ul>","Clinique Smart Clinical Repair",192333232323,7.0000
000339390,"Advanced Night Repair Eye Supercharged Gel-Creme Mini ¡Adiós Ojeras! 5 ml",estee-lauder-advanced-night-repair-eye-supercharged-gel-creme-mini-5-ml-000339390,https://ultrafemme.com/media/catalog/product/3/3/339390_887167623033_01_b4dd.jpg,"Crema para contorno de ojos",,,559.000000,,"Ayuda a reducir la apariencia de ojeras.
Doble acción contra radicales libres.
Los ojos muestran un aspecto brillante y descansado.
Reduce la irritación.
Combate los signos de envejecimiento.
Hasta 24 horas de hidratación.","Estee Lauder","Water\Aqua\Eau, Dimethicone, Methyl Trimethicone, Bifida Ferment Lysate, Dimethicone/Vinyl Dimethicone Crosspolymer, Propanediol, Petrolatum, Sucrose, Glycerin, Butylene Glycol, Acrylamide/Sodium Acryloyldimethyltaurate Copolymer, Trehalose, Tripeptide-32, Adansonia Digitata Seed Extract, Lavandula Angustifolia (Lavender) Flower Extract, Sodium Hyaluronate, Lactobacillus Ferment, Tocopheryl Acetate, Yeast Extract\Faex\Extrait De Levure, Hypnea Musciformis Extract, Sodium Rna, Caffeine, Squalane, Anthemis Nobilis Flower Oil, Poria Cocos Sclerotium Extract, Citrullus Lanatus (Watermelon) Fruit Extract, Lens Esculenta (Lentil) Fruit Extract, Pyrus Malus (Apple) Fruit Extract, Ethylhexylglycerin, Sodium Pca, Phytosphingosine, Hydrolyzed Algin, Hordeum Distichon (Barley) Extract\Extrait D'Orge A Deux Rangs, Jojoba Esters, Triticum Vulgare (Wheat) Germ Oil, Hydrogenated Lecithin, Lecithin, Isohexadecane, Jojoba Alcohol, Isopropyl Jojobate, Peg/Ppg-18/18 Dimethicone, Polysorbate 80, Acrylates/C10-30 Alkyl Acrylate Crosspolymer, Tromethamine, Sorbitan Oleate, Sodium Lactate, Polysorbate 40, Potassium Gluconate, Tocopherol, Bht, Phenoxyethanol, Potassium Sorbate, Sodium Benzoate, Iron Oxides (Ci 77491), Iron Oxides (Ci 77492) <ILN50654>",Cremas,"Advanced Night Repair","Nuevo Advanced Night Repair Eye Supercharged Complex para una mirada renovada, con doble poder para combatir los efectos de los radicales libres, resistiendo la irritación causada por el ambiente con su exclusiva tecnología FR-Defense™ que activamente neutraliza los radicales libres con sus potentes antioxidantes. 

Ayuda a reparar el impacto visible de la falta de sueño, la luz azul, reduce las líneas de expresión y las ojeras.
Se ha demostrado que los ojos muestran un aspecto brillante y visiblemente despierto.
Su  textura ligera en gel se absorbe rápidamente, dejando la piel suave y sedosa.
Con un nuevo empaque de vidrio hecho a base de materiales reciclados.","Aplica en la mañana y noche alrededor de la zona de los ojos.","Advanced Night Repair",887167623033,3.0000
000372041,"Clear Genius Clarifying Cleanser With BHA & Brazilian Sea Water 190 ml",bliss-clear-genius-clarifying-cleanser-with-bha-and-brazilian-sea-water-190-ml-000372041,https://ultrafemme.com/media/catalog/product/3/7/372041_651043300482_01_9ca5.jpg,"Crema limpiadora","Todo tipo de piel",,329.000000,,,Bliss,"WATER (AQUA) (EAU), SODIUM C14-16 OLEFIN SULFONATE, COCAMIDOPROPYL BETAINE, SALIX NIGRA (WILLOW) BARK EXTRACT, COCAMIDOPROPYL HYDROXYSULTAINE, ACRYLATES COPOLYMER, GLYCERIN, PROPANEDIOL, SALICYLIC ACID, SEA WATER (MARIS AQUA) (EAU DE MER), HAMAMELIS VIRGINIANA (WITCH HAZEL) LEAF EXTRACT, ZINC PCA, SODIUM PCA, MELALEUCA ALTERNIFOLIA (TEA TREE) LEAF OIL, CHAMOMILLA RECUTITA (MATRICARIA) FLOWER EXTRACT*, HYDROLYZED JOJOBA ESTERS, ANHYDROXYLITOL, GLYCERYL OLEATE, XYLITYL SESQUICAPRYLATE, DECYL GLUCOSIDE, COCO-GLUCOSIDE, CAPRYLYL/CAPRYL GLUCOSIDE, TETRASODIUM GLUTAMATE DIACETATE, PHENOXYETHANOL, ETHYLHEXYLGLYCERIN, CITRIC ACID, SODIUM HYDROXIDE",Cremas,,"<p>Este limpiador purificador de poros penetra profundamente para limpiar los poros y mantener la piel equilibrada, logrando un cutis claro y calmado, sin resequedad ni irritación.</p><b><p>Ingredientes clave:</p></b><ul><li>Ácido Salicílico (BHA): Limpia los poros y controla la producción excesiva de grasa, mientras facilita la eliminación de células muertas de la piel.</li><li>Agua de Mar Brasileña: Las sales minerales y microelementos del agua de mar concentrada ayudan a mantener los poros limpios, desintoxican y equilibran la piel.</li><li>Extracto de Corteza de Sauce: Exfoliante natural y suave que mantiene los poros limpios para evitar que se obstruyan (y se noten más).</li></ul>","Formulado con ácido salicílico BHA para eliminar la suciedad y el exceso de grasa y purificar profundamente los poros, además de desintoxicar el agua de mar brasileña.",,651043300482,3.0000
000362731,"Vital Perfection Concentrated Supreme Cream 50 ml",shiseido-vital-perfection-concentrated-supreme-cream-50-ml-000362731,https://ultrafemme.com/media/catalog/product/3/6/362731_768614210108_01_34f4.jpg,"Crema hidratante",,,3339.000000,,,Shiseido,,Cremas,,"Hidratante nutritivo para modelar y unificar el tono.",,,768614210108,21.0000
000370346,"Moisture Surge Intense 72H Lipid-Replenishing Hydrator 75 ml",clinique-moisture-surge-intense-72h-lipid-replenishing-hydrator-75-ml-000370346,https://ultrafemme.com/media/catalog/product/3/7/370346_192333042816_01_3aec.jpg,"Crema humectante",Seca,,989.000000,,"Fortalecedor, Humectante, Hidratante, Piel tersa",Clinique,"Water Aqua Eau, Glycerin, Dimethicone, Isopropyl Isostearate, Dipropylene Glycol, Squalane, Peg/ppg-18/18 Dimethicone, Silica, Tocopheryl Acetate, Sodium Hyaluronate, Olea Europaea (olive) Fruit Extract, Centella Asiatica (hydrocotyl) Extract, Aloe Barbadensis Leaf Water, Palmitoyl Hexapeptide-12, Triticum Vulgare (wheat) Bran Extract, Caffeine, Methyl Trimethicone, Sorbitol, Sodium Polyaspartate, Petrolatum, Trehalose, Whey Protein Lactis Protein Protéine Du Petit-lait, Linoleic Acid, Pyridoxine Dipalmitate, Butylene Glycol, Cholesterol, Sucrose, Polysilicone-11, Glyceryl Polymethacrylate, Peg-150, Peg-8, Hydroxyethyl Urea, Hydroxyacetophenone, Bht, Disodium Edta, Sodium Hexametaphosphate, Sodium Benzoate, Potassium Sorbate, Phenoxyethanol",Cremas,"Moisture Surge","Nuestra fórmula más enriquecida hasta la fecha impulsa una hidratación ininterrumpida con la ayuda de agua de aloe activada y cafeína. A continuación, la retiene con un trío de lípidos, fortaleciendo la barrera de la piel para retener la humedad y defenderla de agresores. Mantiene la piel hidratada durante 72 horas, dejándola radiante, tersa y aterciopelada. La cica calmante ayuda a relajar y reconfortar la piel seca o deshidratada.","Aplícalo por la mañana y por la noche sobre la piel limpia. Utilízalo solo o debajo del maquillaje, en zonas secas o como mascarilla de 5 minutos.","Moisture Surge",192333042816,12.0000
000372043,"Youth Got This Retinol Serum with Amino Acids 20 ml",bliss-youth-got-this-retinol-serum-with-amino-acids-20-ml-000372043,https://ultrafemme.com/media/catalog/product/3/7/372043_651043301151_01_25d9.jpg,"Suero antiedad","Todo tipo de piel",,499.000000,,,Bliss,"WATER (AQUA) (EAU), GLYCERIN, PROPANEDIOL, SQUALANE, AMMONIUM ACRYLOYLDIMETHYLTAURATE/VP COPOLYMER, XYLITYLGLUCOSIDE, RETINOL, TOCOPHEROL, SODIUM ASCORBATE, PALMITOYL TRIPEPTIDE-5, ACETYL HEXAPEPTIDE-8, ARGININE, SERINE, ALANINE, GLYCINE, THREONINE, PROLINE, LYSINE HCL, GLUTAMIC ACID, PCA, SODIUM PCA, EUTERPE OLERACEA FRUIT EXTRACT, HYDROLYZED CORALLINA OFFICINALIS EXTRACT, AVENA SATIVA (OAT) KERNEL OIL, SODIUM HYALURONATE, AMYLOPECTIN, CETEARYL OLIVATE, CAPRYLYL GLYCOL, CAPRYLIC/CAPRIC TRIGLYCERIDE, XYLITOL, ANHYDROXYLITOL, SODIUM LACTATE, HESPERIDIN, POLYSILICONE-11, PEG-40 HYDROGENATED CASTOR OIL, SORBITAN OLIVATE, GLYCERYL STEARATE, C14-22 ALCOHOLS, C12-20 ALKYL GLUCOSIDE, LAURETH-12, BETAINE, HEXYLENE GLYCOL, SODIUM PHYTATE, TETRASODIUM GLUTAMATE DIACETATE, PHENOXYETHANOL, ETHYLHEXYLGLYCERIN, POTASSIUM SORBATE, CITRIC ACID",Sueros,,"<p>Mantén una piel joven con este suero súper potente formulado con retinol puro para proteger contra los signos de envejecimiento y reducir (¡y prevenir!) la aparición de líneas finas.</p><b><p>Ingredientes clave:</p></b><ul><li>Retinol puro: El retinol estabilizado ayuda a reducir la apariencia de líneas finas y arrugas, y suaviza la textura irregular.</li><li>Aminoácidos: Presentes de forma natural en la piel; ayudan a reponer la hidratación mientras apoyan la barrera cutánea.</li><li>Péptidos: Conocidos por ayudar a aumentar la elasticidad natural de la piel para un cutis más suave y firme.</li><li>Escualano: Hidratante derivado de azúcares vegetales que equilibra la piel limitando la pérdida de humedad.</li><li>Antioxidantes: Ayudan a defender la piel contra los radicales libres para prevenir los signos de envejecimiento.</li></ul>","Aplicar sobre la piel limpia y seca por la mañana y por la noche, comenzando cada dos noches. Utilice siempre SPF durante el día.",,651043301151,9.0000
000363508,"Wild Bluebell Hand Cream 30 ml",jo-malone-wild-bluebell-hand-cream-30-ml-000363508,https://ultrafemme.com/media/catalog/product/3/6/363508_690251159116_01_538e.jpg,"Crema de manos",,,679.000000,,,"Jo Malone London","Water Aqua Eau, Glycerin, Dimethicone, Caprylic/capric Triglyceride, Helianthus Annuus (sunflower) Seed Oil, Glycol Stearate, Fragrance (parfum), Cetyl Alcohol, Peg-100 Stearate, Sorbitan Oleate, Isohexadecane, Sodium Hyaluronate, Squalane, Linoleic Acid, Cholesterol, Dimethiconol, Simmondsia Chinensis (jojoba) Seed Oil, Citrullus Lanatus (watermelon) Fruit Extract, Lens Esculenta (lentil) Fruit Extract, Pyrus Malus (apple) Fruit Extract, Hordeum Distichon (barley) Extract Extrait D'orge À Deux Rangs, Triticum Vulgare (wheat) Germ Extract, Sodium Lactate, Sodium Pca, Caprylyl Glycol, Hexylene Glycol, Acrylates/c10-30 Alkyl Acrylate Crosspolymer, Palmitic Acid, Stearic Acid, Tromethamine, Carbomer, Xanthan Gum, Hexyl Cinnamal, Farnesol, Benzyl Salicylate, Tocopheryl Acetate, Pentaerythrityl Tetra-di-t-butyl Hydroxyhydrocinnamate, Sodium Phytate, Phenoxyethanol, Potassium Sorbate, Sodium Benzoate",Cremas,"Wild Bluebell","Realza tu rutina diaria con la Crema para Manos Wild Bluebell. Con ácido hialurónico y glicerina de origen natural, la fórmula de cuidado y fácil absorción se restaura durante 8 horas de hidratación. Deja la piel suave, tersa y perfumada con esta fragancia floral ligera. Viene en un nuevo tubo reciclable.","Masajea una pequeña cantidad en las manos para hidratar la piel. Repite varias veces al día.","Wild Bluebell",690251159116,2.0000
000372035,"Drench & Quench Cream-to-Water Hydrator For All-Day Moisturizer 50 ml",bliss-drench-and-quench-cream-to-water-hydrator-for-all-day-moisturizer-50-ml-000372035,https://ultrafemme.com/media/catalog/product/3/7/372035_651043300222_01_5563.jpg,"Crema hidratante","Todo tipo de piel",,539.000000,,,Bliss,"AQUA / WATER / EAU, CYCLOPENTASILOXANE, GLYCERIN, BUTYLENE GLYCOL, DIMETHICONE, HYDROGENATED POLYISOBUTENE, SODIUM ACETYLATED HYALURONATE, SODIUM HYALURONATE, SODIUM HYALURONATE CROSSPOLYMER, HYALURONIC ACID, ETHYLHEXYLGLYCERIN, DIMETHICONE/PEG-10/15 CROSSPOLYMER, SODIUM CHLORIDE, PHENOXYETHANOL, BENZYL ALCOHOL, SODIUM CITRATE, DIMETHICONE/VINYL DIMETHICONE CROSSPOLYMER, CHAMOMILLA RECUTITA (MATRICARIA) FLOWER EXTRACT, PASSIFLORA INCARNATA SEED OIL, POTASSIUM SORBATE, GUAR HYDROXYPROPYLTRIMONIUM CHLORIDE, POLYSORBATE 20, DIPROPYLENE GLYCOL, TETRAHEXYLDECYL ASCORBATE, TOCOPHERYL ACETATE, SILYBUM MARIANUM SEED OIL, CAPRYLIC/CAPRIC TRIGLYCERIDE, PORPHYRA UMBILICALIS EXTRACT, TOCOPHEROL, COMMIPHORA MUKUL RESIN EXTRACT, SACCHARINA LONGICRURIS EXTRACT, ROSA MULTIFLORA FRUIT EXTRACT, SODIUM BENZOATE, LINALOOL, ALPHA-ISOMETHYL IONONE, LIMONENE, PARFUM / FRAGRANCE.",Cremas,,"<p>Siente cómo esta crema ultra ligera se transforma en agua al contacto, inundando la piel con 4 tipos diferentes de ácido hialurónico para brindar hidratación durante todo el día.</p><p>4 Tipos de Ácido Hialurónico: Cuatro tipos de ácido hialurónico (de bajo a alto peso molecular) actúan en cada capa de la superficie de la piel para proporcionar una hidratación concentrada pero ligera, mientras reducen la pérdida de agua.</p>","Después de limpiar la piel con el fabuloso limpiador facial espumoso bliss, masajea bliss drench 'n' quench en el rostro y el cuello durante 30 segundos, permitiendo que las microgotas marinas retengan la hidratación",,651043300222,1.0000
000363507,"English Pear & Freesia Hand Cream 30 ml",jo-malone-english-pear-and-freesia-hand-cream-30-ml-000363507,https://ultrafemme.com/media/catalog/product/3/6/363507_690251159086_01_0c1a.jpg,"Crema de manos",,,489.000000,,,"Jo Malone London","Water Aqua Eau, Glycerin, Dimethicone, Caprylic/capric Triglyceride, Helianthus Annuus (sunflower) Seed Oil, Glycol Stearate, Fragrance (parfum), Cetyl Alcohol, Peg-100 Stearate, Sorbitan Oleate, Isohexadecane, Sodium Hyaluronate, Squalane, Linoleic Acid, Cholesterol, Dimethiconol, Simmondsia Chinensis (jojoba) Seed Oil, Citrullus Lanatus (watermelon) Fruit Extract, Lens Esculenta (lentil) Fruit Extract, Pyrus Malus (apple) Fruit Extract, Hordeum Distichon (barley) Extract Extrait D'orge À Deux Rangs, Triticum Vulgare (wheat) Germ Extract, Sodium Lactate, Sodium Pca, Caprylyl Glycol, Hexylene Glycol, Acrylates/c10-30 Alkyl Acrylate Crosspolymer, Palmitic Acid, Stearic Acid, Tromethamine, Carbomer, Xanthan Gum, Limonene, Benzyl Benzoate, Geraniol, Linalool, Citronellol, Citral, Farnesol, Tocopheryl Acetate, Sodium Phytate, Phenoxyethanol, Potassium Sorbate, Sodium Benzoate",Cremas,"English Pear & Freesia","Realza tu rutina diaria con la Crema para Manos English Pear & Freesia. Con ácido hialurónico y glicerina de origen natural, la fórmula de cuidado y fácil absorción se restaura durante 8 horas de hidratación. Deja la piel suave, tersa y perfumada con esta fragancia afrutada. Viene en un nuevo tubo reciclable.","Masajea una pequeña cantidad en las manos para hidratar la piel. Repite varias veces al día.","English Pear & Freesia",690251159086,14.0000
000370353,"The Refreshing Balance Collection Set 30 ml",la-mer-the-refreshing-balance-collection-set-30-ml-000370353,https://ultrafemme.com/media/catalog/product/3/7/370353_747930175193_01_61dc.jpg,"Crema hidratante","Todo tipo de piel",,4489.000000,,,"La Mer","Algae Extract, Water Aqua Eau, Dimethicone, Isododecane, Glycerin, Yeast Extract Faex Extrait De Levure, Hydrogenated Polyisobutene, Trisiloxane, Caprylic/capric/myristic/stearic Triglyceride, Vinyl Dimethicone/methicone Silsesquioxane Crosspolymer, Caprylic/capric Triglyceride, Sea Salt Maris Sal Sel Marin, Sesamum Indicum (sesame) Seed Oil, Medicago Sativa (alfalfa) Seed Powder, Helianthus Annuus (sunflower) Seedcake, Prunus Amygdalus Dulcis (sweet Almond) Seed Meal, Eucalyptus Globulus (eucalyptus) Leaf Oil, Sodium Gluconate, Copper Gluconate, Calcium Gluconate, Magnesium Gluconate, Zinc Gluconate, Tocopheryl Succinate, Niacin, Sesamum Indicum (sesame) Seed Powder, Asparagopsis Armata Extract, Laminaria Digitata Extract, Trametes Versicolor Extract, Ecklonia Cava Extract, Sodium Hyaluronate, Aspergillus Ferment, Sigesbeckia Orientalis (st. Paul's Wort) Extract, Brassica Campestris (rapeseed) Seed Oil, Polygonum Fagopyrum Seed Extract, Polyglyceryl-3 Diisostearate, Glycyrrhiza Glabra (licorice) Root Extract, Citrus Aurantifolia (lime) Peel Extract, Ascophyllum Nodosum Extract, Acetyl Hexapeptide-8, Cucumis Sativus (cucumber) Fruit Extract, Althaea Officinalis (marshmallow) Root Extract, Oryza Sativa (rice) Bran Extract, Helianthus Annuus (sunflower) Seed Extract, Tocopheryl Acetate, Macadamia Integrifolia Seed Oil, Saccharomyces Lysate Extract, Dipeptide-2, Glyceryl Triacetyl Ricinoleate, Palmitoyl Tetrapeptide-7, Caffeine, Tetraacetylphytosphingosine, Whey Protein Lactis Protein Proteine Du Petit-lait, Triethylhexanoin, Sorbitol, Hordeum Vulgare Extract Extrait D'orge, Glycine Soja (soybean) Protein, Cholesterol, Hydrolyzed Yeast Protein, Isononyl Isononanoate, Propylene Glycol Dicaprate, Cetyl Peg/ppg-10/1 Dimethicone, Caprylyl Glycol, Sucrose, Polysilicone-11, Dimethicone Crosspolymer, Dimethicone Crosspolymer-3, Silica, Nylon-12, Trimethylsiloxysilicate, Steareth-20, Calcium Chloride, Hesperidin Methyl Chalcone, Peg/ppg-18/18 Dimethicone, Alumina, Triethoxycaprylylsilane, Hydrogenated Vegetable Oil, Alcohol Denat., Propanediol, Fragrance (parfum), Bht, Phenoxyethanol, Potassium Sorbate, Chlorhexidine Digluconate, Sodium Benzoate, Mica, Titanium Dioxide (ci 77891)",Sets,,"<p>El set contiene:</p><ul><li>The Essence Foaming Cleanser de 30 ml.</li><li>The Treatment Lotion de 30 ml.</li><li>The Eye Concentrate de 5 ml.</li><li>The Moisturizing Soft Cream de 15 ml.</li></ul>",,,747930175193,33.0000
000363509,"Wood Sage & Sea Salt Hand Cream 30 ml",jo-malone-wood-sage-and-sea-salt-hand-cream-30-ml-000363509,https://ultrafemme.com/media/catalog/product/3/6/363509_690251159123_01_fdc8.jpg,"Crema de manos",,,489.000000,,,"Jo Malone London","Water Aqua Eau, Glycerin, Dimethicone, Caprylic/capric Triglyceride, Helianthus Annuus (sunflower) Seed Oil, Glycol Stearate, Fragrance (parfum), Cetyl Alcohol, Peg-100 Stearate, Sorbitan Oleate, Isohexadecane, Sodium Hyaluronate, Squalane, Tocopheryl Acetate, Linoleic Acid, Cholesterol, Dimethiconol, Simmondsia Chinensis (jojoba) Seed Oil, Citrullus Lanatus (watermelon) Fruit Extract, Lens Esculenta (lentil) Fruit Extract, Pyrus Malus (apple) Fruit Extract, Hordeum Distichon (barley) Extract Extrait D'orge À Deux Rangs, Triticum Vulgare (wheat) Germ Extract, Sodium Lactate, Sodium Pca, Caprylyl Glycol, Hexylene Glycol, Potassium Sorbate, Acrylates/c10-30 Alkyl Acrylate Crosspolymer, Palmitic Acid, Stearic Acid, Tromethamine, Carbomer, Xanthan Gum, Linalool, Alpha-isomethyl Ionone, Limonene, Geraniol, Citronellol, Citral, Coumarin, Sodium Phytate, Phenoxyethanol, Sodium Benzoate",Cremas,"Wood Sage & Sea Salt","Realza tu rutina diaria con la Crema para Manos Wood Sage & Sea Salt. Con ácido hialurónico y glicerina de origen natural, la fórmula de cuidado y fácil absorción se restaura durante 8 horas de hidratación. Deja la piel suave, tersa y perfumada con esta fragancia amaderada. Viene en un nuevo tubo reciclable.","Masajea una pequeña cantidad en las manos para hidratar la piel. Repite varias veces al día.","Wood Sage & Sea Salt",690251159123,10.0000
000344884,"Re-NutrivRich Foam Cleanser 125 ml",estee-lauder-re-nutrivrich-foam-cleanser-125-ml-000344884,https://ultrafemme.com/media/catalog/product/3/4/344884_887167666641_01_4b15.jpg,"Espuma limpiadora",,,1759.000000,,"Espuma, mima a la vez que limpia.","Estee Lauder","Glicerina, cocoil glicinato de potasio, agua\agua\eau, miristoilglutamato de potasio, pca sódico, aceite de glicina soja (soja), ácido cítrico, metil cocoil taurato de sodio, fosfato de hidroxipropilalmidón, metilaminopropionato de sodio, esteroles de glicina de soja (soja), ácido linoleico, hoja de Salvia officinalis (salvia), ácido glicirretínico, estearato de glicereilo, proteína de suero de leche\proteína de lactis\proteína de leche, fosfato de adenosina, diestearato de glicol, fitosterilo/octildodecilo laurio"" glutamato, etilhexilglicerina, hialuronato de sodio, fragancia (perfume), fenoxietanol <ILN41475>",Espumas,"Re Nutriv","Deleita tus sentidos con este limpiador espumoso exquisitamente rico.

Lava a fondo pero con suavidad las impurezas y el maquillaje para dejar la piel suave y tersa.

Es el comienzo ideal para tu ritual de cuidado de la piel de lujo, preparando la piel para optimizar los beneficios de los tratamientos que siguen.","Enjabonar bien con las palmas húmedas y luego masajear suavemente sobre el rostro. Enjuague. Use por la mañana y por la noche. Evite el área de los ojos.","Re Nutriv",887167666641,12.0000
000372037,"Bright Idea Vitamin C + Tri-Peptide Collagen Protecting & Brightening Moisturizer 50 ml",bliss-bright-idea-vitamin-c-tri-peptide-collagen-protecting-and-brightening-moisturizer-50-ml-000372037,https://ultrafemme.com/media/catalog/product/3/7/372037_651043300086_01_b31e.jpg,"Crema hidratante","Todo tipo de piel",,539.000000,,,Bliss,"AQUA / WATER, CAPRYLIC/CAPRIC TRIGLYCERIDE, GLYCERIN, PROPANEDIOL, COCO-CAPRYLATE/CAPRATE, CETEARYL ALCOHOL, GLYCERYL STEARATE, HYDROGENATED FARNESENE, LIMNANTHES ALBA (MEADOWFOAM) SEED OIL, ^ CERAMIDE 2, NIACINAMIDE, TOCOPHEROL, ALOE BARBADENSIS LEAF JUICE, GLYCYRRHIZA GLABRA (LICORICE) ROOT EXTRACT, BUTYROSPERMUM PARKII (SHEA) BUTTER, PERSEA GRATISSIMA (AVOCADO) OIL, PSEUDOZYMA EPICOLA/CAMELIA JAPONICA SEED OIL FERMENT EXT FILTRATE, SIMMONDSIA CHINENSIS (JOJOBA) SEED OIL, SORBITAN OLIVATE, PSEUDOZYMA EPICOLA/CAMELLIA SINENSIS SEED OIL, GLUCOSE/YEAST EXTRACT FERMENT FILTRATE, PALMITOYL TRIPEPTIDE-5, HEXYLENE GLYCOL, CAMELLIA SINENSIS (GREEN TEA) LEAF EXTRACT, EUTERPE OLERACEA (ACAI) FRUIT EXTRACT, MANGIFERA INDICA (MANGO) SEED EXTRACT, CETEARYL OLIVATE, CITRIC ACID, SACCHARIDE ISOMERATE, PEG-100 STEARATE, POLYACRYLATE CROSSPOLYMER-6, ETHOXYDIGLYCOL, CETEARYL GLUCOSIDE, SODIUM CITRATE, HYDROXYACETOPHENONE, HYDROXYETHYL ACRYLATE/SODIUM ACRYLOYLDIMETHYL TAURATE COPOLYMER, TETRASODIUM GLUTAMATE DIACETATE, SODIUM METABISULFITE, ACACIA SENEGAL GUM, XANTHAN GUM, ETHYLHEXYLGLYCERIN, POLYGLYCERYL-4 LAURATE/SUCCINATE, ARGANIA SPINOSA KERNEL ARGAN OIL, CAPRYLYL GLYCOL, PARFUM / FRAGRANCE, LIMONENE.",Cremas,,"<p>Este mega-hidratante con vitamina C de grado clínico más tri-péptido ilumina visiblemente y proporciona una hidratación intensa para una piel radiante y elástica.</p><b><p>Ingredientes clave:</b></p><ul><li>Vitamina C (Ácido 3-O-Etil Ascórbico): La forma ultraestable y más efectiva, no irritante, de vitamina C que rellena, ilumina y disminuye visiblemente la apariencia de manchas oscuras con el tiempo.</li><li>Tri-Péptido: Un tri-péptido señal patentado que mejora visiblemente la elasticidad natural de la piel.</li><li>Extracto de Té Verde: Rico en antioxidantes que protegen la piel para ayudar a reforzar sus defensas naturales contra el daño de los radicales libres.</li><li>Complejo de Carbohidratos Derivado de Plantas: Conocido por su excelente capacidad de adherencia a la piel, su textura ligera y de rápida absorción ofrece una hidratación profunda y duradera.</li></ul>","Masajea este humectante facial diario sobre la piel limpia por la mañana y por la noche para una tez más luminosa. Se puede utilizar con Bright Idea Serum y Eye Cream. Mantener en un lugar fresco y seco, fuera de la luz solar directa.",,651043300086,3.0000
000087847,"Clarifying Lotion 3",clinique-clarifying-lotion-3-400-ml-000087847,https://ultrafemme.com/media/catalog/product/8/7/87847_20714462734_01_339c.jpg,"Loción limpiadora",Mixta,,739.000000,,"<ul><li>La fórmula suave y refrescante marca la diferencia para una piel sana. Elimina la contaminación, suciedad, piel muerta dejando una piel más lisa y clara.</li><li>Deja fresca tu piel gracias a la fórmula que incluye Hamamelis, un purificante que deja la piel limpia y refrescada.</li><li>Prepara la piel para el hidratante - exfoliar la piel hace que la piel sea más receptiva a los hidratantes y tratamientos.</li><li>Para pieles más grasas, la exfoliación dos veces al día ayuda a minimizar el exceso de grasa en la piel y deja los poros limpios.</li><li>Para pieles más secas, la exfoliación dos veces al día ayuda a remover la piel muerta que pueden obstruir la absorción de la humedad. Incluso, ayuda a disminuir las finas líneas.</li></ul>",Clinique,"Water\Aqua\Eau, Alcohol Denat., Salicylic Acid, Hamamelis Virginiana (Witch Hazel), Butylene Glycol, Glycerin, Trehalose, Sodium Hyaluronate, Citric Acid, Sodium Hydroxide, Disodium Edta, Bht, Phenoxyethanol, Benzophenone-4, Ext. Violet 2 (Ci 60730), Red 6 (Ci 15850), Orange 4 (Ci 15510) <ILN37038>",Lociones,,"Fórmula desarrollada por dermatólogos que revela una piel más suave y saludable. Remueve las células muertas para que el hidratante actúe con más eficacia. Para tipo de piel mixta.",,,20714462734,16.0000
000044994-000044994,"Clarifying Lotion 2",clinique-clarifying-lotion-2,https://ultrafemme.com/media/catalog/product/4/4/44994_20714462765_01_b5c5.jpg,"Loción limpiadora",Mixta,,,,"<ul><li>La fórmula suave y refrescante marca la diferencia para una piel sana. Elimina la contaminación, suciedad, piel muerta dejando una piel más lisa y clara.</li><li>Deja fresca tu piel gracias a la fórmula que incluye Hamamelis, un purificante que deja la piel limpia y refrescada.</li><li>Prepara la piel para el hidratante - exfoliar la piel hace que la piel sea más receptiva a los hidratantes y tratamientos.</li><li>Para pieles más grasas, la exfoliación dos veces al día ayuda a minimizar el exceso de grasa en la piel y deja los poros limpios.</li><li>Para pieles más secas, la exfoliación dos veces al día ayuda a remover la piel muerta que pueden obstruir la absorción de la humedad. Incluso, ayuda a disminuir las finas líneas.</li></ul>",Clinique,"Water\Aqua\Eau, Alcohol Denat., Glycerin, Hamamelis Virginiana (Witch Hazel) Extract, Acetyl Glucosamine, Trehalose, Sodium Hyaluronate, Butylene Glycol, Sodium Bicarbonate, Red 6 (Ci 15850), Red 33 (Ci 17200), Ext. Violet 2 (Ci 60730) <ILN46333>",Lociones,,"Fórmula desarrollada por dermatólogos que revela una piel más suave y saludable. Remueve las células muertas para que el hidratante actúe con más eficacia. Para tipo de piel mixta a seca.",,,,69.0000
000044996-000044996,"Clarifying Lotion 3",clinique-clarifying-lotion-3,https://ultrafemme.com/media/catalog/product/4/4/44996_20714462772_01_ffb8.jpg,"Loción limpiadora",Mixta,,,,"<ul><li>La fórmula suave y refrescante marca la diferencia para una piel sana. Elimina la contaminación, suciedad, piel muerta dejando una piel más lisa y clara.</li><li>Deja fresca tu piel gracias a la fórmula que incluye Hamamelis, un purificante que deja la piel limpia y refrescada.</li><li>Prepara la piel para el hidratante - exfoliar la piel hace que la piel sea más receptiva a los hidratantes y tratamientos.</li><li>Para pieles más grasas, la exfoliación dos veces al día ayuda a minimizar el exceso de grasa en la piel y deja los poros limpios.</li><li>Para pieles más secas, la exfoliación dos veces al día ayuda a remover la piel muerta que pueden obstruir la absorción de la humedad. Incluso, ayuda a disminuir las finas líneas.</li></ul>",Clinique,"Water\Aqua\Eau, Alcohol Denat., Salicylic Acid, Hamamelis Virginiana (Witch Hazel), Butylene Glycol, Glycerin, Trehalose, Sodium Hyaluronate, Citric Acid, Sodium Hydroxide, Disodium Edta, Bht, Phenoxyethanol, Benzophenone-4, Ext. Violet 2 (Ci 60730), Red 6 (Ci 15850), Orange 4 (Ci 15510) <ILN37038>",Lociones,,"Fórmula desarrollada por dermatólogos que revela una piel más suave y saludable. Remueve las células muertas para que el hidratante actúe con más eficacia. Para tipo de piel mixta.",,,,45.0000
000084752-000084752,"Clarifying Lotion 1",clinique-clarifying-lotion-1,https://ultrafemme.com/media/catalog/product/8/4/84752_20714462758_01_0b1b.jpg,"Loción limpiadora",Seca,,,,"<ul><li>La fórmula suave y refrescante marca la diferencia para una piel sana. Elimina la contaminación, suciedad, piel muerta dejando una piel más lisa y clara.</li><li>Deja fresca tu piel gracias a la fórmula que incluye Hamamelis, un purificante que deja la piel limpia y refrescada.</li><li>Prepara la piel para el hidratante - exfoliar la piel hace que la piel sea más receptiva a los hidratantes y tratamientos.</li><li>Para pieles más grasas, la exfoliación dos veces al día ayuda a minimizar el exceso de grasa en la piel y deja los poros limpios.</li><li>Para pieles más secas, la exfoliación dos veces al día ayuda a remover la piel muerta que pueden obstruir la absorción de la humedad. Incluso, ayuda a disminuir las finas líneas.</li></ul>",Clinique,"Water\Aqua\Eau, Alcohol Denat., Glycerin, Butylene Glycol, Hamamelis Virginiana (Witch Hazel), Trehalose, Salicylic Acid, Acetyl Glucosamine, Sodium Hyaluronate, Sodium Hydroxide, Tetrahydroxypropyl Ethylenediamine, Disodium Edta, Phenoxyethanol, Benzophenone-4, Yellow 5 (Ci 19140), Blue 1 (Ci 42090) <ILN37003>",Lociones,,"Fórmula desarrollada por dermatólogos que revela una piel más suave y saludable. Remueve las células muertas para que el hidratante actúe con más eficacia. Para tipo de piel muy seca.",,,,13.0000
000363473-000363473,"Even Better Clinical Dark Spot Clearing Serum",clinique-even-better-clinical-dark-spot-clearing-serum,https://ultrafemme.com/media/catalog/product/3/6/363473_192333166925_01_573b.jpg,"Suero antimanchas","Todo tipo de piel",,,,"Reducción de enrojecimiento",Clinique,"Water Aqua Eau, Dimethicone, Isododecane, Yeast Extract Faex Extrait De Levure, Butylene Glycol, Polysilicone-11, Niacinamide, Ascorbyl Glucoside, Peg-10 Dimethicone, Peg-6, Acetyl Glucosamine, Glycerin, Sodium Hyaluronate, Squalane, Cholesterol, Helianthus Annuus (sunflower) Seed Extract, Trametes Versicolor Extract, Glycyrrhiza Glabra (licorice) Root Extract, Hordeum Vulgare Extract Extrait D'orge, Oryza Sativa (rice) Bran Extract, Triticum Vulgare (wheat) Germ Extract, Cucumis Sativus (cucumber) Fruit Extract, Camellia Sinensis Leaf Extract, Caffeine, Salicylic Acid, Isohexadecane, Propylene Glycol Dicaprate, Glycyrrhetinic Acid, Dimethoxytolyl Propylresorcinol, Caprylyl Glycol, Stearamidopropyl Dimethylamine, Phosphatidylcholine, Sorbitan Oleate, Polysorbate 20, Polysorbate 80, Stearic Acid, Hexylene Glycol, Tromethamine, Citric Acid, Acrylamide/sodium Acryloyldimethyltaurate Copolymer, Ammonium Acryloyldimethyltaurate/vp Copolymer, Tocopheryl Acetate, Magnesium Ascorbyl Phosphate, Bht, Sodium Citrate, Disodium Edta, Nylon-12, Phenoxyethanol",Sueros,"Even Better Clinical","Combate las manchas oscuras más difíciles. Reduce visiblemente las manchas oscuras más rebeldes, incluidas las manchas solares, las manchas causadas por la edad y las marcas de granos. Ayuda a prevenir futuras manchas oscuras. Ayuda a calmar la piel del efecto de los irritantes ambientales que pueden desencadenar la futura hiperpigmentación. Ofrece resultados visibles. La piel luce más luminosa y radiante, con un tono más uniforme. Textura agradable. Su fórmula ligera y sin aceites se absorbe rápidamente.","<ul><li>Utiliza nuestro sérum para tratar las manchas oscuras dos veces al día, mañana y noche.</li><li>Dispensa 1 o 2 dosis en la yema de los dedos.</li><li>Extiende el sérum por todo el rostro evitando el contorno de ojos.</li><li>A continuación, aplica una crema hidratante.</li><li>El protector solar diario es imprescindible. Aplícalo por la mañana después de la hidratante.</li></ul>","Even Better Clinical",,96.0000
000365703,"Rénergie H.P.N. UVMUNE SPF50 Cream",lancome-renergie-hpn-uvmune-spf50-cream-50-ml-000365703,https://ultrafemme.com/media/catalog/product/3/6/365703_3614274420364_01_f72e.jpg,"Crema antiedad","Todo tipo de piel",,3365.000000,,"<ul><li>MANCHAS OSCURAS</li><li>FLACIDEZ DE LA PIEL</li><li>ARRUGAS</li></ul>",Lancôme,"<ul><li>ÁCIDO HIALURÓNICO Conocido por absorber varias veces su propio peso en agua, lo que ayuda a suavizar y rellenar la piel.</li><li>300 PÉPTIDOS Ultraconcentrada y potente, esta combinación de más de 300 tipos de péptidos naturales ayuda a mejorar la firmeza, la elasticidad y las arrugas.</li><li>NIACINAMIDA + TECNOLOGÍA UVMUNE Nuestra tecnología avanzada para atacar los rayos UVA más largos involucrados en la aparición de signos de fotoenvejecimiento. Conocida por calmar la piel y reducir visiblemente las manchas oscuras.</li></ul>",Cremas,Rénergie,"<p>Descubre nuestra última revolución anti – signos de la edad con la nueva crema Rénergie H.P.N. UVMUNE SPF50. Por primera vez, la alta protección UV se une al antienvejecimiento de alto rendimiento, gracias a la tecnología patentada UVMUNE con Meroxyl 400. Esta poderosa tecnología se dirige a los rayos UVA más largos involucrados en la aparición de signos de fotoenvejecimiento. Sobrecargada con 300 péptidos, ácido hialurónico y niacinamida, esta fórmula innovadora ofrece una acción antienvejecimiento de amplio espectro.</p><ul><li>MANCHAS OSCURAS.</li><li>FLACIDEZ DE LA PIEL</li><li>ARRUGAS</li></ul><p>¿QUÉ MARCA LA DIFERENCIA?</p><p>Clínicamente probado para reducir el 50% de las manchas oscuras. Una fórmula ultra sensorial de alto rendimiento, con un acabado imperceptible en la piel para todo tipo de pieles y tonos. Tan ligera que 9 de cada 10 mujeres dicen que no sienten que se hayan aplicado un SPF.</p>",,Rénergie,3614274420364,6.0000
000364627,"Future Solution Lx Legendary Enmei Serum 30 ml",shiseido-future-solution-lx-legendary-enmei-serum-30-ml-000364627,https://ultrafemme.com/media/catalog/product/3/6/364627_729238212459_01_e34f.jpg,"Suero antiedad","Todo tipo de piel",,8979.000000,,"Un sérum de lujo con ingredientes botánicos legendarios. Renueva la elasticidad y revela luminosidad.",Shiseido,,Sueros,"Future Solution LX","<p>Un suero facial lujoso que mejora visiblemente la calidad de la piel.</p><p>Este suero facial lujoso está formulado con la Hierba Enmei, recolectada a mano de la exuberante naturaleza de Japón en Tenshanichi, el día más auspicioso del calendario japonés. Treasured Green Silk fomenta las fuerzas vitalizadoras que renuevan una piel de aspecto hermoso. Una combinación de la estética tradicional japonesa, tecnología innovadora y maravillas botánicas ancestrales hacen de este suero el más valioso para mejorar la calidad de la piel.</p>","Úselo por la mañana y por la noche después de equilibrar la piel. Presione el dosificador una vez para dispensar el producto en la palma de la mano y extiéndalo por todo el rostro.","Future Solution LX",729238212459,4.0000
000364632,"Ultimate Sun Protector Lotion Mineral SPF60+ 150 ml",shiseido-ultimate-sun-protector-lotion-mineral-spf60-150-ml-000364632,https://ultrafemme.com/media/catalog/product/3/6/364632_730852219892_01_d96d.jpg,"Protector solar corporal","Todo tipo de piel",,1039.000000,,"<ul><li>Protección activa</li><li>Hidratación</li><li>Antienvejecimiento</li><li>SPF 60+</li><li>Loción de textura ligera</li></ul>",Shiseido,,"Protectores solares",Ultimate,"<p>Loción protectora solar 100% mineral translúcida con SPF 60+ para todo tipo de pieles, incluidas las sensibles.</p><p><br></p><p>Este filtro solar mineral para rostro y cuerpo proporciona una protección superior con SPF 60+, ideal para un estilo de vida activo y al aire libre. Esta suave loción contiene un 85% de ingredientes para el tratamiento de la piel que hidratan y mejoran visiblemente las líneas finas, la suavidad y la uniformidad del tono de la piel en 2 semanas. Gracias a la tecnología WetForce, el velo protector se vuelve más resistente al entrar en contacto con el agua y el sudor. Disfruta de una innovación de alto nivel en protección solar.</p>","<ul><li>Agita bien antes de usar.</li><li>Aplica generosamente 15 minutos antes de la exposición solar.</li><li>Reaplicar cada dos horas, o despues de 80 minutos de nadar o sudar, e inmediatamente después de secarse con una toalla.</li></ul>",Ultimate,730852219892,15.0000
000364628,"Future Solution Lx Total Protective Cream SPF30 50 ml",shiseido-future-solution-lx-total-protective-cream-spf30-50-ml-000364628,https://ultrafemme.com/media/catalog/product/3/6/364628_730852212664_01_d109.jpg,"Crema reafirmante","Todo tipo de piel",,5849.000000,,"Una crema de día ultra eficaz que protege y fortalece la piel dejándola más resistente y luminosa.",Shiseido,,Cremas,"Future Solution LX","<p>Una crema facial diaria que brinda protección contra agresores externos, dejando la piel más suave, tersa y resistente con hidratación durante todo el día.</p><p><br></p><p>Inspirada en 40 años de investigación genética, esta rica crema hidratante de día – infusionada con SPF 30 – contiene una fórmula anti-edad ultra lujosa con una textura ligera pero hidratante, que defiende contra los rayos UV y agresores externos para una piel tersa y tersa.</p><p><br></p><p>Formulada con nuestro exclusivo LonGenevity Complex — potenciado por la recientemente mejorada Enmei Herb, Vitamina C, Té Verde y Skingenecell 1P — un derivado aminoácido patentado. Esta poderosa fórmula ayuda a mejorar la función de la barrera cutánea, dejando la piel más luminosa, tersa y suave.</p>","<ul><li>Aplicar por la mañana como último paso de la rutina de cuidado.</li><li>Tomar dos gotas del tamaño de una perla con la espátula y depositar en cinco zonas del rostro (mejillas, frente, nariz y mentón).</li><li>Extender suavemente empezando por las zonas más amplias, como mejillas y frente.</li><li>Después, aplicar desde el centro del rostro hacia afuera. Repetir 2-3 veces.</li><li>Por último, envolver suavemente el rostro con las manos.</li></ul>","Future Solution LX",730852212664,11.0000
000373706,"The Rejuvenating Night Cream 15 ml",la-mer-the-rejuvenating-night-cream-15-ml-000373706,https://ultrafemme.com/media/catalog/product/3/7/373706_747930186403_01_decc.jpg,"Crema antiedad",,,2119.000000,,"<ul><li>En 1 noche, comienza a revertir 8 signos críticos del envejecimiento visible: líneas finas, volumen, suavidad, luminosidad, firmeza, tersura, textura y arrugas.</li><li>En 1 noche, el 91% dijo que la piel se siente más suave.</li><li>En 4 semanas, el 95% dijo que la piel se siente más firme.</li><li>Esta crema de noche con una alternativa suave al retinol acelera la renovación celular sin los efectos secundarios irritantes del retinol. También es adecuada para piel sensible.</li><li>Revierte visiblemente el envejecimiento de la piel, mejora la densidad cutánea, complementa los polímeros naturales de soporte y estimula la renovación celular con la alternativa marina al retinol MRA-3.</li><li>Transformado durante 50 años por la ciencia bioenergética, Miracle Broth amplifica la energía de la piel para ayudar a revertir visiblemente el envejecimiento.</li></ul>","La Mer","Water\Aqua\Eau, Algae Extract, Butyrospermum Parkii (Shea) Butter, Dimethicone, Butylene Glycol , Caprylic/Capric/Myristic/Stearic Triglyceride, Polyglyceryl-3 Methylglucose Distearate, Glycerin, Silica, Coco-Caprylate/Caprate, Simmondsia Chinensis (Jojoba) Seed Oil, Mangifera Indica (Mango) Seed Butter, Polyglyceryl-10 Pentastearate, Glyceryl Stearate, Behenyl Alcohol, Peg-100 Stearate, Dimethicone/Vinyl Dimethicone Crosspolymer, Sesamum Indicum (Sesame) Seed Oil, Medicago Sativa (Alfalfa) Seed Powder, Helianthus Annuus (Sunflower) Seedcake, Prunus Amygdalus Dulcis (Sweet Almond) Seed Meal, Eucalyptus Globulus (Eucalyptus) Leaf Oil, Sodium Gluconate, Copper Gluconate, Calcium Gluconate, Magnesium Gluconate, Zinc Gluconate, Tocopheryl Succinate, Niacin, Sesamum Indicum (Sesame) Seed Powder, Palmitoyl Tripeptide-1, Palmitoyl Tetrapeptide-7, Palmitoyl Hexapeptide-12, Acetyl Hexapeptide-8, Sodium Hyaluronate, Crithmum Maritimum Extract, Laminaria Digitata Extract, Yeast Extract\Faex\Extrait De Levure, Crithmum Maritimum Callus Culture Filtrate, Bambusa Vulgaris (Bamboo) Extract, Citrus Aurantifolia (Lime) Peel Extract, Coffea Arabica (Coffee) Seed Extract, Pisum Sativum (Pea) Extract, Magnesium Ascorbyl Phosphate, Caffeine, Tocopherol, Tocopheryl Acetate, Lecithin, Caprylic/Capric Triglyceride, Ethylhexylglycerin, Potassium Cetyl Phosphate, Hydroxyethyl Acrylate/Sodium Acryloyldimethyl Taurate Copolymer, Peg-8, Acrylates/C10-30 Alkyl Acrylate Crosspolymer, Sodium Stearoyl Lactylate, Glyceryl Polymethacrylate, Carbomer, Sodium Hydroxide, Polysorbate 60, Glucosamine Hcl, Sorbitan Isostearate, Polysorbate 20, Hydrogenated Vegetable Oil, Caprylyl Glycol, Hexylene Glycol, Alcohol Denat., Fragrance (Parfum), Limonene, Linalool, Hydroxycitronellal, Citronellol, Geraniol, Benzyl Salicylate, Benzyl Benzoate, Bht, Disodium Edta, Phenoxyethanol, Chlorphenesin, Potassium Sorbate, Yellow 6 (Ci 15985)",Cremas,,"La Crema de Noche Rejuvenecedora está impulsada por la alternativa marina al retinol MRA-3™ para mejorar la densidad, complementar los polímeros de soporte natural y acelerar la renovación celular, sin la irritación del retinol. Potenciada por Miracle Broth™, nuestro elixir visible de regeneración juvenil, transformado a través de un legado de 50 años de ciencia bioenergética. Esta crema facial anti-edad es ideal para todo tipo y tono de piel, incluyendo piel sensible.","Como paso final en tu rutina nocturna, aplica una pequeña cantidad de la crema anti-edad entre las yemas de los dedos y presiona suavemente sobre la piel. Deslízala sobre las mejillas, frente, mentón, mandíbula y cuello dos veces al día. Esta crema hidratante facial es ideal para usar por la noche.",,747930186403,3.0000
000365702,"Rénergie H.P.N. UVMUNE SPF50 Cream",lancome-renegerie-hpn-uvmune-spf50-cream-75-ml-000365702,https://ultrafemme.com/media/catalog/product/3/6/365702_3614274420357_01_1224.jpg,"Crema antiedad","Todo tipo de piel",,4165.000000,,"<ul><li>MANCHAS OSCURAS</li><li>FLACIDEZ DE LA PIEL</li><li>ARRUGAS</li></ul>",Lancôme,"<ul><li>ÁCIDO HIALURÓNICO Conocido por absorber varias veces su propio peso en agua, lo que ayuda a suavizar y rellenar la piel.</li><li>300 PÉPTIDOS Ultraconcentrada y potente, esta combinación de más de 300 tipos de péptidos naturales ayuda a mejorar la firmeza, la elasticidad y las arrugas.</li><li>NIACINAMIDA + TECNOLOGÍA UVMUNE Nuestra tecnología avanzada para atacar los rayos UVA más largos involucrados en la aparición de signos de fotoenvejecimiento. Conocida por calmar la piel y reducir visiblemente las manchas oscuras.</li></ul>",Cremas,Rénergie,"<p>Descubre nuestra última revolución anti – signos de la edad con la nueva crema Rénergie H.P.N. UVMUNE SPF50. Por primera vez, la alta protección UV se une al antienvejecimiento de alto rendimiento, gracias a la tecnología patentada UVMUNE con Meroxyl 400. Esta poderosa tecnología se dirige a los rayos UVA más largos involucrados en la aparición de signos de fotoenvejecimiento. Sobrecargada con 300 péptidos, ácido hialurónico y niacinamida, esta fórmula innovadora ofrece una acción antienvejecimiento de amplio espectro.</p><ul><li>MANCHAS OSCURAS.</li><li>FLACIDEZ DE LA PIEL</li><li>ARRUGAS</li></ul><p>¿QUÉ MARCA LA DIFERENCIA?</p><p>Clínicamente probado para reducir el 50% de las manchas oscuras. Una fórmula ultra sensorial de alto rendimiento, con un acabado imperceptible en la piel para todo tipo de pieles y tonos. Tan ligera que 9 de cada 10 mujeres dicen que no sienten que se hayan aplicado un SPF.</p>",,Rénergie,3614274420357,13.0000
000364631,"Ultimate Sun Protector Cream SPF50+ 50 ml",shiseido-ultimate-sun-protector-cream-spf50-50-ml-000364631,https://ultrafemme.com/media/catalog/product/3/6/364631_730852224728_01_ce5a.jpg,"Protector solar facial","Todo tipo de piel",,839.000000,,"<ul><li>Protección Solar.</li><li>Alisar / Suavizar</li><li>Rellenar</li><li>SPF 50+</li><li>Crema gel de textura ligera</li></ul>",Shiseido,,"Protectores solares",Ultimate,"<p>Un filtro solar para el rostro suave e hidratante con potente protección SPF 50, ideal para actividades intensas al aire libre.</p><p>Este filtro solar para el rostro humectante brinda protección solar potente pero liviana con SPF 50. Esta crema está enriquecida con un 80% de ingredientes para el tratamiento de la piel, incluido el ácido hialurónico, que hidrata profundamente y mejora visiblemente las líneas finas y la suavidad y unifica el tono de la piel en 4 semanas. Formulada con la NUEVA SynchroShieldRepair™ Technology, un velo protector que se fortalece con el calor, el agua y el sudor, y ahora se autorrepara cuando se desgasta con el movimiento o el roce para lograr una capa de cobertura uniforme y duradera.</p>","<ul><li>Agitar bien antes de usar.</li><li>En el rostro, aplicar como último paso de la rutina de tratamiento diario.</li><li>Para retirar, aclarar de forma abundante con el limpiador diario.</li><li>Puede utilizarse como fondo de maquillaje.</li></ul>",Ultimate,730852224728,15.0000
000374283,"The Micro Peel 30 ml",la-mer-the-micro-peel-30-ml-000374283,https://ultrafemme.com/media/catalog/product/3/7/374283_747930101543_01_b05f.jpg,"Mascarilla exfoliante",,,5849.000000,,"<ul><li>Refina y repone.</li><li>Estimula y fortalece la barrera cutánea.</li><li>Con cada uso, repone la hidratación de la piel.</li><li>Transforma la apariencia de las imperfecciones.</li><li>Aclara los poros y reduce la densidad de los poros.</li><li>Las líneas finas y arrugas se suavizan visiblemente.</li></ul>","La Mer","Water\Aqua\Eau, Alcohol Denat., Limnanthes Alba (Meadowfoam) Seed Oil, Caprylic/Capric Triglyceride, Dimethicone, Hydrogenated Polydecene, Propanediol, Glycolic Acid, Lactobacillus Ferment, Glycerin, Trisiloxane, Simmondsia Chinensis (Jojoba) Seed Oil, Prunus Amygdalus Dulcis (Sweet Almond) Oil, Sodium Citrate, Polydecene, Gluconolactone, Algae Extract, Sesamum Indicum (Sesame) Seed Oil, Medicago Sativa (Alfalfa) Seed Powder, Helianthus Annuus (Sunflower) Seedcake, Prunus Amygdalus Dulcis (Sweet Almond) Seed Meal, Eucalyptus Globulus (Eucalyptus) Leaf Oil, Sodium Gluconate, Copper Gluconate, Calcium Gluconate, Magnesium Gluconate, Zinc Gluconate, Tocopheryl Succinate, Niacin, Sesamum Indicum (Sesame) Seed Powder, Phytic Acid, Lactic Acid, Salicylic Acid, Camelina Sativa Seed Oil, Brassica Campestris (Rapeseed) Seed Oil, Oxycoccus Palustris (Cranberry) Seed Oil, Spirulina Platensis (Algae) Powder, Sigesbeckia Orientalis (St. Paul'S Wort) Extract, Pisum Sativum (Pea) Extract, Bambusa Vulgaris (Bamboo) Extract, Crithmum Maritimum Extract, Salicornia Herbacea Extract, Laminaria Ochroleuca Extract, Commiphora Mukul Resin Extract, Prunus Mume Fruit Extract, Chlorophyllin-Copper Complex, Eugenia Caryophyllus (Clove) Flower Extract, Castanea Sativa (Chestnut) Seed Extract, Tocopheryl Acetate, Butylene Glycol, Acetyl Hexapeptide-8, Tourmaline, Beta-Carotene, Caffeine, Neopentyl Glycol Dicaprate, Phenyl Trimethicone, Tetrahexyldecyl Ascorbate, Thermus Thermophillus Ferment, Mineral Oil\Paraffinum Liquidum\Huile Minerale, Camphor, Sodium Hyaluronate, Yeast Extract\Faex\Extrait De Levure, Zea Mays (Corn) Oil, Ethylhexylglycerin, Sodium Hydroxide, Glucosamine Hcl, Alcohol, Lecithin, Caprylyl Glycol, Fragrance (Parfum), Limonene, Hexyl Cinnamal, Benzyl Salicylate, Linalool, Eugenol, Bht, Disodium Edta, Sorbic Acid, Potassium Sorbate, Phenoxyethanol, Blue 1 (Ci 42090), Red 4 (Ci 14700), Yellow 5 (Ci 19140), Green 6 (Ci 61565)",Mascarillas,,"El potente pero suave Micro Peel refina la piel para que luzca clara y con una translucidez saludable, al mismo tiempo que fortalece su barrera. Con el tiempo, la apariencia de los poros e imperfecciones se transforma, las líneas finas y arrugas se suavizan visiblemente, y el tono y la textura de la piel se vuelven más uniformes.","Por la noche, después de limpiar tu piel, agita suavemente The Micro Peel para activar la fórmula y aplica una capa delgada y uniforme con los dedos, evitando labios, ojos y el contorno de los ojos. Puedes experimentar una ligera sensación de hormigueo durante la aplicación. No enjuagues una vez que esté seco. Continúa con tu serum La Mer y una crema hidratante de tu elección.",,747930101543,3.0000
000364629,"Future Solution Lx Legendary Enmei Cream 50 ml",shiseido-future-solution-lx-legendary-enmei-cream-50-ml-000364629,https://ultrafemme.com/media/catalog/product/3/6/364629_729238212466_01_36bd.jpg,"Crema antiedad","Todo tipo de piel",,11389.000000,,"Crema global anti-edad. Formulado con el lujoso extracto de hierba Enmei y seda verde",Shiseido,,Cremas,"Future Solution LX","<p>Una crema facial lujosa que revela una piel tersa y rejuvenecida en tan solo 1 semana.</p><p><br></p><p>La crema facial definitiva para una piel visiblemente renovada, llevándola a su máxima belleza. Este hidratante de lujo combate múltiples signos de envejecimiento para revelar una piel tersa y rejuvenecida en solo 1 semana.</p><p><br></p><p>Formulada con Legendary Enmei Complex y SublimActive para ayudar a apoyar el ciclo natural de renovación celular, esta crema facial renueva visiblemente la piel. Doce ingredientes altamente efectivos, incluyendo extractos de hoja de durazno, té verde y hoja de sakura, atacan múltiples signos de envejecimiento para un aspecto más bello, vibrante y radiante.</p>","<ol><li>Después de la loción equilibrante, extender la crema sobre la cara.</li><li>Calentar un poco más de crema en las manos e inhalar profundamente.</li><li>Exhalar profundamente echando la cabeza atrás. Inhalar de nuevo deslizando los pulgares desde la barbilla hasta las orejas por la línea de la mandíbula. Repetir 2 veces.</li><li>Exhalar profundamente y situar los dedos índice verticalmente sobr las arrugas a los lados de la boca. Al inhalar, deslizar los dedos hacia fuera. Repetir 2 veces.</li><li>Exhalar intensamente con cuatro dedos bajo cada ojo. Al inhalar, deslizarlos hacia las sienes de forma ascendente. Repetir 2 veces.</li><li>Con cuatro dedos bajo cada ceja, exhalar profundamente. Inhalar de nuevo deslizándolos por la frente hacia el nacimiento del pelo.</li><li>Con la palma de la mano extender crema por el cuello con un movimiento ascendente, después extender hacia abajo por los hombros y el pecho. Repetir en el otro lado.</li></ol>","Future Solution LX",729238212466,3.0000
000373259,"Sisleÿum Mattifying Gel Cream 50 ml",sisley-sisleyum-mattifying-gel-cream-50-ml-000373259,https://ultrafemme.com/media/catalog/product/3/7/373259_3473311550507_01_f405.jpg,"Crema antiedad",Mixta,,7000.000000,,"Totalmente revitalizada y fortalecida, la piel está más firme, lisa, pura y matificada durante todo el día.","Sisley Paris",,Cremas,,"<p>Tratamiento multiprotector antiedad matificante dedicado a la piel masculina. Una fórmula innovadora con 3 niveles de acción para responder eficazmente a las necesidades específicas de las pieles mixtas a grasas.</p><ol><li>ACCIÓN ANTIEDAD</li><ul><li>Una combinación de activos naturales antiedad para combatir los signos específicos de la edad en la piel masculina:</li><li>El extracto de Isodonis japonicus combate la pérdida de firmeza, para una piel más tonificada y firme.</li><li>La Adenosina ayuda a alisar las arrugas y las líneas de expresión.</li></ul><li>ACCIÓN ANTIESTRÉS</li><p>Primer activo exclusivo creado por los Laboratorios Sisley, el Phyt'active de Kinkeliba ayuda a calmar y proteger eficazmente la piel frente a las agresiones diarias internas y ambientales:</p><ul><li>Una acción calmante para reducir las irritaciones y rojeces ligadas a las múltiples agresiones (afeitado, contaminación...) así como las molestias (sequedad, crecimiento del pelo...)</li><li>Una acción antioxidante para aumentar el potencial de defensa natural de la piel.</li></ul><li>ACCIÓN REEQUILIBRANTE</li><p>Reduce el exceso de sebo responsable de los brillos:</p><ul><li>El extracto de Té de Java cierra visiblemente los poros</li><li>El Almidón vegetal ayuda a neutralizar los brillos y proporciona un efecto matificante instantáneo a la piel.</li></ul><p>Ultraligera, no grasa y no pegajosa, la textura de Gel-Crème Matifiant Anti-Âge ofrece una sensación de frescor inmediata desde su aplicación.</p><p>Se funde agradablemente sobre la piel y penetra rápidamente para un acabado ""piel desnuda"" prácticamente imperceptible al tacto.</p><p>Auténtico sello olfativo de Sisleÿum for Men, la fragancia ligera con notas amaderadas, ambarinas y especiadas, combinadas con aceites esenciales de Mejorana, Romero y Salvia, ofrece un momento de bienestar instantáneo.</p></ol>","<p>Tomar una pequeña cantidad de Sisleÿum Gel Nettoyant Purifiant y hacer espuma con agua en la palma de la mano. Aplicar sobre el rostro húmedo, evitando el contorno de los ojos. Limpiar bien la piel con movimientos circulares. Enjuagar con abundante agua.</p><p>Utilizar por la mañana y la noche, después de Sisleÿum for Men Lotion Tonique Revitalisante. Aplicar una pequeña cantidad de Sisleÿum for Men Gel-Crème Matifiant Anti-Âge en todo el rostro y el cuello y masajear hasta lograr una absorción completa.</p>",,3473311550507,11.0000
000363804,"Dúo Sisleÿa L'Intégral Anti-Âge & Ginkgo Gua Sha Set 50 ml",sisley-duo-sisleya-l-integral-anti-age-and-ginkgo-gua-sha-set-50-ml-000363804,https://ultrafemme.com/media/catalog/product/3/6/363804_3473311500878_01_23fe.jpg,"Crema antiedad",,,13200.000000,,<ul><li>Firmeza</li><li>Nutrición</li><li>Anti-edad</li><li>Radiante</li></ul>,"Sisley Paris",,Sets,,"Un dúo experto, el icónico Sisleÿa L'Intégral Anti-Âge y el elegante pero técnico Ginkgo Gua Sha proporcionan resultados espectaculares en la aparición de arrugas, firmeza e hidratación.","<p>Sisleÿa L'Intégral Anti-Âge</p><p>Aplicar Sisleÿa L'Intégral Anti-Âge mañana y noche, en rostro y cuello después de la limpieza. Masajee ligeramente para absorber. Utilice la técnica de la “orquídea mariposa” para una aplicación ultrasensorial.</p><p>Ginkgo Gua Sha</p><p>Utilice el Ginkgo Gua Sha en rostro y cuello, por la mañana después de aplicar Sisleÿa L'Integral Anti-Age y por la noche después de aplicar Supremÿa At Night The Supreme Anti-Ageing o The Supreme Anti-Ageing Cream, con el masaje específico. técnica. Limpiar únicamente con agua y jabón.</p>",,3473311500878,4.0000
000376941,"UV Solutions Hydrating Sunscreen SPF50 40 ml",clinique-uv-solutions-hydrating-sunscreen-spf50-40-ml-000376941,https://ultrafemme.com/media/catalog/product/3/7/376941_192333266755_01_0a2e.jpg,"Protector solar",,,499.000000,,"Hidratante, Protección SPF",Clinique,"Water Aqua Eau, Homosalate, Octocrylene, Ethylhexyl Salicylate, Glycerin, Phenyl Trimethicone, Butyl Methoxydibenzoylmethane, Silica, Dextrin Palmitate, Butyloctyl Salicylate, Butylene Glycol, Triacontanyl Pvp, Hydrogenated Lecithin, Sodium Hyaluronate, Tocopherol, Algae Extract, Litchi Chinensis Seed Extract, Oryzanol, Biosaccharide Gum-1, 7-dehydrocholesterol, Hydroxyethyl Acrylate/sodium Acryloyldimethyl Taurate Copolymer, Ammonium Acryloyldimethyltaurate/beheneth-25 Methacrylate Crosspolymer, Glyceryl Stearate, Peg-100 Stearate, Sorbitan Isostearate, Polysorbate 20, Polysorbate 60, Isododecane, Citric Acid, Xanthan Gum, Acrylates/dimethicone Copolymer, Dextrin, Tocopheryl Acetate, Disodium Edta, Phenoxyethanol, Sodium Benzoate","Protectores solares","UV Solutions","<p>Protector solar hidratante diario sin peso, potenciado con cuidado para la piel que brinda hidratación instantánea y duradera. Protege contra los rayos UVA y UVB y ofrece antioxidantes durante todo el día para ayudar a combatir los radicales libres que dañan la piel.</p>",,"UV Solutions",192333266755,2.0000
000373705,"Revitalizing Supreme+ Moisturizer Youth Power Creme",estee-lauder-revitalizing-supreme-moisturizer-youth-power-creme-30-ml-000373705,https://ultrafemme.com/media/catalog/product/3/7/373705_887167539549_01_d8f4.jpg,"Crema antiedad",,,1759.000000,,,"Estee Lauder","Ingredients: Water\Aqua\Eau, Dimethicone, Glycerin, Isohexadecane, Butylene Glycol, Bis-Peg-18 Methyl Ether Dimethyl Silane, Peg-10 Dimethicone, Disteardimonium Hectorite, Moringa Oleifera Seed Extract, Hibiscus Sinensis Flower Extract, Sodium Hyaluronate, Acetyl Hexapeptide-8, Laminaria Digitata Extract, Whey Protein\Lactis Protein\Proteine Du Petit-Lait, Opuntia Tuna Extract, Acetyl Glucosamine, Tocopheryl Acetate, Narcissus Tazetta Bulb Extract, Squalane, Algae Extract, Hypnea Musciformis (Algae) Extract, Pyrus Malus (Apple) Fruit Extract, Cucumis Sativus (Cucumber) Fruit Extract, Lens Esculenta (Lentil) Fruit Extract, Citrullus Lanatus (Watermelon) Fruit Extract, Silybum Marianum (Lady's Thistle) Extract, Gelidiella Acerosa Extract, Helianthus Annuus (Sunflower) Seed Extract, Sigesbeckia Orientalis (St. Paul's Wort) Extract, Caffeine, Hordeum Vulgare (Barley) Extract\Extrait D'orge, Sodium Lactate, Triticum Vulgare (Wheat) Germ Extract, Sorbitol, Propylene Glycol Dicaprate, Sucrose, Sodium Pca, Aminopropyl Ascorbyl Phosphate, Pentylene Glycol, Caprylyl Glycol, Propylene Carbonate, Polyethylene, Polysilicone-11, Peg-32, Peg-6, Disodium Edta, Isoceteth-20, Isododecane, Citric Acid, Fragrance (Parfum), Bht, Sodium Citrate, Potassium Sorbate, Sodium Dehydroacetate, Sodium Benzoate, Phenoxyethanol, Iron Oxides (Ci 77491)",Cremas,"Revitalizing Supreme","<p>El poder rejuvenecedor está dentro de tu piel. </p><p>Luce una apariencia más firme, radiante y profundamente nutrida, por primera vez con efecto reafirmante. Con nuestro complejo insignia RevitaKey™ que combina el poderoso efecto del extracto de moringa con efectivos reconstructores de colágeno como los péptidos, extractos de algas marinas y proteína de suero. </p><p>La tecnología RevitaKey™ motiva a la producción natural de colágeno, desbloqueando el potencial de la piel para lucir un aspecto más juvenil a través de componentes anti-edad. </p><ul><li>Mejora la firmeza, densidad y elasticidad de tu piel para una apariencia firme. </li><li>Reduce drásticamente la apariencia de líneas de expresión y arrugas. Devuelve a tu rostro su brillo sano y natural.</li></ul>",,"Revitalizing Supreme",887167539549,10.0000
000363701,"Tonique Confort",lancome-tonique-confort-400-ml-000363701,https://ultrafemme.com/media/catalog/product/3/6/363701_3614274145250_01_6c4a.jpg,"Loción hidratante","Todo tipo de piel",,1395.000000,,"<ul><li>1 segundo para calmar la piel.</li><li>barrera cutánea reparada en un 92% en 1 hora.</li><li>-41% sensibilidad de la piel.</li><li>El 94% de las mujeres sienten su piel más cómoda y el 88% menos irritada.</li></ul>",Lancôme,"762508 133 AQUA / WATER / EAU ● GLYCERIN ● MALVA SYLVESTRIS FLOWER/LEAF/STEM WATER - MALLOW FLOWER/LEAF/STEM WATER ● ROSA CENTIFOLIA FLOWER WATER ● SQUALANE ●
SODIUM HYALURONATE ● SODIUM HYDROXIDE ● HYDROXYACETOPHENONE ● CAPRYLYL GLYCOL ● CITRIC ACID ● ACRYLATES/C10-30 ALKYL ACRYLATE CROSSPOLYMER ● POTASSIUM SORBATE ● SODIUM BENZOATE ● CHLORPHENESIN ● PARFUM / FRAGRANCE ● (F.I.L. N70040628/1)",Lociones,"Tonique Confort","<p>Con una trayectoria de 30 años de investigación en neurociencia, Lancôme destaca que el estrés afecta directamente a la piel: debilita la barrera cutánea, lo que provoca sensibilidad y deshidratación.</p><p>El nuevo Tonique Confort, la loción más icónica de Lancôme, ahora está infundido con agua de rosa Centifolia pura e impulsado por hidroactivos biotecnológicos [Ácido Hialurónico y Escualano]. Para proporcionar una eficacia de hidratación duplicada y una eficacia percibida en la reducción del enrojecimiento después de 1 frasco.</p>","Aplicar día y noche.","Tonique Confort",3614274145250,2.0000
000375947,"Acniben Limpiador Matificante",isdin-acniben-limpiador-matificante-200-ml-000375947,https://ultrafemme.com/media/catalog/product/3/7/375947_8429420227606_01_36c4.jpg,"Gel limpiador",Seca,,519.000000,,"<p>Cuidado de la piel grasa y con tendencia acneica.</p><p>Evaluación tras 4 semanas de uso:</p><ul><li>97% Limpia profundamente la piel, respetándola.</li><li>97% Deja la piel matificada.</li><li>93% Elimina la suciedad, el exceso de sebo y la sensación aceitosa.</li><li>90% Limpia los poros en profundidad.</li></ul>",Isdin,"<ul><li>Zinc PCA. Matifica la piel, reduce los brillos y disminuye la visibilidad de los poros.</li><li>Ácido salicílico. Desobstruye la suciedad de los poros.</li><li>Glicerina. Sus propiedades humectantes retienen el agua de la piel, manteniéndola hidratada.</li></ul>",Geles,,"Limpia sin resecar la piel del cuerpo y del rostro con Acniben® Limpiador Matificante. Desobstruye los poros, elimina las impurezas y reduce el exceso de sebo de la piel grasa o con tendencia acneica, dejándola fresca y matiﬁcada.","Uso diario para una piel limpia y matificada. Humedece con agua el rostro y las manos. Extiende Acniben® Limpiador Matificante y masajea suavemente, sobre todo en la frente, la nariz y la barbilla. Enjuaga con abundante agua.",,8429420227606,10.0000
000376997,"English Pear & Sweet Pea Hand Cream 30 ml",jo-malone-london-english-pear-and-sweet-pea-hand-cream-30-ml-000376997,https://ultrafemme.com/media/catalog/product/3/7/376997_690251170692_01_d38c.jpg,"Crema de manos",,,489.000000,,,"Jo Malone London","Water Aqua Eau , Glycerin , Dimethicone , Caprylic/capric Triglyceride , Helianthus Annuus (sunflower) Seed Oil , Glycol Stearate , Fragrance (parfum) , Cetyl Alcohol , Peg-100 Stearate , Sorbitan Oleate , Isohexadecane , Sodium Hyaluronate , Squalane , Linoleic Acid , Cholesterol , Dimethiconol , Simmondsia Chinensis (jojoba) Seed Oil , Citrullus Lanatus (watermelon) Fruit Extract , Lens Esculenta (lentil) Fruit Extract , Pyrus Malus (apple) Fruit Extract , Hordeum Distichon (barley) Extract Extrait D'orge À Deux Rangs , Triticum Vulgare (wheat) Germ Extract , Sodium Lactate , Sodium Pca , Caprylyl Glycol , Hexylene Glycol , Acrylates/c10-30 Alkyl Acrylate Crosspolymer , Palmitic Acid , Stearic Acid , Tromethamine , Carbomer , Xanthan Gum , Tetramethyl Acetyloctahydronaphthalenes , Geraniol , Dimethyl Phenethyl Acetate , Alpha-isomethyl Ionone , Linalyl Acetate , Linalool , Pogostemon Cablin (patchouli) Oil , Citronellol , Hydroxycitronellal , Benzyl Salicylate , Isoeugenyl Acetate , Hexyl Cinnamal , Limonene , Geranyl Acetate , Lavandula Oil/extract , Beta-caryophyllene , Tocopheryl Acetate , Sodium Phytate , Potassium Sorbate , Sodium Benzoate , Phenoxyethanol",Cremas,"English Pear & Sweet Pea","<p>Una fragancia coqueta embotellada en una crema de manos ligera cargada con ingredientes nutritivos y suavizantes.</p><p>Con ácido hialurónico y glicerina de origen natural, la fórmula cuidadosa y de fácil absorción repone la hidratación de las manos durante 8 horas. Deja la piel suave, tersa y perfumada con esta fragancia deliciosa y floral suave. La crema de manos viene en un tubo de aluminio totalmente reciclable. La fórmula calmante e hidratante es un deleite, ya sea que la guardes para ti o la regales a tus seres queridos.</p><p>Huertos calentados por el sol cobran vida mientras peras verdes tentadoras llenan las ramas. Las frutas jugosas envueltas en delicados guisantes dulces de tonos pastel, descansan sobre una base de almizcle blanco polvoriento.</p>",,"English Pear & Sweet Pea",690251170692,3.0000
000373260,"Sisleÿum Purifying Cleansing 125 ml",sisley-sisleyum-purifying-cleansing-125-ml-000373260,https://ultrafemme.com/media/catalog/product/3/7/373260_3473311550705_01_b8b5.jpg,"Gel limpiador","Todo tipo de piel",,2350.000000,,"<p>Al instante, la piel se limpia y purifica en profundidad, y vuelve a ""respirar"".</p><p>La piel luce suave, pura y mate. El Phyt'active de Kinkeliba, primer activo exclusivo creado por Sisley, calma la piel y ayuda a reducir las molestias y los signos de irritación provocados por el estrés diario.</p><p>Con el tiempo, la piel luce más luminosa y fresca.</p><p>Este limpiador facial para hombres respeta la película hidrolipídica de la piel y ayuda a evitar que esta se reseque, dejándola flexible y confortable.</p>","Sisley Paris",,Geles,,"<p>Primera etapa esencial de la rutina Sisleÿum for Men, Gel Nettoyant Purifiant libera la piel de impurezas, restos de contaminación y exceso de sebo.</p><p>Su textura en gel espumosa, muy refrescante y ligera, envuelve la piel en una agradable sensación de frescor.</p><p>Fácil de enjuagar, es ideal para la limpieza diaria de la barba.</p><p>Auténtica firma olfativa de Sisleÿum for Men, su fragancia ligera con notas amaderadas, ambarinas y especiadas, combinadas con aceites esenciales de Mejorana, Romero y Salvia, ofrece un momento de bienestar instantáneo.</p><p>La piel está perfectamente preparada para recibir todos los beneficios del ritual Sisleÿum for Men.</p>","<p>Tomar una pequeña cantidad de Sisleÿum Gel Nettoyant Purifiant y hacer espuma con agua en la palma de la mano. Aplicar sobre el rostro húmedo, evitando el contorno de los ojos. Limpiar bien la piel con movimientos circulares. Enjuagar con abundante agua.</p><p>Utilizar diariamente por la mañana o la noche, antes de Sisleÿum for Men Lotion Tonique Revitalisante.</p>",,3473311550705,7.0000
000364630,"Future Solution Lx Universal Defense SPF50 50 ml",shiseido-future-solution-lx-universal-defense-spf50-50-ml-000364630,https://ultrafemme.com/media/catalog/product/3/6/364630_730852213104_01_ea54.jpg,"Protector solar facial","Todo tipo de piel",,2299.000000,,"Protección UV de primera calidad y cuidado antienvejecimiento avanzado en un protector solar premium, refrescante y humedecido, altamente resistente al agua.",Shiseido,,"Protectores solares","Future Solution LX","<p>Una lujosa crema facial diaria con protector solar de amplio espectro SPF 50 que protege contra múltiples agresores diurnos e hidrata la piel durante 12 horas.</p><p><br></p><p>Este protector solar con acabado luminoso protege la piel de los rayos UV y la resguarda de los efectos de la contaminación ambiental y el polvo. Proporciona una hidratación duradera, dejando un acabado terso y radiante sin sensación grasosa. Formulado con Extracto de Hierba Enmei japonesa y Complejo de Hongo Dorado para apoyar la condición de la piel y defenderla contra múltiples factores ambientales. Con el uso continuo, se mejora la apariencia de resiliencia y brillo de la piel y las líneas finas se reducen visiblemente.</p>","<ul><li>Úselo como último paso de su rutina de cuidado facial. Aplique la cantidad recomendada en la palma de la mano y extiéndala suavemente sobre el rostro (dosis recomendada para el rostro: como base de maquillaje: 1 gota del tamaño de una perla; como protector UV: 2 gotas del tamaño de una perla).</li><li>Se puede usar en rostro, cuello, manos y cuerpo.</li><li>Se puede usar como base de maquillaje.</li><li>No es necesario usar un limpiador específico; se puede retirar con el limpiador diario.</li></ul>","Future Solution LX",730852213104,13.0000
000373258,"Sisleÿum Revitalizing Lotion 150 ml",sisley-sisleyum-revitalizing-lotion-150-ml-000373258,https://ultrafemme.com/media/catalog/product/3/7/373258_3473311550408_01_c58a.jpg,"Loción facial","Todo tipo de piel",,3500.000000,,"<p>Al instante, la piel parece tonificada y energizada, y el rostro más descansado gracias al extracto de Mimosa de Constantinopla que aporta sus propiedades energizantes.</p><p>El extracto de flores de Higo Chumbo ayuda a afinar y mejorar la textura de la piel que se vuelve más lisa y suave. Por último, la Vitamina B3 ayuda a reforzar la función de barrera, para dejar la piel hidratada, flexible y confortable.</p><p>Con el tiempo, Lotion Tonique Revitalisante ayuda a calmar las irritaciones, las rojeces y el ardor del afeitado, especialmente gracias al Phyt'active de Kinkeliba, el primer activo creado por Sisley.</p><p>Reequilibrada, la piel está más fresca, luminosa, pura y matificada,sin brillos.</p>","Sisley Paris",,Lociones,,"<p>Segunda etapa de la rutina Sisleÿum for Men, Lotion Tonique Revitalisante prepara, calma y reequilibra la piel después del afeitado, al tiempo que optimiza la eficacia de los productos de tratamiento.</p><p>Colmada de una primera capa de activos antiedad, la piel está perfectamente preparada para recibir todos los beneficios de los tratamientos Sisleÿum for Men.</p><p>No grasa, su textura fluida y ligera proporciona una sensación de frescor inmediato y se absorbe rápidamente para un efecto ""piel desnuda"" prácticamente imperceptible al tacto.</p><p>Auténtico sello olfativo de Sisleÿum for Men, su fragancia ligera con notas amaderadas, ambarinas y especiadas, combinadas con aceites esenciales de Mejorana, Romero y Salvia, ofrece un momento de bienestar instantáneo.</p>","<p>Verter una pequeña cantidad de Sisleÿum for Men Lotion Tonique Revitalisante en la palma de la mano y aplicarla sobre la piel limpia y seca dando toques suaves. Puede utilizarse como loción para después del afeitado para calmar la sensación de irritación.</p><p>Utilizar a diario por la mañana y la noche, antes de Gel-Crème Matifiant Anti-Âge o Baume Confort Sisleÿum for Men.</p>",,3473311550408,4.0000
000370350,"Soothing & Strengthening Set 100 ml",la-mer-soothing-and-strengthening-set-100-ml-000370350,https://ultrafemme.com/media/catalog/product/3/7/370350_747930173311_01_bb22.jpg,"Locion humectante","Todo tipo de piel",,13179.000000,,,"La Mer","Algae Extract, Mineral Oil Paraffinum Liquidum Huile Minerale, Petrolatum, Glycerin, Isohexadecane, Microcrystalline Wax Cera Microcristallina Cire Microcristalline, Lanolin Alcohol, Citrus Aurantifolia (lime) Peel Extract, Sesamum Indicum (sesame) Seed Oil, Eucalyptus Globulus (eucalyptus) Leaf Oil, Sesamum Indicum (sesame) Seed Powder, Medicago Sativa (alfalfa) Seed Powder, Helianthus Annuus (sunflower) Seedcake, Prunus Amygdalus Dulcis (sweet Almond) Seed Meal, Sodium Gluconate, Copper Gluconate, Calcium Gluconate, Magnesium Gluconate, Zinc Gluconate, Magnesium Sulfate, Paraffin, Tocopheryl Succinate, Niacin, Water Aqua Eau, Beta-carotene, Decyl Oleate, Aluminum Distearate, Octyldodecanol, Citric Acid, Cyanocobalamin, Magnesium Stearate, Panthenol, Zea Mays (corn) Oil, Limonene, Geraniol, Linalool, Hydroxycitronellal, Citronellol, Benzyl Salicylate, Benzyl Benzoate, Sodium Benzoate, Alcohol Denat., Fragrance (parfum)",Sets,,"<div>El set contiene:</div><div><br></div><ul><li>The Treatment Lotion de 100 ml.</li><li>The Concentrate de 30 ml.</li><li>Crème de la Mer de 30 ml.</li></ul>",,,747930173311,1.0000
000369188,"Ultimune Power Infusing Serum 50 ml",shiseido-ultimune-power-infusing-serum-50-ml-000369188,https://ultrafemme.com/media/catalog/product/3/6/369188_768614223900_01_e3fb.jpg,"Suero antiedad","Todo tipo de piel",,2409.000000,,"Inspirado en avances científicos de vanguardia, este sérum proactivo ralentiza los signos del envejecimiento a cualquier edad.",Shiseido,,Sueros,Ultimune,"<p>Un novedoso suero para el rostro que retrasa el ciclo de envejecimiento de la piel.</p><p><br></p><p>Inspirado en más de 30 años de investigación sobre inmunidad de la piel. Las pruebas clínicas muestran que este suero innovador ayuda a prevenir y corregir visiblemente los signos de envejecimiento, lo que favorece un aspecto radiante y juvenil. El 95% notó una mejora de la luminosidad y la textura con arrugas menos visibles en 1 semana.</p><p><br></p><p>Esta potente fórmula se nutre de la exclusiva tecnología Power Fermented Camellia+, que contiene flor de Camellia, una planta dinámica que florece a pesar del duro entorno que la rodea en las islas Goto de Nagasaki, Japón.</p>","<ul><li>Aplicar mañana y noche después de la limpieza y antes de la hidratación.</li><li>Presionar el dispensador dos veces para obtener la fórmula. Evita el contacto directo con los ojos. En caso de contacto, lavar los ojos con abundante agua.</li><li>Al usar por primera vez, presionar el dispensador varias veces hasta que salga el sérum.</li><li>Mantener alejado de la luz solar directa y de las altas temperaturas</li></ul>",Ultimune,768614223900,5.0000
000375950,"Acniben Body Spray 150 ml",isdin-acniben-body-spray-150-ml-000375950,https://ultrafemme.com/media/catalog/product/3/7/375950_8470001806475_01_2e98.jpg,"Spray Corporal",Grasa,,999.000000,,"<p>Cuidado de la piel grasa y con tendencia acneica.</p><ul><li>Exfoliante. Proporciona acción exfoliante, renovando la superficie de la piel.</li><li>Regulador. Ayuda a regular el exceso de grasa para una piel más fresca y confortable.</li><li>Accesible. Su vaporizador 360º permite llegar a zonas de difícil acceso como espalda y hombros.</li></ul>",Isdin,"Aplica Acniben® Body diariamente a una distancia de 5-10 cm de la piel. Masajea de forma suave para una mejor absorción. Evita vaporizar sobre el rostro.",Sprays,,"Combate granos e imperfecciones con el spray corporal de secado rápido Acniben® Body. Su fórmula con ácido salicílico y ácido glicólico exfolia y renueva la superficie cutánea, proporcionando una piel más suave y confortable.","<ul><li>Ácido salicílico. Ayuda a mejorar los granos y regula el sebo de la piel grasa. Suaviza la textura de la piel, unificando el tono.</li><li>Ácido glicólico. Promueve la renovación celular y mejora las imperfecciones de la piel.</li></ul>",,8470001806475,10.0000
000375949,"Acniben On The Spot 15 ml",isdin-acniben-on-the-spot-15-ml-000375949,https://ultrafemme.com/media/catalog/product/3/7/375949_8470001855107_01_566b.jpg,"Gel para acné",Grasa,,419.000000,,"<p>El cuidado de la piel grasa con tendencia acneica.</p><ul><li>Seca y elimina. Elimina de forma rápida y sencilla los granos localizados.</li><li>Alisa. Ayuda a evitar marcas residuales y alisa la piel.</li><li>Invisible. Es invisible y no se nota cuando se usa bajo el maquillaje.</li></ul>",Isdin,"<ul><li>Niacinamida. Ayuda a interrumpir la evolución de las imperfecciones y a disminuir el volumen de los granos.</li><li>Ácido salicílico. Exfolia la piel y ayuda a liberar los poros.</li><li>Ácido mandélico. Ayuda a evitar las marcas residuales y alisa la piel.</li></ul>",Geles,,"Elimina granos e imperfecciones de forma rápida y sencilla con el gel de secado rápido Acniben® On the Spot. Su fórmula exclusiva con niacinamida, ácido salicílico y ácido mandélico ayuda a eliminar los granos localizados en la piel grasa y con tendencia acneica.","Aplica Acniben® On the Spot directamente sobre el grano una o varias veces al día hasta su completa desaparición.",,8470001855107,10.0000
000374271,"Black Rose Luke Edward Hall Set 60 ml",black-rose-luke-edward-hall-set-60-ml-000374271,https://ultrafemme.com/media/catalog/product/3/7/374271_3473311320315_01_7031.jpg,"Mascarilla antiedad","Todo tipo de piel",,7450.000000,,"<ul><li>Masque Crème à la Rose Noire 60 ml: ofrece a la piel ""juventud al instante"". Rica en activos antiedad (extracto de Rosa Negra, extracto de Padina Pavónica y extracto de Cáliz de Alquequenje), actúa inmediatamente sobre los signos del cansancio y devuelve a la piel un aspecto joven y lleno de energía.</li><li>Baume-en-Eau à la Rose Noire 50 ml: el tratamiento diario ideal para redensificar la piel y potenciar la luminosidad de la tez. Se basa en los tres pilares de la gama Rose Noire para brindar una eficacia y un placer cada vez mayores:  una textura infinitamente sensorial, una fragancia delicada y adictiva y una acción rejuvenecedora inmediata y a largo plazo.</li><li>Émulsion Exquise à la Rose Noire 15 ml: una emulsión ultrahidratante y embellecedora que proporciona la luminosidad natural y la flexibilidad de una piel joven.</li></ul>","Sisley Paris","Black Rose Cream Mask AQUA/WATER/EAU, BUTYROSPERMUM PARKII (SHEA) BUTTER, GLYCERIN, HYDROXYETHYL ACRYLATE/SODIUM ACRYLOYLDIMETHYL TAURATE COPOLYMER, SQUALANE, BUTYLENE GLYCOL, TOCOPHERYL ACETATE, PANTHENOL, PHYSALIS ALKEKENGI CALYX EXTRACT, VERBASCUM THAPSUS EXTRACT, CHLORELLA VULGARIS EXTRACT, VITIS VINIFERA (GRAPE) LEAF EXTRACT, ROSA HYBRID FLOWER EXTRACT, PADINA PAVONICA THALLUS EXTRACT, MICHELIA ALBA LEAF OIL, PELARGONIUM GRAVEOLENS OIL, ROSE FLOWER OIL/EXTRACT, SIMMONDSIA CHINENSIS (JOJOBA) SEED OIL, GLYCERYL STEARATE, PEG-100 STEARATE, ETHYLHEXYLGLYCERIN, PENTYLENE GLYCOL, POLYSORBATE 60, SORBITAN ISOSTEARATE, DISODIUM EDTA, CITRIC ACID, SODIUM HYDROXIDE, GLYCINE SOJA (SOYBEAN) OIL, PEG-12 DIMETHICONE, PHENOXYETHANOL, SODIUM BENZOATE, POTASSIUM SORBATE, TOCOPHEROL, IRON OXIDES (CI 77491), LINALOOL, PELARGONIUM GRAVEOLENS FLOWER OIL, CITRONELLOL, GERANIOL, BETA-CARYOPHYLLENE, CITRAL. IL#10A Black Rose Skin Infusion Cream AQUA/WATER/EAU, ROSA CENTIFOLIA FLOWER WATER, GLYCERIN, HYDROGENATED POLYISOBUTENE, BUTYROSPERMUM PARKII (SHEA) BUTTER, DIMETHICONE, PENTYLENE GLYCOL, BUTYLENE GLYCOL, CAMELINA SATIVA SEED OIL, TOCOPHERYL ACETATE, PHYSALIS ALKEKENGI CALYX EXTRACT, BIOSACCHARIDE GUM-1, RHODODENDRON FERRUGINEUM EXTRACT, HIBISCUS SABDARIFFA FLOWER EXTRACT, ROSA HYBRID FLOWER EXTRACT, PADINA PAVONICA THALLUS EXTRACT, MICHELIA ALBA LEAF OIL, PELARGONIUM GRAVEOLENS OIL, ROSE FLOWER OIL/EXTRACT, CAPRYLIC/CAPRIC TRIGLYCERIDE, SIMMONDSIA CHINENSIS (JOJOBA) SEED OIL, SODIUM CHLORIDE, DIMETHICONE/PEG-10/15 CROSSPOLYMER, LAURYL PEG-10 TRIS(TRIMETHYLSILOXY)SILYLETHYL DIMETHICONE, GLYCINE SOJA (SOYBEAN) OIL, CITRIC ACID, DIPROPYLENE GLYCOL, SODIUM CITRATE, SODIUM HYDROXIDE, PEG-12 DIMETHICONE, PHENOXYETHANOL, POTASSIUM SORBATE, SODIUM BENZOATE, TOCOPHEROL, IRON OXIDES (CI 77491), LINALOOL, PELARGONIUM GRAVEOLENS FLOWER OIL, CITRONELLOL, GERANIOL, BETA-CARYOPHYLLENE, CITRAL, PINENE, GERANYL ACETATE, TERPINEOL. IL#10A Black Rose Beautifying Emulsion AQUA/WATER/EAU, ROSA CENTIFOLIA FLOWER WATER, SQUALANE, GLYCERIN, ISOPROPYL PALMITATE, PENTYLENE GLYCOL, SUCROSE STEARATE, C10-18 TRIGLYCERIDES, GLYCERYL STEARATE, PEG-100 STEARATE, CAMELINA SATIVA SEED OIL, PENTAERYTHRITYL TETRAISOSTEARATE, BUTYROSPERMUM PARKII (SHEA) BUTTER, PANTHENOL, ZINGIBER ZERUMBET EXTRACT, BIOSACCHARIDE GUM-1, ROSA HYBRID FLOWER EXTRACT, PADINA PAVONICA THALLUS EXTRACT, MICHELIA ALBA LEAF OIL, PELARGONIUM GRAVEOLENS OIL, ROSE FLOWER OIL/EXTRACT, CAPRYLIC/CAPRIC TRIGLYCERIDE, ETHYLHEXYL PALMITATE, SIMMONDSIA CHINENSIS (JOJOBA) SEED OIL, HYDROGENATED POLYISOBUTENE, ACRYLATES/C10-30 ALKYL ACRYLATE CROSSPOLYMER, C18-21 ALKANE, SODIUM HYDROXIDE, DISODIUM EDTA, CITRIC ACID, GLYCINE SOJA (SOYBEAN) OIL, PEG-12 DIMETHICONE, PHENOXYETHANOL, SODIUM BENZOATE, POTASSIUM SORBATE, TOCOPHEROL, MICA, TITANIUM DIOXIDE (CI 77891), IRON OXIDES (CI 77491), LINALOOL, PELARGONIUM GRAVEOLENS FLOWER OIL, CITRONELLOL, GERANIOL, BETA-CARYOPHYLLENE, CITRAL, PINENE, GERANYL ACETATE, TERPINEOL. IL#10A",Sets,"Luke Edward Hall","<p>El artista y diseñador británico Luke Edward Hall realza el cofre Black Rose con sus alegres ilustraciones. Decorado con un colorido escenario de teatro y una excepcional rosa negra, el cofre refleja la belleza de una de las icónicas colecciones de tratamiento de Sisley.</p><p>Este estuche contiene:</p><ul><li>Masque Crème à la Rose Noire 60 ml: ofrece a la piel ""juventud al instante"". Rica en activos antiedad (extracto de Rosa Negra, extracto de Padina Pavónica y extracto de Cáliz de Alquequenje), actúa inmediatamente sobre los signos del cansancio y devuelve a la piel un aspecto joven y lleno de energía.</li><li>Baume-en-Eau à la Rose Noire 50 ml: el tratamiento diario ideal para redensificar la piel y potenciar la luminosidad de la tez. Se basa en los tres pilares de la gama Rose Noire para brindar una eficacia y un placer cada vez mayores:  una textura infinitamente sensorial, una fragancia delicada y adictiva y una acción rejuvenecedora inmediata y a largo plazo.</li><li>Émulsion Exquise à la Rose Noire 15 ml: una emulsión ultrahidratante y embellecedora que proporciona la luminosidad natural y la flexibilidad de una piel joven.</li></ul>","<ul><li>Aplicar Masque Crème à la Rose Noire 2 o 3 veces por semana en una capa gruesa sobre el rostro y el cuello, evitando el contorno de los ojos. Dejar actuar de 10 a 15 minutos y retirar el exceso.</li><li>A continuación, aplicar Baume-en-Eau à la Rose Noire sobre el rostro y el cuello, por la mañana y la noche.</li><li>Por último, aplicar Émulsion Exquise à la Rose Noire por la mañana o la noche sobre la piel limpia y seca con ligeros toques por todo el cuerpo.</li></ul>","Luke Edward Hall",3473311320315,10.0000
000375948,"Acniben Control de Brillos y Granos 40 ml",isdin-acniben-control-de-brillos-y-granos-40-ml-000375948,https://ultrafemme.com/media/catalog/product/3/7/375948_8470003245920_01_bb3e.jpg,"Gel limpiador",Grasa,,769.000000,,"<p>Cuidado de la piel grasa y con tendencia acneica.</p><ul><li>Seborregulador. Regula el exceso de sebo en la piel, ayudando a disminuir las rojeces.</li><li>Matificante. Matifica la piel con imperfecciones y ayuda a reducir los granos.</li><li>Hidratante. Aporta hidratación y elasticidad, proporcionando un acabado sedoso a la piel.</li></ul>",Isdin,"<ul><li>Zinc PCA. Ingrediente que actúa como seborregulador.</li><li>Niacinamida. Regula el exceso de sebo y ayuda a disminuir las rojeces.</li><li>Ácido hialurónico. Aporta hidratación y elasticidad a tu piel, dándole un aspecto más jugoso.</li></ul>",Geles,,"Combate los granos e imperfecciones de la piel grasa o con tendencia acneica con la crema facial de textura ligera Acniben® Control de Brillos y Granos. Su fórmula con Zinc PCA y ácido hialurónico hidrata y matifica, proporcionando un acabado sedoso.","Aplica Acniben® Control de Brillos y Granos por la mañana o por la noche como segundo paso de la rutina. Masajea hasta su correcta absorción.",,8470003245920,12.0000
000376989,"DayWear Glow Boost Gel Cleanser 125 ml",estee-lauder-daywear-glow-boost-gel-cleanser-125-ml-000376989,https://ultrafemme.com/media/catalog/product/3/7/376989_887167823556_01_2cb0.jpg,"Gel limpiador",,,489.000000,,"Protección SPF","Estee Lauder","Water Aqua Eau, Sodium Laureth Sulfate, Acrylates Copolymer, Sodium Coco-sulfate, Lauramidopropyl Betaine, Glycerin, Butylene Glycol, Sucrose, 1,2-hexanediol, Cucumis Sativus (cucumber) Fruit Extract, Chlorella Vulgaris Extract, Laminaria Saccharina Extract, Sodium Hyaluronate, Caffeine, Lactoperoxidase, Sodium Pca, Glucose Oxidase, Caprylyl Glycol, Potassium Hydroxide, Polysorbate 20, Sodium Chloride, Potassium Phosphate, Polyquaternium-7, Glucose, Myristamidopropyl Betaine, Xanthan Gum, Fragrance (parfum), Linalool, Disodium Edta, Tetrasodium Edta, Phenoxyethanol, Sodium Benzoate, Methylchloroisothiazolinone, Chromium Hydroxide Green (ci 77289)",Geles,DayWear,"<p>El limpiador espumoso fresco elimina al instante el exceso de grasa, maquillaje (incluido el maquillaje de larga duración), protector solar, contaminantes y residuos diarios. Listo, preparado, ilumina todo el día.</p>",,DayWear,887167823556,2.0000
000368501,"Black Rose Duo Set 50 ml",sisley-black-rose-duo-set-50-ml-000368501,https://ultrafemme.com/media/catalog/product/3/6/368501_3473311320278_01_af7a.jpg,"Crema iluminadora","Todo tipo de piel",,7100.000000,,"Luminosidad e hidratación.","Sisley Paris","<p>Black Rose Eye Contour Fluid AQUA/WATER/EAU, ROSA CENTIFOLIA FLOWER WATER, BUTYLENE GLYCOL, GLYCERIN, ALUMINA, ISOSTEARYL ISOSTEARATE, POLYACRYLATE CROSSPOLYMER-6, BUTYROSPERMUM PARKII (SHEA) BUTTER, TOCOPHERYL ACETATE, CAFFEINE, CHLORELLA VULGARIS EXTRACT, BIOSACCHARIDE GUM-1, ROSE EXTRACT, VITIS VINIFERA (GRAPE) LEAF EXTRACT, PADINA PAVONICA THALLUS EXTRACT, PROPYLHEPTYL CAPRYLATE, CAPRYLIC/CAPRIC TRIGLYCERIDE, HYDROXYETHYL ACRYLATE/SODIUM ACRYLOYLDIMETHYL TAURATE COPOLYMER, SIMMONDSIA CHINENSIS (JOJOBA) SEED OIL, ETHYLHEXYLGLYCERIN, DISODIUM EDTA, POLYSORBATE 60, SORBITAN ISOSTEARATE, CITRIC ACID, SODIUM HYDROXIDE, PHENOXYETHANOL, SODIUM BENZOATE, POTASSIUM SORBATE, TOCOPHEROL, IRON OXIDES (CI 77491). IL#1A Black Rose Skin Infusion Cream AQUA/WATER/EAU, ROSA CENTIFOLIA FLOWER WATER, GLYCERIN, HYDROGENATED POLYISOBUTENE, BUTYROSPERMUM PARKII (SHEA) BUTTER, DIMETHICONE, PENTYLENE GLYCOL, BUTYLENE GLYCOL, CAMELINA SATIVA SEED OIL, TOCOPHERYL ACETATE, PHYSALIS ALKEKENGI CALYX EXTRACT, BIOSACCHARIDE GUM-1, RHODODENDRON FERRUGINEUM EXTRACT, HIBISCUS SABDARIFFA FLOWER EXTRACT, ROSA HYBRID FLOWER EXTRACT, PADINA PAVONICA THALLUS EXTRACT, MICHELIA ALBA LEAF OIL, PELARGONIUM GRAVEOLENS OIL, ROSA DAMASCENA FLOWER OIL, CAPRYLIC/CAPRIC TRIGLYCERIDE, SIMMONDSIA CHINENSIS (JOJOBA) SEED OIL, SODIUM CHLORIDE, DIMETHICONE/PEG-10/15 CROSSPOLYMER, LAURYL PEG-10 TRIS(TRIMETHYLSILOXY)SILYLETHYL DIMETHICONE, GLYCINE SOJA (SOYBEAN) OIL, CITRIC ACID, DIPROPYLENE GLYCOL, SODIUM CITRATE, SODIUM HYDROXIDE, PEG-12 DIMETHICONE, PHENOXYETHANOL, POTASSIUM SORBATE, SODIUM BENZOATE, TOCOPHEROL, IRON OXIDES (CI 77491), LINALOOL, CITRONELLOL, GERANIOL, CITRAL, EUGENOL. IL#2A Black Rose Cream Mask AQUA/WATER/EAU, BUTYROSPERMUM PARKII (SHEA) BUTTER, GLYCERIN, HYDROXYETHYL ACRYLATE/SODIUM ACRYLOYLDIMETHYL TAURATE COPOLYMER, SQUALANE, BUTYLENE GLYCOL, TOCOPHERYL ACETATE, PANTHENOL, PHYSALIS ALKEKENGI CALYX EXTRACT, VERBASCUM THAPSUS EXTRACT, CHLORELLA VULGARIS EXTRACT, ROSE EXTRACT, VITIS VINIFERA (GRAPE) LEAF EXTRACT, PADINA PAVONICA THALLUS EXTRACT, MICHELIA ALBA LEAF OIL, PELARGONIUM GRAVEOLENS OIL, ROSA DAMASCENA FLOWER OIL, SIMMONDSIA CHINENSIS (JOJOBA) SEED OIL, GLYCERYL STEARATE, PEG-100 STEARATE, ETHYLHEXYLGLYCERIN, PENTYLENE GLYCOL, POLYSORBATE 60, SORBITAN ISOSTEARATE, DISODIUM EDTA, CITRIC ACID, SODIUM HYDROXIDE, GLYCINE SOJA (SOYBEAN) OIL, PHENOXYETHANOL, SODIUM BENZOATE, POTASSIUM SORBATE, TOCOPHEROL, IRON OXIDES (CI 77491), LINALOOL, CITRONELLOL, GERANIOL. IL#4A</p>",Sets,,"<p>El set contiene:</p><ul><li>Un Black Rose Skin Infusion Cream 50 ml.</li><li>Un Black Rose Eye Contour Fluid de 14 ml.</li><li>Black Rose Cream Mask de 10 ml.</li></ul><p>Black Rose Duo combina dos de los productos clásicos de culto de Sisley: la crema facial y el fluido para el contorno de ojos. Ambos brindan un brillo y frescura únicos a la piel.</p>","<p>Black Rose Eye Contour Fluid:</p><p>Aplicar mañana y noche sobre la zona del contorno de ojos y párpados.</p><p>Black Rose Skin Infusion Cream:</p><p>Aplicar en rostro y cuello, mañana y noche. Para pieles que carecen de confort, una vez al día, aplica primero unas gotas de Black Rose Precious Face Oil.</p>",,3473311320278,7.0000
000363684,"Vital Perfection Wrinklespot Treatment Duo Trex Set 20 ml",shiseido-vital-perfection-wrinklespot-treatment-duo-trex-20-ml-000363684,https://ultrafemme.com/media/catalog/product/3/6/363684_729238186774_01_bd14.jpg,"Suero antimanchas","Todo tipo de piel",,3549.000000,,"Suaviza las arrugas, ilumina y unifica el tono de la piel",Shiseido,,Sueros,"Vital Perfection","<p>Un tratamiento localizado que está clínicamente comprobado para mejorar visiblemente las arrugas profundas y las manchas oscuras en solo 1 semana. Beneficios concentrados para un look joven que desafía la edad.</p><p><br></p><p>Enriquecido con Pure Retinol Advanced, este tratamiento drásticamente eficaz mejora visiblemente las arrugas, la firmeza y la elasticidad en áreas específicas. Observa las mejoras en las arrugas profundas, las patas de gallo, los pliegues nasolabiales, las líneas de marioneta, las arrugas del cuello y las manchas oscuras en tan solo una semana, y drásticos resultados en cuatro semanas. Esta fórmula de rápida absorción también puede usarse para combatir los poros visibles. Observa la piel más suave y firme, con las manchas oscuras visiblemente atenuadas.&nbsp;</p>","<ul><li>Úsalo por las mañanas y noches como último paso de tu rutina de tratamiento.</li><li>Toma una pequeña cantidad con las yemas de los dedos y aplícala suavemente en las áreas con problemas, como alrededor de los ojos y la boca, en el cuello y sobre las arrugas.</li></ul>","Vital Perfection",729238186774,25.0000
000309916-000309916,"Revitalizing Supreme+ Moisturizer Youth Power Creme",estee-lauder-revitalizing-supreme-moisturizer-youth-power-creme,https://ultrafemme.com/media/catalog/product/3/0/309916_887167539532_01_225d.jpg,"Crema antiedad",,,,,,"Estee Lauder","Ingredients: Water\Aqua\Eau, Dimethicone, Glycerin, Isohexadecane, Butylene Glycol, Bis-Peg-18 Methyl Ether Dimethyl Silane, Peg-10 Dimethicone, Disteardimonium Hectorite, Moringa Oleifera Seed Extract, Hibiscus Sinensis Flower Extract, Sodium Hyaluronate, Acetyl Hexapeptide-8, Laminaria Digitata Extract, Whey Protein\Lactis Protein\Proteine Du Petit-Lait, Opuntia Tuna Extract, Acetyl Glucosamine, Tocopheryl Acetate, Narcissus Tazetta Bulb Extract, Squalane, Algae Extract, Hypnea Musciformis (Algae) Extract, Pyrus Malus (Apple) Fruit Extract, Cucumis Sativus (Cucumber) Fruit Extract, Lens Esculenta (Lentil) Fruit Extract, Citrullus Lanatus (Watermelon) Fruit Extract, Silybum Marianum (Lady's Thistle) Extract, Gelidiella Acerosa Extract, Helianthus Annuus (Sunflower) Seed Extract, Sigesbeckia Orientalis (St. Paul's Wort) Extract, Caffeine, Hordeum Vulgare (Barley) Extract\Extrait D'orge, Sodium Lactate, Triticum Vulgare (Wheat) Germ Extract, Sorbitol, Propylene Glycol Dicaprate, Sucrose, Sodium Pca, Aminopropyl Ascorbyl Phosphate, Pentylene Glycol, Caprylyl Glycol, Propylene Carbonate, Polyethylene, Polysilicone-11, Peg-32, Peg-6, Disodium Edta, Isoceteth-20, Isododecane, Citric Acid, Fragrance (Parfum), Bht, Sodium Citrate, Potassium Sorbate, Sodium Dehydroacetate, Sodium Benzoate, Phenoxyethanol, Iron Oxides (Ci 77491)",Cremas,"Revitalizing Supreme","<p>El poder rejuvenecedor está dentro de tu piel. </p><p>Luce una apariencia más firme, radiante y profundamente nutrida, por primera vez con efecto reafirmante. Con nuestro complejo insignia RevitaKey™ que combina el poderoso efecto del extracto de moringa con efectivos reconstructores de colágeno como los péptidos, extractos de algas marinas y proteína de suero. </p><p>La tecnología RevitaKey™ motiva a la producción natural de colágeno, desbloqueando el potencial de la piel para lucir un aspecto más juvenil a través de componentes anti-edad. </p><ul><li>Mejora la firmeza, densidad y elasticidad de tu piel para una apariencia firme. </li><li>Reduce drásticamente la apariencia de líneas de expresión y arrugas. Devuelve a tu rostro su brillo sano y natural.</li></ul>",,"Revitalizing Supreme",,10.0000
000360256-000360256,"Tonique Confort",lancome-tonique-confort,https://ultrafemme.com/media/catalog/product/3/6/360256_3614274145267_01_b71e.jpg,"Loción hidratante","Todo tipo de piel",,,,"<ul><li>1 segundo para calmar la piel.</li><li>barrera cutánea reparada en un 92% en 1 hora.</li><li>-41% sensibilidad de la piel.</li><li>El 94% de las mujeres sienten su piel más cómoda y el 88% menos irritada.</li></ul>",Lancôme,"762508 133 AQUA / WATER / EAU ● GLYCERIN ● MALVA SYLVESTRIS FLOWER/LEAF/STEM WATER - MALLOW FLOWER/LEAF/STEM WATER ● ROSA CENTIFOLIA FLOWER WATER ● SQUALANE ●
SODIUM HYALURONATE ● SODIUM HYDROXIDE ● HYDROXYACETOPHENONE ● CAPRYLYL GLYCOL ● CITRIC ACID ● ACRYLATES/C10-30 ALKYL ACRYLATE CROSSPOLYMER ● POTASSIUM SORBATE ● SODIUM BENZOATE ● CHLORPHENESIN ● PARFUM / FRAGRANCE ● (F.I.L. N70040628/1)",Lociones,"Tonique Confort","<p>Con una trayectoria de 30 años de investigación en neurociencia, Lancôme destaca que el estrés afecta directamente a la piel: debilita la barrera cutánea, lo que provoca sensibilidad y deshidratación.</p><p>El nuevo Tonique Confort, la loción más icónica de Lancôme, ahora está infundido con agua de rosa Centifolia pura e impulsado por hidroactivos biotecnológicos [Ácido Hialurónico y Escualano]. Para proporcionar una eficacia de hidratación duplicada y una eficacia percibida en la reducción del enrojecimiento después de 1 frasco.</p>","Aplicar día y noche.","Tonique Confort",,3.0000
000365703-000365703,"Rénergie H.P.N. UVMUNE SPF50 Cream",lancome-renergie-hpn-uvmune-spf50-cream,https://ultrafemme.com/media/catalog/product/3/6/365702_3614274420357_01_1224.jpg,"Crema antiedad","Todo tipo de piel",,,,"<ul><li>MANCHAS OSCURAS</li><li>FLACIDEZ DE LA PIEL</li><li>ARRUGAS</li></ul>",Lancôme,"<ul><li>ÁCIDO HIALURÓNICO Conocido por absorber varias veces su propio peso en agua, lo que ayuda a suavizar y rellenar la piel.</li><li>300 PÉPTIDOS Ultraconcentrada y potente, esta combinación de más de 300 tipos de péptidos naturales ayuda a mejorar la firmeza, la elasticidad y las arrugas.</li><li>NIACINAMIDA + TECNOLOGÍA UVMUNE Nuestra tecnología avanzada para atacar los rayos UVA más largos involucrados en la aparición de signos de fotoenvejecimiento. Conocida por calmar la piel y reducir visiblemente las manchas oscuras.</li></ul>",Cremas,Rénergie,"<p>Descubre nuestra última revolución anti – signos de la edad con la nueva crema Rénergie H.P.N. UVMUNE SPF50. Por primera vez, la alta protección UV se une al antienvejecimiento de alto rendimiento, gracias a la tecnología patentada UVMUNE con Meroxyl 400. Esta poderosa tecnología se dirige a los rayos UVA más largos involucrados en la aparición de signos de fotoenvejecimiento. Sobrecargada con 300 péptidos, ácido hialurónico y niacinamida, esta fórmula innovadora ofrece una acción antienvejecimiento de amplio espectro.</p><ul><li>MANCHAS OSCURAS.</li><li>FLACIDEZ DE LA PIEL</li><li>ARRUGAS</li></ul><p>¿QUÉ MARCA LA DIFERENCIA?</p><p>Clínicamente probado para reducir el 50% de las manchas oscuras. Una fórmula ultra sensorial de alto rendimiento, con un acabado imperceptible en la piel para todo tipo de pieles y tonos. Tan ligera que 9 de cada 10 mujeres dicen que no sienten que se hayan aplicado un SPF.</p>",,Rénergie,,19.0000
000375947-000375947,"Acniben Limpiador Matificante",isdin-acniben-limpiador-matificante,https://ultrafemme.com/media/catalog/product/3/7/375947_8429420227606_01_36c4.jpg,"Gel limpiador",Seca,,,,"<p>Cuidado de la piel grasa y con tendencia acneica.</p><p>Evaluación tras 4 semanas de uso:</p><ul><li>97% Limpia profundamente la piel, respetándola.</li><li>97% Deja la piel matificada.</li><li>93% Elimina la suciedad, el exceso de sebo y la sensación aceitosa.</li><li>90% Limpia los poros en profundidad.</li></ul>",Isdin,"<ul><li>Zinc PCA. Matifica la piel, reduce los brillos y disminuye la visibilidad de los poros.</li><li>Ácido salicílico. Desobstruye la suciedad de los poros.</li><li>Glicerina. Sus propiedades humectantes retienen el agua de la piel, manteniéndola hidratada.</li></ul>",Geles,,"Limpia sin resecar la piel del cuerpo y del rostro con Acniben® Limpiador Matificante. Desobstruye los poros, elimina las impurezas y reduce el exceso de sebo de la piel grasa o con tendencia acneica, dejándola fresca y matiﬁcada.","Uso diario para una piel limpia y matificada. Humedece con agua el rostro y las manos. Extiende Acniben® Limpiador Matificante y masajea suavemente, sobre todo en la frente, la nariz y la barbilla. Enjuaga con abundante agua.",,,10.0000
000360724,"The Ritual Of Sakura Hand Balm 70 ml",rituals-the-ritual-of-sakura-hand-balm-70-ml-000360724,https://ultrafemme.com/media/catalog/product/3/6/360724_8719134143324_01_9e7b.jpg,"Bálsamo de manos",,,349.000000,,,Rituals,,Bálsamos,"The Ritual Of Sakura","Este nutritivo y lujoso bálsamo de manos se ha desarrollado especialmente para calmar y nutrir la piel. Desarrollado especialmente para las manos secas, este bálsamo de manos reparador contiene poderosos ingredientes activos buenos para el microbioma, que fortalecen la barrera de la piel y la mantienen equilibrada y sana. La leche de arroz deja la piel suave y flexible y la flor de cerezo asegura un aroma dulce y cremoso. Elaborado con ingredientes de origen natural en un 97%.",,"The Ritual Of Sakura",8719134143324,29.0000
000360720,"The Ritual Of Karma Hand Lotion 70 ml",rituals-the-ritual-of-karma-hand-lotion-70-ml-000360720,https://ultrafemme.com/media/catalog/product/3/6/360720_8719134146493_01_3554.jpg,"Locion de manos",,,319.000000,,,Rituals,"Aqua/Water, Cetearyl Alcohol, Glyceryl Stearate, Propylene Glycol, Glycerin, Dicaprylyl Carbonate, Myristyl Myristate, Undecane, Glyceryl Caprylate, Sodium Phytate, Tocopherol, Camellia Sinensis Leaf Extract, Nelumbo Nucifera Flower Extract, Parfum/Fragrance, Tridecane, Sodium Cetearyl Sulfate, Alcohol, Benzyl Alcohol, Benzyl Salicylate, Limonene, Linalool, Hexyl Cinnamal, Alpha-Isomethyl Ionone, Citronellol, Citral, Citric Acid, Sodium Hydroxide.",Lociones,"The Ritual Of Karma","<p>La salud y la protección están en tus manos gracias a esta loción para manos de The Ritual of Karma. </p><p>La lujosa fórmula, que contiene más del 95 % de ingredientes naturales, ha sido especialmente desarrollada para calmar y suavizar las manos. </p><p>Realzada con el hermoso aroma del loto sagrado y el té blanco, la loción se absorbe rápidamente en la piel.</p>",,"The Ritual Of Karma",8719134146493,18.0000
000360726,"The Ritual Of Ayurveda Hair And Body Mist 50 ml",rituals-the-ritual-of-ayurveda-hair-and-body-mist-50-ml-000360726,https://ultrafemme.com/media/catalog/product/3/6/360726_8719134163148_01_c76a.jpg,"Body Mist",,,679.000000,,,Rituals,"Aqua/Water, PEG-40 Hydrogenated Castor Oil, Trideceth-9, Parfum/Fragrance, Rosa Damascena (Damask Rose) Flower Water, Prunus Amygdalus Dulcis (Sweet Almond) Seed Extract, Phenoxyethanol, Propylene Glycol, Hexyl Cinnamal, Limonene, Linalool, Coumarin, Ethylhexylglycerin, Citronellol, Glycerin, Benzyl Benzoate, Citral, Sodium Hydroxide, Benzyl Alcohol, Alpha-Isomethyl Ionone, Cinnamyl Alcohol, Benzyl Cinnamate, Geraniol, Potassium Sorbate, Sodium Benzoate, Sorbic Acid.",Brumas,"The Ritual Of Ayurveda","<p>Renueva tu energía de los pies a la cabeza con esta bruma para el cuerpo y el cabello de The Ritual of Ayurveda. </p><p>Combinando los ingredientes armoniosos de la rosa de la India y el aceite de almendra dulce, su fórmula no contiene alcohol y es perfecta para pieles sensibles.</p>",,"The Ritual Of Ayurveda",8719134163148,4.0000
000360723,"The Ritual of Karma Overnight Hydra Boost Mask 125 ml",rituals-the-ritual-of-karma-overnight-hydra-boost-mask-125-ml-000360723,https://ultrafemme.com/media/catalog/product/3/6/360723_8719134152616_01_2318.jpg,"Crema corporal",,,499.000000,,,Rituals,"Aqua/Water, Glycerin, Propylheptyl Caprylate, Macrocystis Pyrifera (Kelp) Extract, Camellia Sinensis (White Tea) Leaf Extract, Nelumbo Nucifera (Lotus) Flower Extract, Aloe Barbadensis (Aloe Vera) Leaf Juice, Squalane, Betaine, Sodium Hyaluronate, Caprylyl Glycol, Xanthan Gum, Hydroxyethyl Acrylate/Sodium Acryloyldimethyl Taurate Copolymer, Polysorbate 60, Polyacrylate-13, Polyisobutene, Polysorbate 20, Sorbitan Isostearate, Sodium Sulfate, Sodium Chloride, Biosaccharide Gum-1, Dicaprylyl Carbonate, Tocopherol, Hydrogenated Ethylhexyl Olivate, Hydrogenated Olive Oil Unsaponifiables, Parfum/Fragrance, Benzyl Salicylate, Citral, Citronellol, Hexyl Cinnamal, Linalool, Alpha-Isomethyl Ionone, Limonene, Phenoxyethanol, Sodium Benzoate, Potassium Sorbate, Sorbic Acid, Citric Acid, CI 42090/Blue 1.",Cremas,"The Ritual Of Karma","Disfruta de un sueño reparador y reparador con la Mascarilla Corporal de Noche. Esta ligera crema en gel regenera, revitaliza y nutre la piel deshidratada mientras duermes, devolviéndole su flexibilidad y elasticidad. Formulada con fragancia de té blanco y flor de loto, y el complejo Hydra-Boost con escualano, aloe vera y algas.","Úsalo 1 o 2 veces por semana como refuerzo hidratante, idealmente después de la ducha y antes de acostarte, ya que la piel limpia facilita la penetración de los ingredientes activos. También puedes aplicarlo sobre tu crema corporal habitual y usarlo durante el día. Esta crema sin aclarado se absorbe rápidamente, por lo que no mancha la ropa ni las sábanas.","The Ritual Of Karma",8719134152616,4.0000
000376324,"Sun Tanning Oil Gold SPF50 150 ml",nuxe-sun-tanning-oil-gold-spf50-150-ml-000376324,https://ultrafemme.com/media/catalog/product/3/7/376324_3264680042003_01_fd67.jpg,"Bronceador corporal","Todo tipo de piel",,1495.000000,,,Nuxe,"Complejos de filtros patentados, extracto de arroz y romero, nacares de origen 100% natural",Bronceadores,Sun,"Protección celular antiedad reforzada, gracias a una defensa UVA superior a los estándares europeos.

La piel se muestra visiblemente más luminosa, hidratada y embellecida para el 100 % de las usuarias, tras una prueba de uso de 28 días en 22 voluntarias.","Extraer el producto en las manos antes de aplicarlo sobre el rostro evitando el contorno de los ojos. En el cuerpo, aplicar directamente antes de extenderlo cuidadosamente.

Repetir la aplicación con frecuencia, sobre todo, después de un baño o de secarse con una toalla. Si no se aplica una cantidad suficiente de producto, la protección solar se reduce considerablemente.",Sun,3264680042003,7.0000
000376326,"Super Serum (10) Eye 15 ml",nuxe-super-serum-eye-15-ml-000376326,https://ultrafemme.com/media/catalog/product/3/7/376326_3264680032578_01_cbf8.jpg,"Suero antiedad","Todo tipo de piel",,1550.000000,,,Nuxe,"Acido hialuronico, aceites botanicos fraccionados, niacinamida, complejo botanico pantentado con celulas nativas de edelweiss",Sueros,"Super Serum","Descubre Nuxe Super Serum Eye, un suero antiedad diseñado para corregir integralmente el contorno de ojos. Su fórmula avanzada con ácido hialurónico, aceites botánicos, complejo de Edelweiss, cafeína y péptido biomimético reduce arrugas, ojeras, hinchazón y signos de fatiga, logrando una apariencia 10 años más joven.","Aplicar una pequeña cantidad sobre la piel limpia del contorno de ojos, mañana y noche.
Masajear suavemente con movimientos circulares hasta su completa absorción.","Super Serum",3264680032578,9.0000
000376320,"Huile Prodigieuse Florale",nuxe-huile-prodigieuse-florale-100-ml-000376320,https://ultrafemme.com/media/catalog/product/3/7/376320_3264680015946_01_8375.jpg,"Aceite hidratante","Todo tipo de piel",,995.000000,,,Nuxe,"Avellana, macadamia, argan, tsubaki, almendra dulce, camelia, borraja vitamina e",Aceites,"Huile Prodigieuse","Descubre Nuxe Huile Prodigieuse Florale, un aceite seco multi-usos con una fragancia floral estimulante, ideal para nutrir, reparar y embellecer rostro, cuerpo y cabello. Su fórmula única con 7 aceites botánicos y vitamina E proporciona hidratación, protección y luminosidad, con eficacia probada contra la contaminación y las estrías.","<ul><li>Rostro: Aplicar una pequeña cantidad sobre la piel limpia, solo o mezclado con tu crema hidratante.
</li><li>Cuerpo: Masajear sobre la piel, prestando especial atención a las zonas secas y propensas a estrías.
</li><li>Cabello: Aplicar en medios y puntas para nutrir y dar brillo.
Ideal para uso diario durante todo el día</li></ul>","Huile Prodigieuse",3264680015946,6.0000
000376322,"Huile Prodigieuse Gold Florale 50 ml",nuxe-huile-prodigieuse-gold-florale-50-ml-000376322,https://ultrafemme.com/media/catalog/product/3/7/376322_3264680038334_01_eed0.jpg,"Aceite hidratante","Todo tipo de piel",,895.000000,,,Nuxe,"Avellana, macadamia, argan, tsubaki, almendra dulce, camelia, borraja vitamina e, particulas doradas",Aceites,"Huile Prodigieuse","Descubre Nuxe Huile Prodigieuse Oro Florale, un aceite seco multi-usos con partículas de oro rosa que iluminan instantáneamente rostro, cuerpo y cabello. Su fórmula nutritiva con 7 aceites botánicos y vitamina E deja un acabado satinado, hidrata profundamente y proporciona un brillo de oro rosa irresistible, con eficacia probada en luminosidad e hidratación duradera.","Rostro: Aplicar una pequeña cantidad para iluminar puntos clave o mezclar con la base.
Cuerpo: Masajear sobre la piel para un brillo oro rosa en escote, piernas y brazos.
Cabello: Aplicar en medios y puntas para un brillo dorado rosado y sedoso.
Ideal para uso diario durante todo el día.","Huile Prodigieuse",3264680038334,11.0000
000378313,"Huile Prodigieuse Roll-On 60 ml",nuxe-huile-prodigieuse-roll-on-60-ml-000378313,https://ultrafemme.com/media/catalog/product/3/7/378313_3264680042188_01_5433.jpg,"Aceite corporal",,,850.000000,,"<ul><li<Piel más suave para el 100% de las mujeres tras 28 días.</li><li>Piel nutrida para el 97% de las mujeres tras 28 días.</li><li>Piel reparada para el 97% de las mujeres tras 28 días.</li></ul>",Nuxe,"COCO-CAPRYLATE/CAPRATE, MACADAMIA INTEGRIFOLIA SEED OIL, DICAPRYLYL ETHER, CAPRYLIC/CAPRIC TRIGLYCERIDE, PRUNUS AMYGDALUS DULCIS (SWEET ALMOND) OIL, CORYLUS AVELLANA (HAZELNUT) SEED OIL, CAMELLIA OLEIFERA SEED OIL, PARFUM/FRAGRANCE, CAMELLIA JAPONICA SEED OIL, TOCOPHEROL, ARGANIA SPINOSA KERNEL OIL, BORAGO OFFICINALIS SEED OIL, HELIANTHUS ANNUUS (SUNFLOWER) SEED OIL, TOCOPHERYL ACETATE, ROSMARINUS OFFICINALIS (ROSEMARY) LEAF EXTRACT, POLYGLYCERYL-3 DIISOSTEARATE, AQUA/WATER, ASCORBIC ACID, SOLANUM LYCOPERSICUM (TOMATO) FRUIT EXTRACT, LINALOOL,LIMONENE, CITRONELLOL, GERANIOL [N2212/C].",Aceites,,"<p>El icónico Huile Prodigieusecon 7 aceites preciosos 100% vegetales se reinventa en un nuevo formato roll-on, que propone un gesto lúdico, rápido y práctico para disfrutar de un placer sensorial inigualable.</p><p>Este ritual de belleza, con su cautivador aroma solar y de arena caliente, se transforma en un delicado masaje gracias a su aplicador roll-on preciso y fácil de usar. Su fórmula única nutre, repara y sublima el rostro, el cuerpo y el cabello. La facilidad de uso del roll-on permite actuar con precisión en las zonas que se deseen hidratar, y deja la piel radiante con un irresistible brillo satinado, sin acabado graso. Este aceite seco sublima y es adecuado para todos los tipos y tonos de piel.</p><p>Reconocido por su eficacia demostrada, Huile Prodigieuseproporciona una hidratación prolongada, atenúa las estrías y garantiza a la piel una protección anti-contaminación.</p><p>Innovador, eficaz y con una fragancia tan cautivadora como siempre, este roll-on es el aliado ideal para lucir un resplandor natural, ¡en cualquier momento y lugar!</p>","<p>Utilizar Huile ProdigieuseRoll On todo el año, tanto en invierno como en verano, en el rostro, el cuerpo y el cabello.</p><ul><li>En el rostro, hacer rodar el roll-on en la palma de la mano y, a continuación, aplicar el aceite mediante un delicado masaje para que penetre en la piel. También se puede aplicar el roll-on directamente en el rostro mediante suaves masajes circulares.</li><li>En el cuerpo, deslizar suavemente el roll-on sobre la piel limpia y seca (busto, piernas, ...), insistiendo en las zonas más secas y/o propensas a las estrías.</li><li>En el cabello, rodar el roll-on en la palma de la mano, frotar ligeramente el aceite entre las palmas y aplicar en largos y puntas.</li></ul>",,3264680042188,2.0000
000376319,"Huile Prodigieuse Multi-Purpose 50 ml",nuxe-huile-prodigieuse-multi-purpose-50-ml-000376319,https://ultrafemme.com/media/catalog/product/3/7/376319_3264680009761_01_1946.jpg,"Aceite hidratante","Todo tipo de piel",,645.000000,,,Nuxe,"Avellana, macadamia, argan, tsubaki, almendra dulce, camelia, borraja vitamina e",Aceites,"Huile Prodigieuse","Descubre Nuxe Huile Prodigieuse, un aceite seco multi-usos con una fragancia solar y sensual, ideal para nutrir, reparar y embellecer rostro, cuerpo y cabello. Su fórmula única con 7 aceites botánicos y vitamina E proporciona hidratación, protección y luminosidad, con eficacia probada contra la contaminación y las estrías.","Rostro: Aplicar una pequeña cantidad sobre la piel limpia, solo o mezclado con tu crema hidratante.
Cuerpo: Masajear sobre la piel, prestando especial atención a las zonas secas y propensas a estrías.
Cabello: Aplicar en medios y puntas para nutrir y dar brillo.
Ideal para uso diario durante todo el día","Huile Prodigieuse",3264680009761,14.0000
000376330,"Zinc Power Cleansing Gel 150 ml",nuxe-zinc-power-cleansing-gel-150-ml-000376330,https://ultrafemme.com/media/catalog/product/3/7/376330_3264680039980_01_8f11.jpg,"Gel para acné",Mixta,,545.000000,,,Nuxe,"Zinc (PCA), extracto de lichi, base limpiadora de origen natural",Geles,"Zinc Power","El Zinc Power Gel Limpiador de Nuxe, es un gel purificante suave y eficaz, formulado con Zinc [PCA] y Extracto de Lichi. Diseñado para pieles mixtas a grasas con tendencia acneica, este gel limpiador elimina el exceso de sebo, impurezas y restos de maquillaje sin resecar, dejando la piel limpia, matificada y con los poros visiblemente reducidos.","Aplica una gota del producto por la mañana y por la noche sobre el rostro húmedo.
Masajea con movimientos circulares hasta que se forme una fina espuma.
Enjuaga con abundante agua y seca el rostro con ligeros toques.

Compartir","Zinc Power",3264680039980,8.0000
000378314,"Huile Prodigieuse Or Roll-On 60 ml",nuxe-huile-prodigieuseor-roll-on-60-ml-000378314,https://ultrafemme.com/media/catalog/product/3/7/378314_3264680042201_01_ab3a.jpg,"Aceite corporal",,,1195.000000,,"<ul><li>Piel satinada para el 100% de las usuarias tras la 1.ª aplicación</li><li>Piel luminosa para el 100% de las usuarias tras la 1.ª aplicación</li><li>La piel más bella para el 95% de las usuarias tras la 1.ª aplicación</li></ul>",Nuxe,"COCO-CAPRYLATE/CAPRATE, MACADAMIA INTEGRIFOLIA SEED OIL, DICAPRYLYL ETHER, CAPRYLIC/CAPRIC TRIGLYCERIDE, PRUNUS AMYGDALUS DULCIS (SWEET ALMOND) OIL, CORYLUS AVELLANA (HAZELNUT) SEED OIL, MICA, CAMELLIA OLEIFERA SEED OIL, PARFUM/FRAGRANCE, CAMELLIA JAPONICA SEED OIL, CASTOR OIL/IPDI COPOLYMER, CI 77891/TITANIUM DIOXIDE, ARGANIA SPINOSA KERNEL OIL, BORAGO OFFICINALIS SEED OIL, TOCOPHEROL, CI 77491/IRON OXIDES, HELIANTHUS ANNUUS (SUNFLOWER) SEED OIL, TOCOPHERYL ACETATE, ROSMARINUS OFFICINALIS (ROSEMARY) LEAF EXTRACT, POLYGLYCERYL-3 DIISOSTEARATE, AQUA/WATER, ASCORBIC ACID, SOLANUM LYCOPERSICUM (TOMATO) FRUIT EXTRACT, LINALOOL, LIMONENE, CITRONELLOL, GERANIOL. [N2213/C]",Aceites,,"<p>El icónico Huile Prodigieuse Orcon 7 aceites preciosos 100% vegetales se reinventa en un nuevo formato roll-on, para proponer un gesto lúdico, rápido y práctico para disfrutar de un placer sensorial inigualable.</p><p>Este ritual de belleza, con su cautivador aroma solar y de arena caliente, se transforma en un delicado masaje gracias a su aplicador roll-on preciso y fácil de usar. Su fórmula única, enriquecida con nácares dorados de origen natural, hidrata, satina e ilumina la piel, y deja el cabello flexible y brillante.</p><p>La facilidad de uso del roll-on permite actuar con precisión en las zonas que se deseen hidratar, y deja la piel radiante con un irresistible brillo dorado irisado, sin acabado graso. Este aceite seco sublima y es adecuado para todos los tipos y tonos de piel.</p><p>Reconocido por su eficacia probada, Huile ProdigieuseOr ofrece una hidratación prolongada*.</p><p>Innovador, eficaz y con una fragancia tan cautivadora como siempre, este roll-on es el aliado ideal para lucir un resplandor natural, ¡en cualquier momento y lugar!</p>","<p>Utilizar Huile ProdigieuseOr Roll-On todo el año, tanto en invierno como en verano, en el rostro, el cuerpo y el cabello. Agitar antes de usar.</p><ul><li>En el rostro, hacer rodar el roll-on en la palma de la mano y aplicar el aceite en los puntos de luz del rostro: pómulos, puente de la nariz, frente por encima de las cejas. También se puede aplicar el roll-on directamente en el rostro mediante suaves masajes circulares.</li><li>En el cuerpo, deslizar suavemente el roll-on sobre la piel limpia y seca (busto, piernas, ...) e iluminar las zonas que se deseen realzar.</li><li>En el cabello, rodar el roll-on en la palma de la mano, frotar ligeramente el aceite entre las palmas y aplicar en largos y puntas para sublimarlas con reflejos dorados.</li></ul>",,3264680042201,5.0000
000380615,"My Blemish Control Routine Set 50 ml",nuxe-my-blemish-control-routine-set-50-ml-000380615,https://ultrafemme.com/media/catalog/product/3/8/380615_3264680042980_01_8cbe.jpg,"Gel limpiador","Todo tipo de piel",,890.000000,,"<ul><li>Zinc: Trata las imperfecciones, es una solución más suave y eficaz, con propiedades antibacterianas, inhibe la actividad anti seborreica.</li><li>PCA: es un factor hidratante natural, previene la obstrucción de los poros</li><li>Extracto de cáscara de Lichi: mejora la textura y unifica el tono de la piel, hidrata, protege, revitaliza y da luminosidad.</li><li>Taninos y Flavonoides: propiedades antioxidantes y astringentes.</li></ul>",Nuxe,"<ul><li>Zinc: Trata las imperfecciones, es una solución más suave y eficaz, con propiedades antibacterianas, inhibe la actividad anti seborreica.</li><li>PCA: es un factor hidratante natural, previene la obstrucción de los poros.</li><li>Extracto de cáscara de Lichi: mejora la textura y unifica el tono de la piel, hidrata, protege, revitaliza y da luminosidad.</li><li>Taninos y Flavonoides: propiedades antioxidantes y astringentes.</li></ul>",Sets,,"<p>El set contiene:</p><ul><li>Purifying Cleansing Gel de 30 ml.</li><li>Purifying and Spot Control Toner de 50 ml.</li><li>Blemish and Spot Control Serum.</li><li>Mattifying Fluid Pore Minimizer de 15 ml.</li></ul>","<ul><lI> GEL LIMPIADOR ZINC POWER:</li><p>Aplicar una gota/dosis de producto por la mañana y por la noche en el rostro húmedo, evitando el contacto con los ojos. Masajear con movimientos circulares para eliminar las impurezas y, a continuación, aclarar con agua.</p><p>Aclarar bien en caso de contacto con los ojos.</p><li>TONICO ZINC POWER PURIFICANTE Y CONTROL DE BROTES:</li><p>Aplicar la loción sobre la piel previamente limpia y desmaquillada por la mañana y/o por la noche, con un algodón, evitando el contorno de los ojos.</p><li>SUERO ZINC POWER CONTROL DE IMPERFECCIONES Y BROTES:</li><p>Aplicar una pequeña cantidad de suero o media pipeta, extender suavemente entre los dedos y, a continuación, aplicar en el rostro con ambas manos, con la ayuda de las palmas, y siempre desde el centro hacia el exterior.</p><li>CREMA LIGERA MATIFICANTE ZINC POWER:</li><p>Aplicar en rostro por la mañana y/o por la noche.</p></ul>",,3264680042980,1.0000
000380613,"The Infinite Glow In Pink Set 50 ml",nuxe-the-infinite-glow-in-pink-set-50-ml-000380613,https://ultrafemme.com/media/catalog/product/3/8/380613_3264680044724_01_fd7b.jpg,"Aceite hidratante","Todo tipo de piel",,1195.000000,,"<p>Huile Prodigieuse Floral:</p><ul><li>Tsubaki: hidratante y anti-edad.</li><li>Almendra dulce: suavizante.</li><li>Camelia: hidratante.</li><li>Borraja: alisante, anti-arrugas.</li><li>Avellana: protectora.</li><li>Macadamia: nutritivo.</li><li>Argán: reparador</li><li>Vitamina E: anti-oxidante.</li><li>98 % de ingredientes de origen natural.</li></ul><p>Huile Prodigieuse Oro Floral:</p><ul><li>Tsubaki: hidratante y anti-edad.</li><li>Almendra dulce: suavizante.</li><li>Camelia: hidratante.</li><li>Borraja: alisante, anti-arrugas.</li><li>Avellana: protectora.</li><li>Macadamia: nutritivo.</li><li>Argán: reparador</li><li>Vitamina E: anti-oxidante.</li><li>98 % de ingredientes de origen natural.</li></ul><p>Very Rose Suervo voluminizador:</p><ul><li>•Extracto de aceite de rosa: brinda suavidad.</li><li>Ácido hialurónico: ayuda con la hidratación.</li><li>Extracto de chile: proporcina volumen a los labios.</li><li>Mentol: alivia la sequedad y da confort a los labios.</li></ul>",Nuxe,"<ul><li>Huile Prodigieuse Floral:</li><p>CAPRILATO DE COCO/CAPRATO*, ACEITE DE SEMILLA DE MACADAMIA INTEGRIFOLIA*, ÉTER DE DICAPRILILO*, TRIGLICÉRIDO DE CAPRÍLICO/CÁPRICO*, ACEITE DE SEMILLA DE PRUNUS AMYGDALUS DULCIS (ALMENDRA DULCE)*, ACEITE DE SEMILLA DE CORYLUS AVELLANA (AVELLANA)*, ACEITE DE SEMILLA DE CAMELLIA OLEIFERA*, PERFUME/ FRAGANCIA, ACEITE DE SEMILLA DE CAMELLIA JAPONICA*, TOCOFEROL*, ACEITE DE NÚCLEO DE ARGANIA SPINOSA*, ACEITE DE SEMILLA DE BORAGO OFFICINALIS*, ACETATO DE TOCOFERILO, ACEITE DE SEMILLA DE HELIANTHUS ANNUUS (GIRASOL)*, EXTRACTO DE HOJA DE ROSMARINUS OFFICINALIS (ROMERO)*, DIISOESTEARATO DE POLIGLICERILO-3*, ÁCIDO ASCÓRBICO*, EXTRACTO DE FRUTA DE SOLANUM LYCOPERSICUM (TOMATE)*, LINALOL, LIMONENO, CITRONELOL, GERANIOL [N2212/B].</p></ul><ul><li>Huile Prodigieuse Oro Floral:</li><p>CAPRILATO DE COCO/CAPRATO*, ACEITE DE SEMILLA DE MACADAMIA INTEGRIFOLIA*, ÉTER DE DICAPRILILO*, TRIGLICÉRIDO DE CAPRÍLICO/CÁPRICO*, ACEITE DE SEMILLA DE PRUNUS AMYGDALUS DULCIS (ALMENDRA DULCE)*, ACEITE DE SEMILLA DE CORYLUS AVELLANA (AVELLANA)*, ACEITE DE SEMILLA DE CAMELLIA OLEIFERA*, PERFUME/ FRAGANCIA, ACEITE DE SEMILLA DE CAMELLIA JAPONICA*, TOCOFEROL*, ACEITE DE NÚCLEO DE ARGANIA SPINOSA*, ACEITE DE SEMILLA DE BORAGO OFFICINALIS*, ACETATO DE TOCOFERILO, ACEITE DE SEMILLA DE HELIANTHUS ANNUUS (GIRASOL)*, EXTRACTO DE HOJA DE ROSMARINUS OFFICINALIS (ROMERO)*, DIISOESTEARATO DE POLIGLICERILO-3*, ÁCIDO ASCÓRBICO*, EXTRACTO DE FRUTA DE SOLANUM LYCOPERSICUM (TOMATE)*, LINALOL, LIMONENO, CITRONELOL, GERANIOL [N2212/B].</p></ul><ul><li>Very Rose Suervo voluminizador:</li><p>OLEIC/LINOLEIC/LINOLENIC POLYGLYCERIDES, OCTYLDODECANOL, GLYCERYL BEHENATE, PENTAERYTHRITYL TETRAISOSTEARATE, POLYGLYCERYL-10 PENTAISOSTEARATE, C10-18 TRIGLYCERIDES, SHOREA ROBUSTA RESIN, KAOLIN, PARFUM/FRAGRANCE, CAPRYLIC/CAPRIC TRIGLYCERIDE, GLYCERYL STEARATE, MENTHYL LACTATE, SIMMONDSIA CHINENSIS (JOJOBA) SEED OIL, RICINUS COMMUNIS (CASTOR) SEED OIL, SYNTHETIC FLUORPHLOGOPITE, GLYCERYL CAPRYLATE, TOCOPHEROL, SODIUM HYALURONATE, DISTARCH PHOSPHATE, STEVIOSIDE, HELIANTHUS ANNUUS (SUNFLOWER) SEED OIL, HYDROGENATED CASTOR OIL, ANTHOCYANINS, CAPSICUM FRUTESCENS FRUIT EXTRACT, MICA, CI 77491/IRON OXIDES, CITRIC ACID, ROSE FLOWER OIL/EXTRACT, AQUA/WATER, VANILLIN, BENZYL BENZOATE, ISOEUGENOL [N5801/A]</p></ul>",Sets,,"<p>El set contiene:</p><ul><li>Plumping Lip Serum de 8 ml.</li><li>Multi-purpose Dry Oil Face, Body, Hair de 50 ml.</li><li>Multi-purpose Dry Oil Face, Body, Hair de 10 ml.</li></ul>","<p>Huile Prodigieuse Floral:</p>

<ol><li>Rostro: Aplique una vez al día mediante movimientos de alisado desde el centro hasta el contorno del rostro. Se puede utilizar solo o mezclando unas gotas en la palma de la mano con nuestra crema habitual.</li><li>Cuerpo: Realice un masaje con movimientos circulares en las zonas deseadas.</li><li>Cabello: Aplicar en el cabello seco, vaporizando unas gotas en la palma de la mano trabajando los largos y las puntas. Todo tipo de piel.</li></ol>
 
<p>Huile Prodigieuse Oro Floral:</p>

<ol><li>Rostro: Aplique una vez al día mediante movimientos de alisado desde el centro hasta el contorno del rostro. Se puede utilizar solo o mezclando unas gotas en la palma de la mano con nuestra crema habitual.</li><li>Cuerpo: Realice un masaje con movimientos circulares en las zonas deseadas.</li>
<li>Cabello: Aplicar en el cabello seco, vaporizando unas gotas en la palma de la mano trabajando los largos y las puntas. Todo tipo de piel.</li></ol>

<p>Very Rose Suervo voluminizador:</p>

<p>Aplicar en los labios tantas veces al día como sea necesario.</p>
<ol><li>1. Aplicar depués de la barra de labios para unos labios más voluminosos e hidratados.</li></ol>",,3264680044724,11.0000
000376321,"Huile Prodigieuse Gold 50 ml",nuxe-huile-prodigieuse-gold-50-ml-000376321,https://ultrafemme.com/media/catalog/product/3/7/376321_3264680009785_01_7483.jpg,"Aceite hidratante","Todo tipo de piel",,895.000000,,,Nuxe,"Avellana, macadamia, argan, tsubaki, almendra dulce, camelia, borraja vitamina e, particulas doradas",Aceites,"Huile Prodigieuse","Descubre Nuxe Huile Prodigieuse Oro, un aceite seco multi-usos con partículas doradas que iluminan instantáneamente rostro, cuerpo y cabello. Su fórmula nutritiva con 7 aceites botánicos y vitamina E deja un acabado satinado, hidrata profundamente y proporciona un brillo dorado irresistible, con eficacia probada en luminosidad e hidratación duradera.","Rostro: Aplicar una pequeña cantidad para iluminar puntos clave o mezclar con la base de maquillaje.
Cuerpo: Masajear sobre la piel para un brillo dorado en escote, piernas y brazos.
Cabello: Aplicar en medios y puntas para un brillo dorado y sedoso.
Ideal para uso diario durante todo el día.","Huile Prodigieuse",3264680009785,8.0000
000376331,"Zinc Power Serum 30 ml",nuxe-zinc-power-serum-30-ml-000376331,https://ultrafemme.com/media/catalog/product/3/7/376331_3264680039942_01_ec46.jpg,"Suero matificante",Mixta,,890.000000,,,Nuxe,"Zinc (PCA), extracto de lichi",Sueros,"Zinc Power","El Zinc Power Serum Anti-imperfecciones de Nuxe, es tu nuevo aliado para combatir el acné y lograr una piel radiante, hidratada y sin brillo. Su fórmula no comedogénica, enriquecida con Zinc [PCA] y Extracto de Lichi, reduce visiblemente los granitos y puntos negros, atenúa las marcas y minimiza los poros, dejando la piel matificada y con una textura más fina en solo 7 días.","Aplica una pequeña cantidad de sérum (media pipeta) en rostro y cuello.
Extiende suavemente con los dedos y extiende desde el centro hacia el exterior.
Deja que se absorba por completo (unos 30 segundos) y después aplica tu crema hidratante Nuxe.
Úsalo mañana y noche para obtener mejores resultados.","Zinc Power",3264680039942,8.0000
000376325,"Sun Refreshing After-Sun Lotion 200 ml",nuxe-sun-refreshing-after-sun-lotion-200-ml-000376325,https://ultrafemme.com/media/catalog/product/3/7/376325_3264680005879_01_2dfe.jpg,"Loción reparadora","Todo tipo de piel",,530.000000,,,Nuxe,"Extracto de polvo de algarroba",Lociones,Sun,"Descubre Nuxe Sun Loción Hidratante para después del sol, ideal para calmar y reparar la piel expuesta al sol en rostro y cuerpo. Su textura fresca y no pegajosa hidrata durante 24 horas y prolonga tu bronceado hasta 2 semanas, dejando la piel suave y radiante.","Aplicar generosamente en rostro y cuerpo después de la exposición solar.
Reaplicar según sea necesario para mantener la piel hidratada y calmada.",Sun,3264680005879,12.0000
000376323,"Rêve de Miel Honey Lipcare 10 ml",nuxe-reve-de-miel-honey-lipcare-10-ml-000376323,https://ultrafemme.com/media/catalog/product/3/7/376323_3264680027901_01_404b.jpg,"Suero para labios","Todo tipo de piel",,515.000000,,,Nuxe,"Miel de lavanda de provenza, precioso aceite de camelina",Sueros,"Rêve de Miel","<p>Descubre Nuxe Rêve de Miel Honey Lip Care, un labial nutritivo que combina una fórmula 2 en 1 para nutrir los labios y dejarlos con un hermoso acabado luminoso. Su textura suave y no pegajosa, junto con su delicioso aroma con notas de miel, lo convierten en un cuidado labial completamente irresistible.</p>","Aplicar las veces deseadas al día.","Rêve de Miel",3264680027901,8.0000
000376329,"Zinc Power Mattifying Fluid 40 ml",nuxe-zinc-power-mattifying-fluid-40-ml-000376329,https://ultrafemme.com/media/catalog/product/3/7/376329_3264680041945_01_b893.jpg,"Crema matificante",Mixta,,695.000000,,,Nuxe,"Zinc (PCA), extracto de lichi, complejo matificante de origen natural",Cremas,"Zinc Power","Descubre la Crema Ligera Matificante de Nuxe Zinc Power, un fluido esencial para tu rutina anti-imperfecciones. Su fórmula con Zinc [PCA] y Extracto de Lichi minimiza visiblemente los poros, reduce el exceso de sebo y combate las imperfecciones (granitos, puntos negros), dejando la piel lisa, hidratada y con un acabado mate perfecto.","Aplica una capa fina del producto sobre el rostro y el cuello.
Masajea suavemente hasta su completa absorción.
Utilizar por la mañana y por la noche, después de la limpieza y el sérum.","Zinc Power",3264680041945,4.0000
000376327,"Super Serum (10) 30 ml",nuxe-super-serum-10-30-ml-000376327,https://ultrafemme.com/media/catalog/product/3/7/376327_3264680023323_01_5d32.jpg,"Suero antiedad","Todo tipo de piel",,1950.000000,,,Nuxe,"Acido hialuronico, aceites botanicos fraccionados, niacinamida, complejo botanico pantentado con celulas nativas de edelweiss",Sueros,"Super Serum","Descubre Nuxe Super Serum, un concentrado universal antienvejecimiento que estimula los mecanismos naturales de juventud de la piel. Su fórmula potente con ácido hialurónico, aceites botánicos, niacinamida y células nativas de Edelweiss suaviza arrugas, reduce manchas, ilumina y nutre la piel, siendo ideal para todo tipo de pieles y edades.","Aplicar unas gotas sobre la piel limpia del rostro, cuello y escote, mañana y noche.
Continuar con la rutina de cuidado habitual.","Super Serum",3264680023323,6.0000
000376332,"Zinc Power Tonic Lotion 200 ml",nuxe-zinc-power-tonic-lotion-200-ml-000376332,https://ultrafemme.com/media/catalog/product/3/7/376332_3264680041938_01_ae07.jpg,"Loción limpiadora",Mixta,,550.000000,,,Nuxe,"Zinc (PCA), extracto de lichi",Lociones,"Zinc Power","El Tónico Purificante Anti-imperfecciones de Nuxe Zinc Power, es el paso esencial para completar tu rutina de limpieza. Con Zinc [PCA] y Extracto de Lichi, afina la textura de la piel, minimiza los poros, matifica el brillo y reduce visiblemente las imperfecciones (granitos y puntos negros), dejando tu piel limpia y confortable sin resecarla.","Por la mañana y/o por la noche, después de la limpieza, empapa un disco de algodón con el tónico.
Pasa suavemente el algodón por el rostro y el cuello, evitando el contorno de los ojos.
No es necesario enjuagar. Continúa con tu sérum y crema hidratante habituales.","Zinc Power",3264680041938,5.0000
000376328,"Very Rose - Plumping Lip Serum 8 ml",nuxe-very-rose-plumping-lip-serum-8-ml-000376328,https://ultrafemme.com/media/catalog/product/3/7/376328_3264680043529_01_3094.jpg,"Suero para labios","Todo tipo de piel",,595.000000,,,Nuxe,"Acido hialuronico, extracto oleoso de rosa, extracto de chile, mentol",Sueros,"Very Rose","Descubre Nuxe Very Rose Plumping Lip Serum, un suero labial que combina el efecto volumen instantáneo con un acabado gloss natural. Enriquecido con ácido hialurónico natural y formulado con un 98% de ingredientes de origen natural, este sérum redensifica, hidrata hasta 24 horas y deja los labios increíblemente suaves, tersos y con un brillo satinado rosado.","Aplicar en los labios tantas veces al día como sea necesario.
Trucos: Aplicar después de la barra de labios para unos labios más voluminosos e hidratados.","Very Rose",3264680043529,7.0000
000333869,"Peeling de Pie y Callos 40 ml",beauty-pro-peeling-de-pie-y-callos-40-ml-000333869,https://ultrafemme.com/media/catalog/product/3/3/333869_5060601931573_01_9762.jpg,"Mascarilla para pies","Todo tipo de piel",,129.000000,,"<ul><li>Reblandecimiento</li><li>Exfoliante</li><li>Renovación celular</li><li>Calmante
Hidratante</li></ul>","Beauty Pro","Aqua,Alchol Denat,Lactic Acid,Glycolic Acid,Glycerin,Hydroxyethylcellulose,Arginine,Peg-60 Hydrogenated Castor Oil,Phenoxyethanol,Butylene Glycol,Salicylic Acid 0.01%,1,2-Hexanediol,Caprylyl Glycol,Parfum,Illicium Verum (Anise) Fruit Extract,Betaine,Salvia Officinalis (Sage) Leaf Extract,Lavandula Angustifolia (Lavender) Extract,Portulaca Oleracea Extract,Olea Europaea (Olive) Leaf Extract,Malpighia Punicifolia (Acerola) Fruit Extract,Actinidia Chinensis (Kiwi) Fruit Extract,Musa Sapientum (Banana) Fruit Extract,Lonicera Japonica (Honeysuckle) Flower Extract,Paeonia Albiflora Root Extract,Sophora Flavescens Root Extract,Scutellaria Baicalensis Root Extract,Prunus Persica (Peach) Leaf Extract,Camellia Sinensis Leaf Extract,Ginkgo Biloba Leaf Extract,Rosmarinus Officinalis (Rosemary) Extract,Disodium EDTA,Urea,Tocopheryl Acetate,Limonene,Linalool,Citronellol,Hexyl Cinnamal",Mascarillas,,"<p>El peeling para pies y callos BEAUTYPRO utiliza una fórmula de más de 16 poderosos extractos botánicos y frutales para eliminar gradualmente la piel áspera y muerta de los pies en solo 7 días. El tratamiento de 90 minutos ayuda a suavizar y alisar los pies, lo que lo convierte en la opción perfecta para prepararse para la temporada de sandalias.</p><p>Este peeling más vendido utiliza ácido salicílico y glicólico para disolver y exfoliar las células muertas de la piel para eliminar la piel áspera. También fomenta la regeneración de nuevas células, ayudando a reponer y renovar la piel que se encuentra debajo. 

Unos días después del tratamiento, comenzará a ver que la piel muerta se desprende, revelando pies frescos y suaves. Los extractos de frutas de la fórmula también calmarán e hidratarán la piel para garantizar que los pies se sientan frescos e hidratados.</p>","<ol><li>Lávese bien los pies solo con agua tibia limpia.</li><li>Retire los botines de la bolsa y córtelos a lo largo de las líneas de corte.</li><li>Seque bien los pies y coloque los pies limpios y secos en los botines.</li><li>Úsalo a partir de un máximo de 90 minutos.</li><li>Quítese los botines y lávese bien las manos y los pies solo con agua tibia.</li></ol>",,5060601931573,9.0000
000377652,"Moisture Surge™ Active Glow Serum 30 ml",clinique-moisture-surge-active-glow-serum-30-ml-000377652,https://ultrafemme.com/media/catalog/product/3/7/377652_192333211762_01_404e.jpg,"Suero hidratante","Todo tipo de piel",,829.000000,,"Iluminador, Hidratante, Exfoliante",Clinique,"Water Aqua Eau, Glycerin, Lactic Acid, Octyldodecyl Myristate, Butylene Glycol, Bis-peg-18 Methyl Ether Dimethyl Silane, Dimethicone, Ppg-24-glycereth-24, Sodium Hydroxide, Hydrogenated Lecithin, Glycereth-26, Polysorbate 80, Sodium Hyaluronate, Caffeine, Aloe Barbadensis Leaf Water, C13-14 Isoparaffin, Sodium Polyaspartate, Trehalose, Sodium Stearoyl Glutamate, Glycyrrhetinic Acid, Sucrose, Laureth-7, Xanthan Gum, Dimethicone/peg-10/15 Crosspolymer, Polyacrylamide, Tocopheryl Acetate, Magnesium Ascorbyl Phosphate, Bht, Disodium Edta, Phenoxyethanol, Potassium Sorbate, Mica, Titanium Dioxide (ci 77891), Iron Oxides (ci 77491)",Sueros,"Moisture Surge","El primer sérum de nuestra adorada línea Moisture Surge. Con poderosos activos, exfolia, hidrata e ilumina la piel para aportarle luminosidad instantánea y duradera. Clínicamente probado. Dermatológicamente testado. Apto para pieles sensibles. Sometido a pruebas de alergia. 100 % sin perfume. Testado en todos los tonos de piel.","Usar por la mañana y por la noche sobre la piel limpia. Comenzar con 3 gotas y añadir más si lo prefieres. Usar protector solar y limitar la exposición al sol mientras se usa y la semana siguiente.","Moisture Surge",192333211762,17.0000
000351850,"No. 0 Intensive Bond Building Treatment 155 ml",olaplex-no-0-intensive-bond-building-treatment-155-ml-000351850,https://ultrafemme.com/media/catalog/product/3/5/351850_850018802833_01_4fa2.jpg,"Crema reparadora",,,750.000000,,"<ul><li>Potencia la eficacia del Nº.3 Hair Perfector™ de OLAPLEX.</li>
<li>Se absorbe rápidamente para iniciar la reparación en lo profundo del mechón capilar.</li>
<li>Fortalece y reconstruye los enlaces del cabello.</li>
<li>Científicamente probado: 68 % más de reparación y cabello 3 veces más fuerte.</li>
<li>Es apto para cabellos teñidos y no contiene sulfatos.</li></ul>",Olaplex,"Water (Aqua/Eau), Bis-Aminopropyl Diglycol Dimaleate, Phenoxyethanol, Sodium Benzoate",Cremas,,"El Nº.0 Intensive Bond Building Hair Treatment, con la patentada OLAPLEX Bond Building Technology®, es un tratamiento intensivo que potencia la eficacia del Nº.3 Hair Perfector™ de OLAPLEX para una reparación más profunda, a la vez que refuerza y protege la integridad del cabello.","<ul><li>Aplícalo sobre el cabello seco, empapándolo de la raíz a las puntas. El cabello debe estar húmedo, pero sin que gotee.</li>
<li>Déjalo actuar durante 10 minutos. No aclarar.</li>
<li>Aplica el Nº.3 HAIR PERFECTOR™ directamente sobre el Nº.0 y déjalo actuar 10 minutos más.</li>
<li>Aclara bien. Limpiar con el Nº.4 Bond Maintenance® Shampoo de OLAPLEX y el Nº.5 Bond Maintenance® Conditioner de OLAPLEX.</li></ul>",,850018802833,3.0000
000298396,"All In One Leave-In Conditioner 160 ml",moroccanoil-all-in-one-leave-in-conditioner-160-ml-000298396,https://ultrafemme.com/media/catalog/product/2/9/298396_7290113142947_01_0e08.jpg,"Spray humectante",,,549.000000,,,Moroccanoil,"Aqua/water/eau, cetearyl alcohol, propanediol, cetyl alcohol, argania spinosa (argan) kernel oil, helianthus annuus (sunflower) seed oil, hordeum vulgare seed extract, parfum/fragrance, hydrolyzed rice protein, hydrolyzed quinoa, wheat amino acids, soy amino acids, citric acid, glucose, glycerin, dimethicone, caprylic/capric triglyceride, behentrimonium methosulfate, stearamine oxide, olealkonium chloride, behentrimonium chloride, amodimethicone, isopropyl alcohol, caprylic/capric glycerides polyglyceryl-10 esters, xylitylglucoside, guar hydroxypropyltrimonium chloride, anhydroxylitol, glyceryl stearate se, cinnamidopropyltrimonium chloride, xylitol, trideceth-12, polyquaternium-7, polyquaternium-11, c12-13 pareth-9, cetrimonium chloride, arginine hcl, serine, threonine, algin, chitosan, potassium sorbate, sodium benzoate, benzyl alcohol, phenoxyethanol. molic01",Sprays,,"Desenreda, hidrata y protege instantáneamente el cabello con el acondicionador sin enjuague todo en uno. Este spray multitarea funciona en todo tipo de cabello para proteger contra la rotura y el daño térmico mientras nutre y suaviza el cabello por hasta 72 horas. La fórmula liviana y lechosa contiene aceite de argán rico en antioxidantes, aminoácidos puros para aumentar la fuerza, una mezcla nutritiva de superalimentos y azúcares de origen natural que actúan como un escudo antideshidratación.","Pulverizar sobre el cabello limpio y secado con toalla. Peina, aplica el producto de peinado que prefieras y peina como de costumbre. Puede usarse para refrescar el cabello del segundo día.",,7290113142947,9.0000
000377223,"Dew Over Micellar Water 194 ml",mac-dew-over-micellar-water-194-ml-000377223,https://ultrafemme.com/media/catalog/product/3/7/377223_773602763696_01_1e3a.jpg,"Agua micelar","Todo tipo de piel",,699.000000,,Limpieza,MAC,"Water Aqua Eau , Butylene Glycol , Propanediol , Sodium Hyaluronate , Caffeine , Cucumis Sativus (cucumber) Fruit Extract , Gelidiella Acerosa Extract , Hypnea Musciformis Extract , Cetrimonium Chloride , Sodium Methyl Cocoyl Taurate , Sodium Chloride , Caprylyl Glycol , Citric Acid , Disodium Edta , Phenoxyethanol","Aguas micelares",,"¿Te encanta la piel ultralimpia? Limpia tu cutis sin dañarla gracias a Dew Over Micellar Water, que aumenta la hidratación al instante en un 53 %*. Este imán multiacción del maquillaje que protege la piel elimina suavemente el maquillaje, limpia la piel con tensioactivos de coco y equilibra con un refuerzo instantáneo de hidratación. Úsalo antes de aplicar el maquillaje para purificar y preparar la piel, durante la rutina para perfilar líneas, refinar los bordes y borrar las manchas o al final del día para eliminar el maquillaje, la suciedad, la grasa y mucho más, sin necesidad de aclarado. Diseñado para darle a tu look el toque definitivo de rocío, este refrescante limpiador y desmaquillante deja la piel con una sensación de volumen, nutrición y luminosidad, no grasa, con un acabado radiante, saludable y suave. Además, está formulado con agua salina para garantizar una limpieza cómoda en todo tipo de pieles, incluidas las pieles sensibles y los ojos.","<p>Limpia sin dañar la piel con tres sencillos pasos:</p><ul><li>Empapa generosamente un disco de algodón o un paño con esta fórmula hidratante.</li><li>Extiende suavemente sobre la cara, los ojos y los labios para eliminar el maquillaje, el protector solar y las impurezas.</li><li>Repite hasta que el disco de algodón o el paño se vea limpio. No es necesario aclarar.</li></ul>",,773602763696,2.0000
000368708,"Absolue Longevity The Soft Cream Refill 60 ml",lancome-absolue-longevity-the-soft-cream-refill-60-ml-000368708,https://ultrafemme.com/media/catalog/product/3/6/368708_3614274280197_01_13d7.jpg,"Crema antiedad","Todo tipo de piel",,5535.000000,,"<ul><li>Disminuye signos de la edad en 1 mes</li>
<li>+415% COLÁGENO TIPO 3</li>
<li>CONTORNO INTERNO MÁS DEFINIFO</li>
<li>+36% MAYOR FIRMEZA EN CONTORNO EXTERIOR</li></ul>",Lancôme,"<p>Nueva ciencia integrativa de longevidad avanzada™. Absolue Longevity combina 3 poderosos activos de longevidad: Absolue PDRN™, Pro-Xylane™ y extracto de rosa perpetua Absolue™. Es la única crema del mercado que ha demostrado actuar sobre los 3 grupos de la rueda de la longevidad para corregir y prevenir los signos de la edad.</p><p>EXCLUSIVO Y PATENTADO ABSOLUE PDRN™</p><p>Prolonga la juventud multiplicando las mitocondrias, las centrales eléctricas celulares, responsables del 90% de la energía celular.</p><p>EXCLUSIVO Y PATENTADO EXTRACTO DE ROSA PERPETUA ABSOLUE™</p><p>Acelera la renovación celular para promover una piel sana.</p><p>PATENTADO PRO-XYLANE™</p><p>Disminuye visiblemente la aparición de líneas y arrugas para obtener beneficios antienvejecimiento. Redensifica y rellena la piel.</p>",Cremas,Absolue,"Presentamos una revolución en la ciencia del cuidado de la piel: la nueva Absolue Longevity The Soft Cream, nacida de 60 años de ciencia avanzada. La nueva Soft Cream está impulsada por Absolue PDRN, inspirada en un procedimiento de belleza conocido por sus propiedades regeneradoras y rellenadoras sin precedentes. Combinada con Pro-Xylane™ antienvejecimiento y el extracto de rosa perpetua Absolue™, esta fórmula es capaz tanto de prevenir como de corregir los signos del envejecimiento. La juventud de la piel es demasiado corta, hasta que la prolongas. La energía celular es la fuente vital de la juventud. Sin ella, no hay vida. A medida que envejeces, esta energía celular disminuye drásticamente y todos los signos del envejecimiento se aceleran. Mejorar el metabolismo celular proporciona a las células la energía que necesitan para vivir más tiempo.","Para disfrutar de la experiencia completa de Absolue Longevity The Soft Cream, aplica cada mañana y noche sobre la piel limpia del rostro, cuello y escote, presionando suavemente para favorecer la absorción. Para un resultado óptimo, utiliza después de tu sérum habitual.",Absolue,3614274280197,11.0000
000377225,"Hyper Real Skincanvas™ Waterlight Cream Moisturizer",mac-hyper-real-skincanvas-waterlight-cream-moisturizer-15-ml-000377225,https://ultrafemme.com/media/catalog/product/3/7/377225_773602757800_01_de33.jpg,"Crema humectante",Seca,,449.000000,,"Hidratante, Fortalecimiento de la Barrera Cutánea, Tono de Piel Uniforme, Difuminado de Poros, Reafirmante",MAC,"Water Aqua Eau , Dimethicone , Isododecane , Peg/ppg-18/18 Dimethicone , Butylene Glycol , Squalane , Niacinamide , Glycerin , Propanediol , Silica , Sodium Chloride , Sodium Hyaluronate , Ceramide Ng , Hydroxypropyltrimonium Hyaluronate , Helianthus Annuus (sunflower) Seed Extract , Prunus Amygdalus Dulcis (sweet Almond) Seed Extract , Hordeum Vulgare Extract Extrait D'orge , Cucumis Sativus (cucumber) Fruit Extract , Laminaria Saccharina Extract , Paeonia Albiflora Flower Extract , Caffeine , Yeast Extract Faex Extrait De Levure , Cetyl Peg/ppg-10/1 Dimethicone , Trisiloxane , Propylene Glycol Dicaprate , Ethylhexylglycerin , Disteardimonium Hectorite , Propylene Carbonate , Polysilicone-11 , Fragrance (parfum) , Benzyl Salicylate , Tocopheryl Acetate , Hydroxyacetophenone , Disodium Edta , Phenoxyethanol , Sodium Benzoate",Cremas,"Hyper Real","Dale a tu piel una pausa para reponer sus niveles de agua con esta crema potenciadora de la hidratación con un trío de ácidos hialurónicos de alto impacto. Esta fórmula ligera actúa y combate la sequedad, empapando la piel en un velo indetectable de potentes ingredientes para el cuidado de la piel, al tiempo que proporciona un acabado suave como un pétalo para un lienzo listo para el maquillaje. Fórmula con extracto de peonía japonés, resistente y rara, para unificar el tono de la piel con el tiempo, niacinamida para minimizar la apariencia de los poros, mejorar visiblemente la luminosidad y unificar el tono de la piel con el tiempo, ácido hialurónico para retener la hidratación y alga kelp de azúcar para tensar la apariencia de los poros, esta hidratante transformadora triple proporciona una hiperhidratación para lograr una mirada luminosa desde todos los ángulos, con o sin maquillaje. Esta fórmula que refina la piel también reduce visiblemente la apariencia de los poros y las líneas de expresión para conseguir una luminosidad radiante y de aspecto saludable. El 96 % mejoró la fuerza de la barrera cutánea después de un solo uso. Probado en todos los tonos de piel.","Aplícalo dos veces al día, mañana y noche, como parte de tu rutina de cuidado de la piel Hyper Real™. Pon la cantidad deseada de producto directamente en la yema de los dedos o usa la 001 Serum + Moisturizer Brush para aplicar uniformemente sobre la piel recién limpia.","Hyper Real",773602757800,24.0000
000373673,"Rénergie H.P.N. UVMUNE SPF50 Cream Refill 50 ml",lancome-renergie-hpn-uvmune-spf50-cream-refill-50-ml-000373673,https://ultrafemme.com/media/catalog/product/3/7/373673_3614274417876_01_a1f9.jpg,"Crema antiedad",,,2665.000000,,"<ul><li>50% DE LAS MANCHAS OSCURAS REDUCIDAS</li><li>3 TIPOS DE ARRUGAS CORREGIDAS</li><li>PIEL MÁS FIRME</li></ul>",Lancôme,"<p>ÁCIDO HIALURÓNICO</p><p>Conocido por absorber varias veces su propio peso en agua, lo que ayuda a suavizar y rellenar la piel.</p><p>300 PÉPTIDOS</p><p>Ultraconcentrada y potente, esta combinación de más de 300 tipos de péptidos naturales ayuda a mejorar la firmeza, la elasticidad y las arrugas.</p><p>NIACINAMIDA + TECNOLOGÍA UVMUNE</p><p>Nuestra tecnología avanzada para atacar los rayos UVA más largos involucrados en la aparición de signos de fotoenvejecimiento. Conocida por calmar la piel y reducir visiblemente las manchas oscuras.</p>",Cremas,Rénergie,"Esta poderosa tecnología se dirige a los rayos UVA más largos involucrados en la aparición de signos de fotoenvejecimiento. Sobrecargada con 300 péptidos, ácido hialurónico y niacinamida, esta fórmula innovadora ofrece una acción antienvejecimiento de amplio espectro. Clínicamente probado para reducir el 50% de las manchas oscuras. Una fórmula ultra sensorial de alto rendimiento, con un acabado imperceptible en la piel para todo tipo de pieles y tonos. Tan ligera que 9 de cada 10 mujeres dicen que no sienten que se hayan aplicado un SPF.","Aplicar H.C.F. Triple Serum como primer paso para activar y preparar la piel. Seguir con H.P.N. UVMUNE SPF50 para corregir y proteger el rostro y el cuello durante todo el día. Finalizar la rutina con H.C.F. Triple Serum Eye, formulado para corregir el contorno de ojos y ayudar a elevar la mirada.",Rénergie,3614274417876,5.0000
000377222,"Major Foamo Jelly Cleanser 150 ml",mac-major-foamo-jelly-cleanser-150-ml-000377222,https://ultrafemme.com/media/catalog/product/3/7/377222_773602752287_01_f816.jpg,"Espuma limpiadora","Todo tipo de piel",,529.000000,,Limpieza,MAC,"Water Aqua Eau , Cocamidopropyl Hydroxysultaine , Coco-betaine , Decyl Glucoside , Sodium Methyl Cocoyl Taurate , Acrylates Copolymer , Sodium Cocoyl Isethionate , Sodium Lauroyl Oat Amino Acids , Disodium Cocoyl Glutamate , Ppg-26-buteth-26 , Butylene Glycol , Ceteth-20 , Yeast Extract Faex Extrait De Levure , Camelina Sativa Seed Oil , Glycerin , Caffeine , Ethylhexylglycerin , Caprylyl Glycol , Sodium Coco Pg-dimonium Chloride Phosphate , Citric Acid , Sodium Hydroxide , Peg-40 Hydrogenated Castor Oil , 1,2-hexanediol , Sodium Cocoyl Glutamate , Polysorbate 20 , Polyquaternium-7 , Fragrance (parfum) , Limonene , Linalool , Tocopheryl Acetate , Tetrasodium Edta , Disodium Edta , Phenoxyethanol , Sodium Benzoate",Espumas,,"¿Lista para desmaquillarte? Quítatelo de encima con nuestro innovador limpiador en gel que emulsiona en una espuma ligera. De textura ligera pero lujosa, esta fórmula sensorial que protege la piel purifica eliminando la suciedad y los residuos que pueden obstruir los poros, al tiempo que limpia de forma suave y eficaz tu cutis con tensioactivos de coco, avena y azúcar. Solo tienes que añadir agua templada y hacer espuma para ver cómo se forma esta textura transformadora y deshace el maquillaje duradero, el protector solar, la grasa y los contaminantes en segundos. Haz espuma, masajea sobre la piel y enjuágala, utilizándola dos veces al día para refrescar la superficie de la piel para aplicar el maquillaje por la mañana y, de nuevo, para eliminar el maquillaje y la suciedad antes de irte a dormir. Este limpiador gel espumante, apto para todo tipo de pieles, incluidas las sensibles, deja una luminosidad sutil y saludable para aportar un brillo suave, liso y limpio (sin tirantez).","<p>Quítate el maquillaje con tres sencillos pasos:</p><ul><li>Aplica el producto en la yema de los dedos y mezcla con agua tibia para formar espuma.</li><li>Masajea sobre la piel mojada con movimientos circulares, evitando el contorno de ojos.</li><li>Enjuaga con agua y mira cómo brillas.</li></ul>",,773602752287,10.0000
000370384,"Revitalizing Supreme+ Day and Night Set",estee-lauder-revitalizing-supreme-day-and-night-set-000370384,https://ultrafemme.com/media/catalog/product/3/7/370384_887167819443_01_9174.jpg,"Crema revitalizante",,,4889.000000,,,"Estee Lauder","Water Aqua Eau, Dimethicone, Glycerin, Isohexadecane, Butylene Glycol, Bis-peg-18 Methyl Ether Dimethyl Silane, Peg-10 Dimethicone, Disteardimonium Hectorite, Moringa Oleifera Seed Extract, Hibiscus Sinensis Flower Extract, Sodium Hyaluronate, Acetyl Hexapeptide-8, Laminaria Digitata Extract, Whey Protein Lactis Protein Proteine Du Petit-lait, Opuntia Tuna Extract, Acetyl Glucosamine, Tocopheryl Acetate, Narcissus Tazetta Bulb Extract, Squalane, Algae Extract, Hypnea Musciformis (algae) Extract, Pyrus Malus (apple) Fruit Extract, Cucumis Sativus (cucumber) Fruit Extract, Lens Esculenta (lentil) Fruit Extract, Citrullus Lanatus (watermelon) Fruit Extract, Silybum Marianum (lady's Thistle) Extract, Gelidiella Acerosa Extract, Helianthus Annuus (sunflower) Seed Extract, Sigesbeckia Orientalis (st. Paul's Wort) Extract, Caffeine, Hordeum Vulgare (barley) Extract Extrait D'orge, Sodium Lactate, Triticum Vulgare (wheat) Germ Extract, Sorbitol, Propylene Glycol Dicaprate, Sucrose, Sodium Pca, Aminopropyl Ascorbyl Phosphate, Pentylene Glycol, Caprylyl Glycol, Propylene Carbonate, Polyethylene, Polysilicone-11, Peg-32, Peg-6, Disodium Edta, Isoceteth-20, Isododecane, Citric Acid, Fragrance (parfum), Bht, Sodium Citrate, Potassium Sorbate, Sodium Dehydroacetate, Sodium Benzoate, Phenoxyethanol, Iron Oxides (ci 77491)",Sets,"Revitalizing Supreme","<p>El set contiene:</p><ul><li>Revitalizing Supreme+ Youth Power Crème</li><li>Revitalizing Supreme+ Night Power Bounce Crème</li></ul>",,"Revitalizing Supreme",887167819443,13.0000
000377813,"Amsterdam Collection Kitchen Hand Balm 175 ml",rituals-amsterdam-collection-kitchen-hand-balm-175-ml-000377813,https://ultrafemme.com/media/catalog/product/3/7/377813_8719134164145_01_60f6.jpg,"Bálsamo de manos",,,289.000000,,,Rituals,,Bálsamos,"Amsterdam Collection","Nutre tus manos con bálsamo de manos de Amsterdam Collection. El perfume rico y vibrante te transporta a una época en la que los holandeses trajeron tesoros exóticos por primera vez a casa y el hermoso diseño refleja aún más las influencias asiáticas en la transformación del estilo de vida, el arte y la decoración holandesa durante la Edad de Oro.",,"Amsterdam Collection",8719134164145,9.0000
000316525,"Body Lotion Fragrance Originale 360 ml",moroccanoil-body-lotion-fragrance-originale-360-ml-000316525,https://ultrafemme.com/media/catalog/product/3/1/316525_7290113146600_01_8612.jpg,"Crema corporal",,,499.000000,,"Experimenta una hidratación ligera con la colección Body Lotion. La fórmula ultraligera y de rápida absorción presenta una mezcla de aceites humectantes, incluidos aceites de argán, tsubaki y onagra, y extracto calmante de hoja de aloe para dejar la piel más suave, tersa y radiante. Disponible en siete aromas de inspiración mediterránea y envasado en una botella reciclable. Sin parabenos. Sin aceites minerales. Sin sulfatos.",Moroccanoil,,Cremas,"Fragrance Originale","Experimenta una hidratación ligera con la colección Body Lotion. La fórmula ultraligera y de rápida absorción presenta una mezcla de aceites humectantes, incluidos aceites de argán, tsubaki y onagra, y extracto calmante de hoja de aloe para dejar la piel más suave, tersa y radiante. Disponible en siete aromas de inspiración mediterránea y envasado en una botella reciclable. Sin parabenos. Sin aceites minerales. Sin sulfatos.","Úselo diariamente sobre la piel húmeda o seca. Para reciclar, desenrosque y deseche la bomba y la botella de reciclaje.","Fragrance Originale",7290113146600,2.0000
000369926,"Absolue L'Extrait The Elixir Concentrate 30 ml",lancome-absolue-lextrait-the-elixir-concentrate-30-ml-000369926,https://ultrafemme.com/media/catalog/product/3/6/369926_3614274318050_01_e301.jpg,"Suero antiedad","Todo tipo de piel",,11250.000000,,"<p>La piel se recupera, se ve más rellena y saludable, con volumen y fuerza:</p><ul><li>+61% de recuperación natural de la piel más rápida</li><li>+37% piel más rellena y con más volumen</li><li>+37% apariencia saludable de la piel (suavidad/luminosidad)</li><li>-35% líneas finas y arrugas</li><li>+32% piel más firme y tensa</li><li>+22% pómulos más elevados y definidos</li></ul><p>9 de cada 10 mujeres experimentan serenidad mental y sensación de armonía al aplicar el producto. El nuevo paso esencial, por la mañana y por la noche, en tu ritual Absolue L'Extrait.</p>",Lancôme,"<p>Descubre los ingredientes magistralmente elaborados y con múltiples patentes que fortalecen la estructura de la piel y restauran su vitalidad esencial.</p><p>EXTRACTOS DE ROSA PERPETUA ABSOLUE™</p><p>Aceite altamente concentrado de la Rosa Perpetua de Lancôme, la joya del Domaine de la Rose, que estimula la regeneración de la piel, unifica el tono y suaviza la textura.</p><p>ABSOLUE BLACKBIOSIS™</p><p>Un aceite fragante derivado de pétalos de gardenia, encendiendo el ánimo alegre de la fragancia.</p>",Sueros,Absolue,"<p>EL SUERO CONCENTRADO QUE REDUCE VISIBLEMENTE LAS LÍNEAS DE EXPRESIÓN.</p><p>Descubre una revolución en el cuidado de la piel. El sérum más avanzado de Lancôme, Absolue L’Extrait The Elixir Concentrate, ha demostrado aumentar los niveles de NAD+ en un récord del 83%. Este innovador concentrado no solo energiza las células, sino que remodela la piel, permitiéndole recuperar su estructura juvenil y su vitalidad esencial.</p>","Comienza tu ritual activando seis puntos de acupresión para liberar tensión y promover la relajación. A continuación, presiona suavemente y extiende el producto hacia afuera, llegando hasta el cuello para una aplicación uniforme. Para levantar los contornos de tu rostro, utiliza la exclusiva herramienta V-Shape debajo de la mandíbula, deslizándola hacia arriba a lo largo de la mandíbula desde el interior hacia el exterior. Repite este movimiento dos veces para obtener resultados óptimos. Luego, suaviza la frente colocando la herramienta sobre la ceja, presionando y levantando con un movimiento ascendente desde el borde interior hacia el borde exterior. Repite este paso también dos veces. Concluye tu ritual con trazos verticales, deslizando desde la mandíbula hasta el cuello para un gesto de drenaje final.",Absolue,3614274318050,6.0000
000161803,"Essentials Perfect Cleansing Oil 180 ml",shiseido-essentials-perfect-cleansing-oil-180-ml-000161803,https://ultrafemme.com/media/catalog/product/1/6/161803_730852143418_01_6fda.jpg,"Aceite limpiador","Todo tipo de piel",,739.000000,,"<ul><li>Limpiar en Profundidad</li><li>Iluminar</li></ul>",Shiseido,,Aceites,,"Aceite limpiador agradable y ligero. Elimina impurezas y maquillaje por completo.",,,730852143418,9.0000
000368706,"Absolue Longevity The Soft Cream",lancome-absolue-longevity-the-soft-cream-60-ml-000368706,https://ultrafemme.com/media/catalog/product/3/6/368706_3614274280166_01_eb45.jpg,"Crema antiedad","Todo tipo de piel",,6480.000000,,"<ul><li>Disminuye signos de la edad en 1 mes</li>
<li>+415% COLÁGENO TIPO 3</li>
<li>CONTORNO INTERNO MÁS DEFINIFO</li>
<li>+36% MAYOR FIRMEZA EN CONTORNO EXTERIOR</li></ul>",Lancôme,"<p>Nueva ciencia integrativa de longevidad avanzada™. Absolue Longevity combina 3 poderosos activos de longevidad: Absolue PDRN™, Pro-Xylane™ y extracto de rosa perpetua Absolue™. Es la única crema del mercado que ha demostrado actuar sobre los 3 grupos de la rueda de la longevidad para corregir y prevenir los signos de la edad.</p><p>EXCLUSIVO Y PATENTADO ABSOLUE PDRN™</p><p>Prolonga la juventud multiplicando las mitocondrias, las centrales eléctricas celulares, responsables del 90% de la energía celular.</p><p>EXCLUSIVO Y PATENTADO EXTRACTO DE ROSA PERPETUA ABSOLUE™</p><p>Acelera la renovación celular para promover una piel sana.</p><p>PATENTADO PRO-XYLANE™</p><p>Disminuye visiblemente la aparición de líneas y arrugas para obtener beneficios antienvejecimiento. Redensifica y rellena la piel.</p>",Cremas,Absolue,"Presentamos una revolución en la ciencia del cuidado de la piel: la nueva Absolue Longevity The Soft Cream, nacida de 60 años de ciencia avanzada. La nueva Soft Cream está impulsada por Absolue PDRN, inspirada en un procedimiento de belleza conocido por sus propiedades regeneradoras y rellenadoras sin precedentes. Combinada con Pro-Xylane™ antienvejecimiento y el extracto de rosa perpetua Absolue™, esta fórmula es capaz tanto de prevenir como de corregir los signos del envejecimiento. La juventud de la piel es demasiado corta, hasta que la prolongas. La energía celular es la fuente vital de la juventud. Sin ella, no hay vida. A medida que envejeces, esta energía celular disminuye drásticamente y todos los signos del envejecimiento se aceleran. Mejorar el metabolismo celular proporciona a las células la energía que necesitan para vivir más tiempo.","Para disfrutar de la experiencia completa de Absolue Longevity The Soft Cream, aplica cada mañana y noche sobre la piel limpia del rostro, cuello y escote, presionando suavemente para favorecer la absorción. Para un resultado óptimo, utiliza después de tu sérum habitual.",Absolue,3614274280166,2.0000
000355621,"Hand Cream Dahlia Rogue",moroccanoil-hand-cream-dahlia-rogue-100-ml-000355621,https://ultrafemme.com/media/catalog/product/3/5/355621_7290116974064_01_67a7.jpg,"Crema de manos",,,419.000000,,,Moroccanoil,,Cremas,"Dahlia Rogue","Nutre intensamente manos, uñas y cutículas con la colección Hand Cream. Este humectante rico pero de rápida absorción contiene aceite de argán rico en antioxidantes, ácido hialurónico para atraer y retener la humedad, escualano para ayudar a suavizar y suavizar la piel y una mezcla de mantecas de cacao y karité para ayudar a aumentar la humedad y fortalecer la barrera cutánea. Disponible en siete aromas de inspiración mediterránea y libre de parabenos y aceite mineral.","Masajee una cantidad del tamaño de un guisante sobre las manos y cutículas limpias diariamente, con la frecuencia necesaria.","Dahlia Rogue",7290116974064,2.0000
000363503,"Daywear Face and Eye Set 50 ml",estee-lauder-daywear-face-and-eye-set-50-ml-000363503,https://ultrafemme.com/media/catalog/product/3/6/363503_887167795228_01_c6b2.jpg,"Crema hidratante",,,1639.000000,,,"Estee Lauder","Water Aqua Eau, Dimethicone, Butylene Glycol, Trisiloxane, Glycerin, Ammonium Acryloyldimethyltaurate/vp Copolymer, Trehalose, Sucrose, Algae Extract, Cucumis Sativus (cucumber) Fruit Extract, Ascophyllum Nodosum Extract, Asparagopsis Armata Extract, Ergothioneine, Thermus Thermophillus Ferment, Dipotassium Glycyrrhizate, Sodium Hyaluronate, Caffeine, Artemia Extract, Acetyl Glucosamine, Palmaria Palmata Extract, Hydrolyzed Rice Extract, Lauryl Pca, Oleth-10, Lauryl Peg-9 Polydimethylsiloxyethyl Dimethicone, Sorbitol, Sodium Pca, Urea, Tetrahexyldecyl Ascorbate, Tocopheryl Acetate, Carbomer, Citric Acid, Polyquaternium-51, Ethylbisiminomethylguaiacol Manganese Chloride, Potassium Sorbate, Cyclodextrin, Tromethamine, Disodium Edta, Bht, Phenoxyethanol, Yellow 5 (ci 19140), Blue 1 (ci 42090)",Sets,DayWear,"<p>El set contiene:</p><ul><li>DayWear Multi-Protection Anti-Oxidant 24H-Moisture Crème SPF 15 de 50 ml</li><li>DayWear Eye Cooling Anti-Oxidant Moisture Gel Creme de 15 ml</li></ul>",,DayWear,887167795228,14.0000
000355623,"Night Body Serum",moroccanoil-night-body-serum-50-ml-000355623,https://ultrafemme.com/media/catalog/product/3/5/355623_7290116975313_01_7a7e.jpg,"Suero antiedad",,,709.000000,,,Moroccanoil,,Sueros,"Fragrance Originale","Reafirma, suaviza y nutre intensamente la piel mientras duermes con Night Body Serum. Este suero altamente concentrado está repleto de ingredientes de alto rendimiento que trabajan juntos para reafirmar y suavizar la piel con cada aplicación. Su fórmula revitalizante incluye una mezcla rica en antioxidantes de aceites de argán y tsubaki para abordar la pérdida de firmeza y humedad, extracto de albahaca santa para ayudar a proteger la piel de los factores estresantes ambientales y éster suavizante de vitamina C para suavizar y fortalecer la piel para una apariencia más joven y radiante. . Sin parabenos. Sin aceites minerales.","Aplicar una fina capa sobre el cuerpo antes de acostarse. Masajee con un movimiento de barrido hacia arriba para ayudar a estimular el flujo sanguíneo. Concéntrese en áreas del cuerpo que podrían beneficiarse de una apariencia más juvenil, incluido el escote.","Fragrance Originale",7290116975313,5.0000
000379890,"Sisleÿa Longevity Essential Booster 30 ml",sisley-sisleya-longevity-essential-booster-30-ml-000379890,https://ultrafemme.com/media/catalog/product/3/7/379890_3473311507006_01_1450.jpg,"Suero antiedad","Todo tipo de piel",,13850.000000,,"<ul><li><strong>Fracción de β-glucanos:</strong> potencia la regeneración de la piel</li>
  <li><strong>Extracto de Ginkgo:</strong> acción antiedad</li>
  <li><strong>Extracto de Vid Roja:</strong> favorece una tez radiante</li>
  <li><strong>Extracto de <em>Hypnea musciformis</em>:</strong> combate el tono amarillento de la piel</li>
  <li><strong>Dúo de Phyt'actives:</strong> acciones antioxidante y reestructurante</li>
  <li><strong>Extracto de Lenteja Verde:</strong> atenúa el aspecto de los poros dilatados</li>
  <li><strong>Ácido Hialurónico de alto y bajo peso molecular:</strong> acción antiarrugas, repulpante y alisante</li>
  <li><strong>Acetato de Vitamina E:</strong> acción anti radicales libres</li>
  <li><strong>Fitoescualano:</strong> mejora la protección de la piel</li>
  <li><strong>Aceite de Karité:</strong> acción calmante y reparadora</li>
  <li><strong>Aceite de Macadamia:</strong> nutre y suaviza la piel</li>
</ul>","Sisley Paris","AQUA/WATER/EAU, PROPANEDIOL, BUTYLENE GLYCOL, GLYCERIN, BUTYROSPERMUM PARKII (SHEA) BUTTER, SQUALANE, PENTYLENE GLYCOL, CAPRYLYL METHICONE, MACADAMIA INTEGRIFOLIA SEED OIL, TOCOPHERYL ACETATE, LENS ESCULENTA (LENTIL) SEED EXTRACT, SODIUM ACETYLATED HYALURONATE, SODIUM HYALURONATE, COMBRETUM MICRANTHUM LEAF EXTRACT, SACCHAROMYCES CEREVISIAE EXTRACT, GINKGO BILOBA LEAF EXTRACT, BIOSACCHARIDE GUM-1, HYPNEA MUSCIFORMIS EXTRACT, ADENOSINE, VITIS VINIFERA (GRAPE) LEAF EXTRACT, LAVANDULA OIL/EXTRACT, THYMUS MASTICHINA FLOWER OIL, CUPRESSUS SEMPERVIRENS OIL, POLYACRYLATE CROSSPOLYMER-6, HYDROXYETHYL ACRYLATE/SODIUM ACRYLOYLDIMETHYL TAURATE COPOLYMER, MALTODEXTRIN, POLYGLYCERYL-10 STEARATE, POLYGLYCERYL-10 OLEATE, ETHYLHEXYLGLYCERIN, C18-21 ALKANE, CITRIC ACID, GLYCINE SOJA (SOYBEAN) OIL, POLYSORBATE 60, SORBITAN ISOSTEARATE, SODIUM HYDROXIDE, 1,2-HEXANEDIOL, CAPRYLYL GLYCOL, SODIUM CITRATE, SODIUM LAUROYL GLUTAMATE, LYSINE, MAGNESIUM CHLORIDE, SODIUM BENZOATE, POTASSIUM SORBATE, TOCOPHEROL, IRON OXIDES (CI 77491), LINALOOL, LINALYL ACETATE, PINENE, LIMONENE, TERPINEOL, BETA-CARYOPHYLLENE, TERPINOLENE, CAMPHOR, GERANIOL, ALPHA-TERPINENE. IL#10A",Sueros,Sisleÿa,"<p>Sisleÿa Essential Longevity Serum es un sérum antiedad revolucionario diseñado específicamente para la piel madura.</p><p>Presenta un enfoque muy innovador, basado en 4 acciones, para responder a las necesidades específicas de las pieles maduras:</p><ol><li>REACTIVAR el potencial de juventud de la piel</li><li>CORREGIR los signos de la edad</li><li>TRATAR los problemas específicos del envejecimiento de pieles maduras</li><li>REAVIVAR las sensaciones de una piel joven</li></ol><br><p>REACTIVA el potencial de juventud de la piel</p><p>Una fracción de β-glucanos procedentes de la biotecnología estimula los mecanismos esenciales de la piel, debilitados en las pieles maduras. La piel se revitaliza y su regeneración se reactiva.</p><br><p>CORRIGE los signos de la edad</p><p>Una combinación de activos expertos, entre los que se encuentra el extracto de Ginkgo, reduce visiblemente los signos de la edad que se acentúan en las pieles maduras -arrugas, pérdida de firmeza y tez apagada- para brindar al rostro un aspecto más joven.</p><br><p>TRATA los problemas específicos del envejecimiento de las pieles maduras</p><p>Un dúo exclusivo de Phyt'actives ejerce una acción antioxidante y reestructurante para restaurar la sustancia de las pieles finas y frágiles.</p><p>El extracto de Hypnea musciformis ayuda a combatir el tono amarillento de la piel. </p><p>Por último, el extracto de Vid Roja reduce el tono gris de la piel para devolverle su luminosidad.</p><br><p>REAVIVA las sensaciones de una piel joven</p><p>Su fórmula, enriquecida con Ácido Hialurónico, aceites vegetales (Karité y Macadamia) y Fitoescualano, ayuda a restaurar de forma instantánea y duradera el confort, la nutrición y una tez fresca.</p><p>Día tras día, los signos de la edad se atenúan. El rostro recobra la armonía de un rostro más joven. Nutrida y revigorizada, la piel madura está más bella y llena de vitalidad, durante más tiempo.</p>","<p>Essential Longevity Serum  se integra perfectamente en el ritual de tratamiento Sisleÿa para  todo tipo de pieles maduras antes de aplicar Sisleÿa L’Intégral Anti-Âge Lotion de Soin Essentielle y continuar con la rutina habitual.</p><p>Por la mañana y la noche, aplicar de 3 a 4 gotas de sérum sobre el rostro y el cuello siguiendo la técnica descrita a continuación.</p><p>Para una utilización óptima de la pipeta:</p><ul><li>Levantar el gotero hasta la parte superior del frasco. Apretar y sujetar la pera de goma entre los dedos.</li><li>Bajar el gotero dentro del frasco sin dejar de sujetar la pera de goma.</li><li>Soltar.</li><li>Sacar el gotero del frasco y verter 3 o 4 gotas.</li></ul>",Sisleÿa,3473311507006,19.0000
000256067,"Night Body Serum",moroccanoil-night-body-serum-100-ml-000256067,https://ultrafemme.com/media/catalog/product/2/5/256067_7290017279626_01_0340.jpg,"Suero antiedad",,,1109.000000,,,Moroccanoil,,Sueros,"Fragrance Originale","Reafirma, suaviza y nutre intensamente la piel mientras duermes con Night Body Serum. Este suero altamente concentrado está repleto de ingredientes de alto rendimiento que trabajan juntos para reafirmar y suavizar la piel con cada aplicación. Su fórmula revitalizante incluye una mezcla rica en antioxidantes de aceites de argán y tsubaki para abordar la pérdida de firmeza y humedad, extracto de albahaca santa para ayudar a proteger la piel de los factores estresantes ambientales y éster suavizante de vitamina C para suavizar y fortalecer la piel para una apariencia más joven y radiante. . Sin parabenos. Sin aceites minerales.","Aplicar una fina capa sobre el cuerpo antes de acostarse. Masajee con un movimiento de barrido hacia arriba para ayudar a estimular el flujo sanguíneo. Concéntrese en áreas del cuerpo que podrían beneficiarse de una apariencia más juvenil, incluido el escote.","Fragrance Originale",7290017279626,13.0000
000375953,"Night Concentrate Anti-Imperfecciones 27 ml",isdin-night-concentrate-antiimperfecciones-27-ml-000375953,https://ultrafemme.com/media/catalog/product/3/7/375953_8429420236219_01_b942.jpg,"Suero reparador",Grasa,,749.000000,,"<p>Disminuye los granos y mejora la textura de la piel</p><p><ul><li>Disminuye los granos: Ayuda a disminuir granos y espinillas, mejorando la textura de la piel.</li><li>Reduce las marcas: Ayuda a reducir las marcas residuales que dejan los granos sobre la piel.</li><li>Unifica el tono: Unifica el tono y mejora el aspecto de la piel.</li><li>Regula el sebo: Ayuda a regular el exceso de sebo y no deja sensación de piel grasa.</li></ul></p>",Isdin,"<ul><li>Retinaldehído. Retinoide que ayuda a mantener la piel en buenas condiciones.</li><li>Niacinamida.Ayuda a reducir las imperfecciones típicas de la piel con tendencia acneica. Contribuye a disminuir las rojeces y fortalece la barrera cutánea.</li><li>Betaína. Ingrediente con acción calmante e hidratante que reduce el enrojecimiento de la piel.</li><li>Zinc PCA. Ingrediente que aporta una acción seborreguladora.</li><li>Bixa Orellana Seed Extract. Disminuye el exceso de sebo y reduce los brillos. Ayuda a reducir las imperfecciones de la piel con tendencia acneica.</li><li>Opuntia Ficus-Indica Flowers Extract. Minimiza las imperfecciones de la piel con tendencia acnéica. Ayuda a reducir el aspecto de las marcas residuales y mejora la textura, unificando el tono.</li></ul>",Sueros,,"<p>Devuelve la luminosidad a la piel grasa y con tendencia acneica con Acniben® Night Concentrate Anti-Imperfecciones. Su potente fórmula, con retinaldehido, zinc PCA y niacinamida, ayuda a disminuir y prevenir granos, puntos negros y marcas residuales en la piel.</p>","<p>Utiliza Acniben® Night Concentrate Anti-Imperfecciones cada noche aplicando una cantidad equivalente a 5 gotas sobre la piel limpia y seca del rostro. Masajea suavemente hasta que se absorba. Agita el frasco antes de cada uso.</p>",,8429420236219,11.0000
000177888,"Hand Cream Fragrance Originale 75 ml",moroccanoil-hand-cream-fragrance-originale-75-ml-000177888,https://ultrafemme.com/media/catalog/product/1/7/177888_7290014827578_01_8176.jpg,"Crema de manos",,,399.000000,,"Un humectante para manos intensamente hidratante pero de rápida absorción formulado con aceite de argán, ácido hialurónico, escualano y una mezcla de mantecas de cacao y karité.",Moroccanoil,,Cremas,"Fragrance Originale","Nutre intensamente manos, uñas y cutículas con la colección Hand Cream. Este humectante rico pero de rápida absorción contiene aceite de argán rico en antioxidantes, ácido hialurónico para atraer y retener la humedad, escualano para ayudar a suavizar y suavizar la piel y una mezcla de mantecas de cacao y karité para ayudar a aumentar la humedad y fortalecer la barrera cutánea. Disponible en siete aromas de inspiración mediterránea y libre de parabenos y aceite mineral.","Masajee una cantidad del tamaño de un guisante sobre las manos y cutículas limpias diariamente, con la frecuencia necesaria.","Fragrance Originale",7290014827578,1.0000
000369927,"Absolue L'Extrait The Elixir Concentrate Refill 30 ml",lancome-absolue-lextrait-the-elixir-concentrate-refill-30-ml-000369927,https://ultrafemme.com/media/catalog/product/3/6/369927_3614274318043_01_d5cc.jpg,"Suero antiedad","Todo tipo de piel",,9585.000000,,"<p>La piel se recupera, se ve más rellena y saludable, con volumen y fuerza:</p><ul><li>+61% de recuperación natural de la piel más rápida</li><li>+37% piel más rellena y con más volumen</li><li>+37% apariencia saludable de la piel (suavidad/luminosidad)</li><li>-35% líneas finas y arrugas</li><li>+32% piel más firme y tensa</li><li>+22% pómulos más elevados y definidos</li></ul><p>9 de cada 10 mujeres experimentan serenidad mental y sensación de armonía al aplicar el producto. El nuevo paso esencial, por la mañana y por la noche, en tu ritual Absolue L'Extrait.</p>",Lancôme,"<p>Descubre los ingredientes magistralmente elaborados y con múltiples patentes que fortalecen la estructura de la piel y restauran su vitalidad esencial.</p><p>EXTRACTOS DE ROSA PERPETUA ABSOLUE™</p><p>Aceite altamente concentrado de la Rosa Perpetua de Lancôme, la joya del Domaine de la Rose, que estimula la regeneración de la piel, unifica el tono y suaviza la textura.</p><p>ABSOLUE BLACKBIOSIS™</p><p>Un aceite fragante derivado de pétalos de gardenia, encendiendo el ánimo alegre de la fragancia.</p>",Sueros,Absolue,"<p>EL SUERO CONCENTRADO QUE REDUCE VISIBLEMENTE LAS LÍNEAS DE EXPRESIÓN.</p><p>Descubre una revolución en el cuidado de la piel. El sérum más avanzado de Lancôme, Absolue L’Extrait The Elixir Concentrate, ha demostrado aumentar los niveles de NAD+ en un récord del 83%. Este innovador concentrado no solo energiza las células, sino que remodela la piel, permitiéndole recuperar su estructura juvenil y su vitalidad esencial.</p>","Comienza tu ritual activando seis puntos de acupresión para liberar tensión y promover la relajación. A continuación, presiona suavemente y extiende el producto hacia afuera, llegando hasta el cuello para una aplicación uniforme. Para levantar los contornos de tu rostro, utiliza la exclusiva herramienta V-Shape debajo de la mandíbula, deslizándola hacia arriba a lo largo de la mandíbula desde el interior hacia el exterior. Repite este movimiento dos veces para obtener resultados óptimos. Luego, suaviza la frente colocando la herramienta sobre la ceja, presionando y levantando con un movimiento ascendente desde el borde interior hacia el borde exterior. Repite este paso también dos veces. Concluye tu ritual con trazos verticales, deslizando desde la mandíbula hasta el cuello para un gesto de drenaje final.",Absolue,3614274318043,1.0000
000377654,"DayWear Moisturizer Multi-Protection Anti-Oxidant 24H-Moisture Creme SPF 15 for Normal/Combo Skin 30 ml",estee-lauder-daywear-moisturizer-multi-protection-anti-oxidant-24h-moisture-creme-spf-15-for-normal-combo-skin-30-ml-000377654,https://ultrafemme.com/media/catalog/product/3/7/377654_27131833055_01_76b3.jpg,"Crema humectante","Todo tipo de piel",,979.000000,,,"Estee Lauder","Water Aqua Eau, Ethylhexyl Salicylate, Dimethicone, Butyloctyl Salicylate, Butylene Glycol, Butyl Methoxydibenzoylmethane, Polyester-8, Cetyl Ricinoleate, Steareth-21, Steareth-2, Di-c12-15 Alkyl Fumarate, Caprylic/capric/myristic/stearic Triglyceride, Polysilicone-11, Psidium Guajava (guava) Fruit Extract, Gentiana Lutea (gentian) Root Extract, Stearyl Alcohol, Polygonum Cuspidatum Root Extract, Hordeum Vulgare (barley) Extract Extrait D'orge, Laminaria Ochroleuca Extract, Rosmarinus Officinalis (rosemary) Leaf Extract, Triticum Vulgare (wheat) Germ Extract, Artemia Extract, Caffeine, Pentylene Glycol, Hydrolyzed Rice Extract, Vitis Vinifera (grape) Seed Extract, Hydrolyzed Rice Bran Extract, Lauryl Peg-9 Polydimethylsiloxyethyl Dimethicone, Thermus Thermophillus Ferment, Behenyl Alcohol, Acrylic Acid/vp Crosspolymer, Triacontanyl Pvp, Glycerin, C12-15 Alkyl Benzoate, Linoleic Acid, Cholesterol, Squalane, Sodium Pca, 1,2-hexanediol, Urea, Caprylic/capric Triglyceride, Dipropylene Glycol Dibenzoate, Tocopheryl Acetate, Acrylamide/sodium Acryloyldimethyltaurate Copolymer, Tetrahexyldecyl Ascorbate, Sodium Hyaluronate, Ergothioneine, Isohexadecane, Ppg-15 Stearyl Ether Benzoate, Glycyrrhetinic Acid, Trehalose, Polyquaternium-51, Polysorbate 80, Potassium Sorbate, Lecithin, Hydrogenated Lecithin, Glucose, Palmitoyl Hydroxypropyltrimonium Amylopectin/glycerin Crosspolymer, Caprylyl Glycol, Cyclodextrin, Sodium Hydroxide, Nordihydroguaiaretic Acid, Sodium Chloride, Triacetin, Ascorbyl Tocopheryl Maleate, Fragrance (parfum), Citric Acid, Ethylbisiminomethylguaiacol Manganese Chloride, Pentaerythrityl Tetra-di-t-butyl Hydroxyhydrocinnamate, Disodium Edta, Bht, Chlorphenesin, Sodium Dehydroacetate, Phenoxyethanol, Blue 1 (ci 42090), Yellow 5 (ci 19140), Chromium Hydroxide Green (ci 77289)",Cremas,DayWear,"<p>Esta hidratante antioxidante superprotectora de alto rendimiento aporta a la piel una intensa oleada de hidratación que dura 24 horas. Revela un aspecto saludable y radiante.</p><br><p>MÁS POTENTE QUE LA VITAMINA C O LA VITAMINA E SOLAS</p><p>Se ha demostrado que nuestro Complejo Súper Antioxidante patentado combate el daño causado por los radicales libres y ayuda a la piel a defenderse de todo tipo de agresiones dañinas. Las pruebas in vitro demuestran que la mezcla del Complejo Súper Antioxidante tiene un poder antioxidante mucho mayor en comparación con antioxidantes conocidos como la vitamina C y la vitamina E, entre otros.</p><br><p>A LAS USUARIAS LES ENCANTA</p><ul><li>El 91 % afirmó que la piel mostraba un aspecto más sano en 1 semana.</li><li>El 96 % afirmó que la piel adquirió una sensación de alivio de inmediato.</li><li>El 94 % afirmó que la piel se notaba suave y tersa al instante.</li></ul><br><p>MULTIPROTECCIÓN, MULTIBENEFICIOS</p><p>DayWear protege contra los daños solares gracias al protector solar de amplio espectro UVA/UVB SPF 15. Esta hidratante de 24 horas reduce el aspecto de piel seca y apagada. Deja la piel con una sensación más saludable, fresca y lista para afrontar el día. La crema para la piel normal/mixta es ligera y refrescante. Perfumada con frescas notas de agua de pepino.</p><br><p>INGREDIENTES CLAVE</p><p>Complejo Súper Antioxidante: con vitamina C, vitamina E y mucho más, esta hidratante antioxidante defiende la piel del daño de los radicales libres. Ácido hialurónico: ayuda a retener la humedad para aportar una hidratación instantánea y duradera. Protector solar de amplio espectro: protege contra los dañinos rayos UVA y UVB del sol.</p>","Aplica esta hidratante antioxidante por la mañana y por la noche después del sérum.",DayWear,27131833055,9.0000
000377807,"Sweet Jasmine Luxury Kitchen Hand Balm 175 ml",rituals-sweet-jasmine-luxury-kitchen-hand-balm-175-ml-000377807,https://ultrafemme.com/media/catalog/product/3/7/377807_8719134158113_01_6e20.jpg,"Bálsamo de manos",,,349.000000,,,Rituals,,Bálsamos,"Private Collection","Un bálsamo de manos reconfortante de lujo de la Colección Privada Floral. Basado en jazmín, el bálsamo de manos comienza con una nota final afrutada brillante y vibrante, con notas frescas de cítricos y bayas, dando lugar a flores elegantes como la peonía y la mugueta. El sándalo aporta elegancia y calidez a la fragancia.",,"Private Collection",8719134158113,19.0000
000177895,"Dry Body Oil 100 ml",moroccanoil-dry-body-oil-100-ml-000177895,https://ultrafemme.com/media/catalog/product/1/7/177895_7290014344372_01_8161.jpg,"Aceite hidratante",,,859.000000,,,Moroccanoil,,Aceites,Body,"Hidratación instantánea que logra resultados suaves y sedosos, el Aceite Corporal Seco con Fragancia Original de Moroccanoil Body™ infunde en la piel las propiedades nutritivas y ricas en antioxidantes del aceite de argán, rico en ácidos grasos esenciales, así como los aceites de oliva y aguacate. La fórmula ligera se absorbe rápidamente para retener la humedad, al mismo tiempo que calma las áreas secas y mejora la textura y el tono general de la piel. Delicadamente perfumado con el aroma característico de Moroccanoil, Fragancia Original.","Rocía una fina capa de Aceite Corporal Seco Moroccanoil® directamente sobre la piel inmediatamente después de la ducha y masajea ligeramente con un movimiento circular ascendente. Repite las veces que desees.",Body,7290014344372,3.0000
000368707,"Absolue Longevity The Soft Cream",lancome-absolue-longevity-the-soft-cream-30-ml-000368707,https://ultrafemme.com/media/catalog/product/3/6/368707_3614274280173_01_f74a.jpg,"Crema antiedad","Todo tipo de piel",,3555.000000,,"<ul><li>Disminuye signos de la edad en 1 mes</li>
<li>+415% COLÁGENO TIPO 3</li>
<li>CONTORNO INTERNO MÁS DEFINIFO</li>
<li>+36% MAYOR FIRMEZA EN CONTORNO EXTERIOR</li></ul>",Lancôme,"<p>Nueva ciencia integrativa de longevidad avanzada™. Absolue Longevity combina 3 poderosos activos de longevidad: Absolue PDRN™, Pro-Xylane™ y extracto de rosa perpetua Absolue™. Es la única crema del mercado que ha demostrado actuar sobre los 3 grupos de la rueda de la longevidad para corregir y prevenir los signos de la edad.</p><p>EXCLUSIVO Y PATENTADO ABSOLUE PDRN™</p><p>Prolonga la juventud multiplicando las mitocondrias, las centrales eléctricas celulares, responsables del 90% de la energía celular.</p><p>EXCLUSIVO Y PATENTADO EXTRACTO DE ROSA PERPETUA ABSOLUE™</p><p>Acelera la renovación celular para promover una piel sana.</p><p>PATENTADO PRO-XYLANE™</p><p>Disminuye visiblemente la aparición de líneas y arrugas para obtener beneficios antienvejecimiento. Redensifica y rellena la piel.</p>",Cremas,Absolue,"Presentamos una revolución en la ciencia del cuidado de la piel: la nueva Absolue Longevity The Soft Cream, nacida de 60 años de ciencia avanzada. La nueva Soft Cream está impulsada por Absolue PDRN, inspirada en un procedimiento de belleza conocido por sus propiedades regeneradoras y rellenadoras sin precedentes. Combinada con Pro-Xylane™ antienvejecimiento y el extracto de rosa perpetua Absolue™, esta fórmula es capaz tanto de prevenir como de corregir los signos del envejecimiento. La juventud de la piel es demasiado corta, hasta que la prolongas. La energía celular es la fuente vital de la juventud. Sin ella, no hay vida. A medida que envejeces, esta energía celular disminuye drásticamente y todos los signos del envejecimiento se aceleran. Mejorar el metabolismo celular proporciona a las células la energía que necesitan para vivir más tiempo.","Para disfrutar de la experiencia completa de Absolue Longevity The Soft Cream, aplica cada mañana y noche sobre la piel limpia del rostro, cuello y escote, presionando suavemente para favorecer la absorción. Para un resultado óptimo, utiliza después de tu sérum habitual.",Absolue,3614274280173,6.0000
000360697,"Soufflé Corporal 200 ml",moroccanoil-souffle-corporal-200-ml-000360697,https://ultrafemme.com/media/catalog/product/3/6/360697_7290113145245_01_57e7.jpg,"Crema corporal","Todo tipo de piel",,629.000000,,,Moroccanoil,"AQUA/WATER/EAU, CAPRYLIC/CAPRIC TRIGLYCERIDE, GLYCERIN, MACADAMIA TERNIFOLIA SEED OIL, GLYCERYL STEARATE, CETEARYL ALCOHOL, C12-15 ALKYL BENZOATE, POLYSORBATE 60, ISOCETYL STEARATE, DIMETHICONE, MYRISTYL MYRISTATE, PARFUM/FRAGRANCE, ARGANIA SPINOSA (ARGAN) KERNEL OIL, BUTYROSPERMUM PARKII (SHEA) BUTTER, HYDROLYZED OAT PROTEIN, VANILLA PLANIFOLIA FRUIT EXTRACT, SQUALANE, HONEY/MEL/MIEL, ETHYLHEXYLGLYCERIN, CETEARETH-20, TRIDECYL STEARATE, HYDROXYETHYL ACRYLATE/SODIUM ACRYLOYLDIMETHYL TAURATE COPOLYMER, TRIDECYL TRIMELLITATE, DIPENTAERYTHRITYL HEXACAPRYLATE/HEXACAPRATE, LAURYL MYRISTATE, TIN OXIDE, ALLANTOIN, MYRISTYL LAURATE, SORBITAN ISOSTEARATE, SODIUM PCA, CARBOMER, LAURYL LAURATE, LAURYL PALMITATE, SODIUM HYALURONATE, PALMITIC ACID, STEARIC ACID, MYRISTIC ACID, LAURIC ACID, OLEIC ACID, AMINOMETHYL PROPANOL, CAPRYLYL GLYCOL, BUTYLENE GLYCOL, MYRISTYL ALCOHOL, CETYL ALCOHOL, C12-15 ALCOHOLS, BENZYL ALCOHOL, TETRASODIUM EDTA, POTASSIUM SORBATE, SODIUM BENZOATE, PHENOXYETHANOL, MICA, CI 77891 (TITANIUM DIOXIDE), BUTYLPHENYL METHYLPROPIONAL, LINALOOL, EUGENOL, ALPHA-ISOMETHYL IONONE, HYDROXYISOHEXYL 3-CYCLOHEXENE CARBOXALDEHYDE. MOBSMO001",Cremas,,"Un hidratante corporal batido y ligero, formulado con escualano hidratante y una mezcla reparadora de aceites de argán, aguacate y semilla de macadamia.
El soufflé corporal es un hidratante ligero y batido que se absorbe rápidamente para proporcionar una hidratación diaria y resultados sedosos y suaves para todos los tipos de piel. Además de una combinación de aceites de argán reparador, aguacate y de semillas de macadamia, la fórmula incluye escualeno hidratante para mejorar la barrera natural de la piel.","Aplicar generosamente sobre la piel seca o húmeda tras limpiarla para conservar la hidratación como parte de su rutina diaria de cuidado de la piel. Se pude utilizar en cualquier momento del día.",,7290113145245,19.0000
000377809,"The Ritual Of Karma Overnight Body Mask 125 ml",rituals-the-ritual-of-karma-overnight-body-mask-125-ml-000377809,https://ultrafemme.com/media/catalog/product/3/7/377809_8719134201758_01_240d.jpg,"Mascarilla Corporal",,,419.000000,,,Rituals,,Mascarillas,"The Ritual Of Karma","<p>Consigue el sueño de belleza más indulgente con la mascarilla corporal nocturna de The Ritual of Karma. Esta crema en gel ligera está diseñada para regenerar, reponer y nutrir la piel deshidratada mientras duermes, restaurando así la flexibilidad y elasticidad*. Formulado con aroma de té blanco y flor de loto y el complejo Hydra-Boost con escualano, aloe vera y algas.</p>
<br>
<p>*El 90% está de acuerdo en que el producto se absorbe rápidamente por la piel</p>
<p>El 87% coincide en que el producto se siente ligero como una pluma en la piel</p>
<p>El 90% está de acuerdo en que la piel se sentía más suave por la mañana**</p>
<br>
<p>** En un estudio independiente de eficacia, analizado en 30 mujeres de entre 31 y 64 años, durante 14 días</p>",,"The Ritual Of Karma",8719134201758,19.0000
000177896,"Pure Argan Oil 50 ml",moroccanoil-pure-argan-oil-50-ml-000177896,https://ultrafemme.com/media/catalog/product/1/7/177896_7290014344396_01_7a9f.jpg,"Aceite hidratante",,,919.000000,,,Moroccanoil,,Aceites,Body,"Date un capricho de pies a cabeza. El Aceite de Argán Puro de Moroccanoil Body™ envuelve la piel, las uñas y el cabello con las propiedades nutritivas del aceite de argán 100 % puro. Extremadamente rico en vitamina E, ácidos grasos esenciales y antioxidantes, este aceite lujoso y no graso brinda múltiples beneficios acondicionadores e hidratantes para el rostro, el cuerpo y el cabello, dejando a los tres con belleza y brillo. Se desliza como la seda y se absorbe rápidamente para una experiencia de mimos e hidratación de la cabeza a los pies.","Pon unas gotas de Aceite de Argán Puro Moroccanoil® en las manos y masajea ligeramente el aceite sobre la cara, la piel exfoliada y las manos, luego pásalo por todo el cabello.",Body,7290014344396,1.0000
000355622,"Hand Cream Dahlia Rogue",moroccanoil-hand-cream-dahlia-rogue-40-ml-000355622,https://ultrafemme.com/media/catalog/product/3/5/355622_7290116974071_01_a555.jpg,"Crema de manos",,,219.000000,,,Moroccanoil,,Cremas,"Dahlia Rogue","Nutre intensamente manos, uñas y cutículas con la colección Hand Cream. Este humectante rico pero de rápida absorción contiene aceite de argán rico en antioxidantes, ácido hialurónico para atraer y retener la humedad, escualano para ayudar a suavizar y suavizar la piel y una mezcla de mantecas de cacao y karité para ayudar a aumentar la humedad y fortalecer la barrera cutánea. Disponible en siete aromas de inspiración mediterránea y libre de parabenos y aceite mineral.","Masajee una cantidad del tamaño de un guisante sobre las manos y cutículas limpias diariamente, con la frecuencia necesaria.","Dahlia Rogue",7290116974071,1.0000
000256067-000256067,"Night Body Serum",moroccanoil-night-body-serum,https://ultrafemme.com/media/catalog/product/2/5/256067_7290017279626_01_0340.jpg,"Suero antiedad",,,,,,Moroccanoil,,Sueros,"Fragrance Originale","Reafirma, suaviza y nutre intensamente la piel mientras duermes con Night Body Serum. Este suero altamente concentrado está repleto de ingredientes de alto rendimiento que trabajan juntos para reafirmar y suavizar la piel con cada aplicación. Su fórmula revitalizante incluye una mezcla rica en antioxidantes de aceites de argán y tsubaki para abordar la pérdida de firmeza y humedad, extracto de albahaca santa para ayudar a proteger la piel de los factores estresantes ambientales y éster suavizante de vitamina C para suavizar y fortalecer la piel para una apariencia más joven y radiante. . Sin parabenos. Sin aceites minerales.","Aplicar una fina capa sobre el cuerpo antes de acostarse. Masajee con un movimiento de barrido hacia arriba para ayudar a estimular el flujo sanguíneo. Concéntrese en áreas del cuerpo que podrían beneficiarse de una apariencia más juvenil, incluido el escote.","Fragrance Originale",,18.0000
000355621-000355621,"Hand Cream Dahlia Rogue",moroccanoil-hand-cream-dahlia-rogue,https://ultrafemme.com/media/catalog/product/3/5/355621_7290116974064_01_67a7.jpg,"Crema de manos",,,,,,Moroccanoil,,Cremas,"Dahlia Rogue","Nutre intensamente manos, uñas y cutículas con la colección Hand Cream. Este humectante rico pero de rápida absorción contiene aceite de argán rico en antioxidantes, ácido hialurónico para atraer y retener la humedad, escualano para ayudar a suavizar y suavizar la piel y una mezcla de mantecas de cacao y karité para ayudar a aumentar la humedad y fortalecer la barrera cutánea. Disponible en siete aromas de inspiración mediterránea y libre de parabenos y aceite mineral.","Masajee una cantidad del tamaño de un guisante sobre las manos y cutículas limpias diariamente, con la frecuencia necesaria.","Dahlia Rogue",,3.0000
000368706-000368706,"Absolue Longevity The Soft Cream",lancome-absolue-longevity-the-soft-cream,https://ultrafemme.com/media/catalog/product/3/6/368706_3614274280166_01_eb45.jpg,"Crema antiedad","Todo tipo de piel",,,,"<ul><li>Disminuye signos de la edad en 1 mes</li>
<li>+415% COLÁGENO TIPO 3</li>
<li>CONTORNO INTERNO MÁS DEFINIFO</li>
<li>+36% MAYOR FIRMEZA EN CONTORNO EXTERIOR</li></ul>",Lancôme,"<p>Nueva ciencia integrativa de longevidad avanzada™. Absolue Longevity combina 3 poderosos activos de longevidad: Absolue PDRN™, Pro-Xylane™ y extracto de rosa perpetua Absolue™. Es la única crema del mercado que ha demostrado actuar sobre los 3 grupos de la rueda de la longevidad para corregir y prevenir los signos de la edad.</p><p>EXCLUSIVO Y PATENTADO ABSOLUE PDRN™</p><p>Prolonga la juventud multiplicando las mitocondrias, las centrales eléctricas celulares, responsables del 90% de la energía celular.</p><p>EXCLUSIVO Y PATENTADO EXTRACTO DE ROSA PERPETUA ABSOLUE™</p><p>Acelera la renovación celular para promover una piel sana.</p><p>PATENTADO PRO-XYLANE™</p><p>Disminuye visiblemente la aparición de líneas y arrugas para obtener beneficios antienvejecimiento. Redensifica y rellena la piel.</p>",Cremas,Absolue,"Presentamos una revolución en la ciencia del cuidado de la piel: la nueva Absolue Longevity The Soft Cream, nacida de 60 años de ciencia avanzada. La nueva Soft Cream está impulsada por Absolue PDRN, inspirada en un procedimiento de belleza conocido por sus propiedades regeneradoras y rellenadoras sin precedentes. Combinada con Pro-Xylane™ antienvejecimiento y el extracto de rosa perpetua Absolue™, esta fórmula es capaz tanto de prevenir como de corregir los signos del envejecimiento. La juventud de la piel es demasiado corta, hasta que la prolongas. La energía celular es la fuente vital de la juventud. Sin ella, no hay vida. A medida que envejeces, esta energía celular disminuye drásticamente y todos los signos del envejecimiento se aceleran. Mejorar el metabolismo celular proporciona a las células la energía que necesitan para vivir más tiempo.","Para disfrutar de la experiencia completa de Absolue Longevity The Soft Cream, aplica cada mañana y noche sobre la piel limpia del rostro, cuello y escote, presionando suavemente para favorecer la absorción. Para un resultado óptimo, utiliza después de tu sérum habitual.",Absolue,,8.0000
000377224-000377224,"Hyper Real Skincanvas™ Waterlight Cream Moisturizer",mac-hyper-real-skincanvas-waterlight-cream-moisturizer,https://ultrafemme.com/media/catalog/product/3/7/377224_773602757282_01_cea5.jpg,"Crema humectante",Seca,,,,"Hidratante, Fortalecimiento de la Barrera Cutánea, Tono de Piel Uniforme, Difuminado de Poros, Reafirmante",MAC,"Water Aqua Eau , Dimethicone , Isododecane , Peg/ppg-18/18 Dimethicone , Butylene Glycol , Squalane , Niacinamide , Glycerin , Propanediol , Silica , Sodium Chloride , Sodium Hyaluronate , Ceramide Ng , Hydroxypropyltrimonium Hyaluronate , Helianthus Annuus (sunflower) Seed Extract , Prunus Amygdalus Dulcis (sweet Almond) Seed Extract , Hordeum Vulgare Extract Extrait D'orge , Cucumis Sativus (cucumber) Fruit Extract , Laminaria Saccharina Extract , Paeonia Albiflora Flower Extract , Caffeine , Yeast Extract Faex Extrait De Levure , Cetyl Peg/ppg-10/1 Dimethicone , Trisiloxane , Propylene Glycol Dicaprate , Ethylhexylglycerin , Disteardimonium Hectorite , Propylene Carbonate , Polysilicone-11 , Fragrance (parfum) , Benzyl Salicylate , Tocopheryl Acetate , Hydroxyacetophenone , Disodium Edta , Phenoxyethanol , Sodium Benzoate",Cremas,"Hyper Real","Dale a tu piel una pausa para reponer sus niveles de agua con esta crema potenciadora de la hidratación con un trío de ácidos hialurónicos de alto impacto. Esta fórmula ligera actúa y combate la sequedad, empapando la piel en un velo indetectable de potentes ingredientes para el cuidado de la piel, al tiempo que proporciona un acabado suave como un pétalo para un lienzo listo para el maquillaje. Fórmula con extracto de peonía japonés, resistente y rara, para unificar el tono de la piel con el tiempo, niacinamida para minimizar la apariencia de los poros, mejorar visiblemente la luminosidad y unificar el tono de la piel con el tiempo, ácido hialurónico para retener la hidratación y alga kelp de azúcar para tensar la apariencia de los poros, esta hidratante transformadora triple proporciona una hiperhidratación para lograr una mirada luminosa desde todos los ángulos, con o sin maquillaje. Esta fórmula que refina la piel también reduce visiblemente la apariencia de los poros y las líneas de expresión para conseguir una luminosidad radiante y de aspecto saludable. El 96 % mejoró la fuerza de la barrera cutánea después de un solo uso. Probado en todos los tonos de piel.","Aplícalo dos veces al día, mañana y noche, como parte de tu rutina de cuidado de la piel Hyper Real™. Pon la cantidad deseada de producto directamente en la yema de los dedos o usa la 001 Serum + Moisturizer Brush para aplicar uniformemente sobre la piel recién limpia.","Hyper Real",,24.0000
000110558-000110558,"Sun Beauty Body Milk SPF30",sun-beauty-body-sun-beauty-body-milk-spf30,https://ultrafemme.com/media/catalog/product/1/1/110558_3616302022540_01_76d9.jpg,"Protector solar corporal",,,,,"Proporciona una amplia protección contra el espectro solar.Ayuda a reparar la piel de la exposición al sol. Fortalece la resistencia al fotoenvejecimiento de la piel. Ayuda al proceso de bronceado. Fórmula limpia y respetuosa con el océano.",Lancaster,,"Protectores solares","Sun Beauty Body","Nuestra protección solar más amplia para el cuerpo en una textura suave y confortable. Textura altamente sensorial para una sensación aterciopelada en la piel.","Al menos cada 2 horas para una protección solar óptima y después de nadar.","Sun Beauty Body",,19.0000
000264213-000264213,"Sports BB Cream SPF 50+ Sunscreen 30 ml",shiseido-sports-bb-cream-spf-50-sunscreen-30-ml,https://ultrafemme.com/media/catalog/product/2/6/264213_730852146570_01_5182.jpg,"Protector solar",,,,,,Shiseido,"<p>ACTIVOS: Finalidad OCTINOXATO 4.9% ･････ Filtro solar DIÓXIDO DE TITANIO 15.0% ･････ Filtro solar</p><p>INACTIVOS:DIMETICONA･SÍLICE･BIS-PEG-18 ÉTER METIL DIMETIL SILANO･ISODODECANO･TRIMETHYLSILOXYSILICATO･SD ALCOHOL 40-B･TRIMETILSILOXISILICATO/POLÍMERO CRUZADO DE DIMETICONOL･MIRISTATO DE ISOPROPILO･HIDRÓXIDO DE ALUMINIO･PEG-9 POLIDIMETIL SILOXIETIL DIMETICONA･ÁCIDO ESTEÁRICO･ÁCIDO ISOSTEÁRICO･PALMITATO DE DEXTRINA･DISTEARDIMONIUM HECTORITE･BIS-BUTYL DIMETICONA POLIGLICERIL-3･LISINA LAUROIL･PEG/PPG-14/7 ÉTER DIMETIL･PCA DIMETICONA･FITOSTEROL/GLUTAMATO OCTILDODECIL LAURIL･FITOSTEROL MACADAMIA･LECITINA･EXTRACTO DE RAÍZ DE GLYCYRRHIZA GLABRA (REGALIZ)･SUCROSA TETRAESTEARATO TRIACETATO･POLIMETILSILSESQUIOXANO･TALCO･POLÍMERO CRUZADO DE METACRILATO DE METILO･ALÚMINA･POLISILICONA-2･TRIETOXICAPRILILSILANO･DIMETICONA DE HIDRÓGENO･TOCOFEROL･BHT･ETILPARABENO･FRAGANCIA･DIÓXIDO DE TITANIO･ÓXIDOS DE HIERRO･MICA･</p>","Protectores solares",Suncare,"<p>Un protector BB de secado rápido para una belleza duradera que no es pegajosa. Seca rápidamente la transpiracion para evitar que se corra el maquillaje, al tiempo que reacciona con el agua para mejorar la protección UV. Ayuda a darle a la piel un look natural, saludable y contorneado, para lograr un hermoso acabado que dura todo el día en el sol.</p><br><ul><li>Seca rápidamente la transpiración y el agua para prolongar el uso del maquillaje durante todo el día.</li><li>La tecnología WetForce protege de los rayos UVA y UBA incluso cuando está mojado.</li><li>Refrescante y fácil de usar.</li><li>Para todo tipo de piel. Sometido a pruebas dermatológicas. Sometido a pruebas oftalmológicas. No comedogénico.</li></ul>","<p>Agita bien antes de usar. Úsalo como último paso en tu rutina de tratamiento de la mañana. Coloca en la palma de tu mano una cantidad adecuada y pasa sobre el rostro uniformemente.</p>",Suncare,,41.0000
000349646-000349646,"UV Protective Compact Foundation (Refill) 12 gr",shiseido-uv-protective-compact-foundation-refill-12-gr,https://ultrafemme.com/media/catalog/product/3/4/349646_730852213159_01_4810.jpg,"Protector solar",,,,,,Shiseido,,"Protectores solares",,"<p>Recambio de maquillaje compacto con protección UV. SPF35, PA+++ y resistente al agua, con un acabado mate. Protege y nutre la verdadera belleza y vitalidad de la piel.</p>",,,,13.0000
000383358,"Gua Sha Acero Inoxidable Rose Gold",rice-and-shine-gua-sha-acero-inoxidable-rose-gold-000383358,https://ultrafemme.com/media/catalog/product/3/8/383358_2050003114783_01_f732.jpg,"Masajeador facial",,,390.000000,,"<ul><li>Mejora de la circulación sanguínea y linfática</li><li>Reducción de la hinchazón y edema</li><li>Tonificación de la piel y músculos faciales</li><li>Relajación y reducción del estrés</li><li>Estimulación del colágeno</li><li>Ayuda en la absorción de productos para el cuidado de la piel</li></ul>","Rice & Shine",,Accesorios,"Rice & Shine","Herramienta facial diseñada para masajear y revitalizar la piel. Ayuda a estimular la circulación, mejorar la elasticidad y liberar la tensión facial, dejando el rostro más firme, relajado y luminoso.","Aplicar aceite, sérum o crema y deslizar la Gua Sha con movimientos ascendentes. Usar por la mañana para desinflamar o por la noche para relajar. Con uso constante, ayuda a lograr una piel más firme, luminosa y revitalizada.","Rice & Shine",8436557896650,7.0000
000383357,"Gua Sha Acero Inoxidable",rice-and-shine-gua-sha-acero-inoxidable-000383357,https://ultrafemme.com/media/catalog/product/3/8/383357_2050003114776_01_6805.jpg,"Masajeador facial",,,380.000000,,"<ul><li>Mejora de la circulación sanguínea y linfática</li><li>Reducción de la hinchazón y edema</li><li>Tonificación de la piel y músculos faciales</li><li>Relajación y reducción del estrés</li><li>Estimulación del colágeno</li><li>Ayuda en la absorción de productos para el cuidado de la piel</li></ul>","Rice & Shine",,Accesorios,"Rice & Shine","Herramienta facial diseñada para masajear y revitalizar la piel. Ayuda a estimular la circulación, mejorar la elasticidad y liberar la tensión facial, dejando el rostro más firme, relajado y luminoso.","Aplicar aceite, sérum o crema y deslizar la Gua Sha con movimientos ascendentes. Usar por la mañana para desinflamar o por la noche para relajar. Con uso constante, ayuda a lograr una piel más firme, luminosa y revitalizada.","Rice & Shine",8436557896636,10.0000
000383353,"Sérum Ácido Hialurónico y Rosa Búlgara 30 ml",rice-and-shine-serum-acido-hialuronico-y-rosa-bulgara-30-ml-000383353,https://ultrafemme.com/media/catalog/product/3/8/383353_2050003114738_01_1cae.jpg,"Suero hidratante","Todo tipo de piel",,880.000000,,"<ul><li>Reduce rojeces</li><li>Calma la piel</li><li>Hidrata profundamente</li><li>Reduce señales de envejecimiento</li><li>Regenera</li><li>Rejuvenece</li></ul>","Rice & Shine","Aqua, Peg-7 Glyceryl Cocoate, Glycerin, Rosa Damascena Flower Water, Oryza Sativa Seed Oil, Panthenol, Oryza Sativa Extract, Oryza Sativa Bran Oil, Zea Mays Starch, Agastache Mexicana Flower/ Leaf/ Stem Extract, Opuntia Ficus-Indica Extract, Polyglyceryl-4 Caprate, Propanediol, Propylene Glycol, Ethylhexy|glycerin, Gluconolactone, Tocopherol, Calcium Gluconate, Xanthan Gum, Parfum, Benzyl Alcohol, Sodium Benzoate, Potassium Sorbate, Disodium Edta, Linalool, Hexyl Cinnamal, Coumarin.",Sueros,"Rice & Shine","Tratamiento intensivo que hidrata profundamente, rejuvenece y aporta frescura a la piel. Su fórmula con Ácido Hialurónico, Rosa Búlgara y Aceite de Germen de Arroz ayuda a equilibrar el tono, calmar la piel y proteger contra el envejecimiento, dejando el rostro más suave, luminoso y revitalizado.","Aplicar unas gotas sobre la piel limpia y distribuir con movimientos suaves y ascendentes en rostro y cuello, evitando el contorno de ojos. Usar día y noche y dejar absorber antes de continuar con la rutina.","Rice & Shine",8436557896131,14.0000
000383356,"Exfoliante Facial 50 ml",rice-and-shine-exfoliante-facial-50-ml-000383356,https://ultrafemme.com/media/catalog/product/3/8/383356_2050003114769_01_1e1a.jpg,"Exfoliante facial","Todo tipo de piel",,390.000000,,"<ul><li>Retira piel muerta</li><li>Repara</li><li>Revitaliza</li><li>Hidrata</li></ul>","Rice & Shine","Aqua polvo de tallo de Bambusa Arundinacea triglicérido caprílico/cáprico alcohol cetearílico glicerina aceite de semilla de Oryza Sativa estearato de glicerilo glucósido de cetearilo mantequilla de butyrospermum parkii* extracto de hoja de ginkgo biloba*  extracto de semilla de avena sativa extracto de fruta de mangifera indica*  Extracto de flor de rosa centifolia extracto de flor de jasminum officinale extracto de flor de bellis perennis tocoferol fitato de sodio perfume goma xantana alcohol bencílico ácido deshidroacético Sorbato de potasio benzoato de sodio ácido cítrico linalol** citronelol**  * Ingrediente procedente de agricultura ecológica ** Alérgeno del perfume mezcla de aceites esenciales APTO PARA VEGANOS – NO TESTADO EN ANIMALES",Exfoliantes,"Rice & Shine","Exfoliante natural que elimina suavemente células muertas e impurezas gracias a sus finas partículas de bambú, ayudando a renovar la piel y dejándola más suave, fresca y luminosa desde la primera aplicación.","Aplicar sobre el rostro húmedo y masajear con movimientos circulares, enfocándose en la zona T. Extender a cuello y escote si se desea. Enjuagar con agua tibia, evitar el contorno de ojos y usar hasta 3 veces por semana.","Rice & Shine",8436557896117,8.0000
000383351,"Aceite Facial de Germen de Arroz 30 ml",rice-and-shine-aceite-facial-de-germen-de-arroz-30-ml-000383351,https://ultrafemme.com/media/catalog/product/3/8/383351_2050003114714_01_71bc.jpg,"Aceite facial","Todo tipo de piel",,920.000000,,"<ul><li>Reduce manchas y arrugas</li><li>Calma</li><li>Hidrata profunda</li><li>Mejora apariencia de la piel</li><li>Devuelve la luminosidad natural</li></ul>","Rice & Shine","Aceite de semilla de Oryza Sativa, Dicaprylyl Ethel, Parfum, Alcohol bencílico, Benzoato de bencilo, Eugenol Naturel, Geraniol, Citronelol, Linalool",Aceites,"Rice & Shine","Elaborado artesanalmente a partir de arroz del Parque Natural de La Albufera (Valencia), este suero concentra vitamina E y antioxidantes que hidratan profundamente, ayudan a reparar la piel y restauran su luminosidad natural, mejorando su suavidad y elasticidad.","Aplicar directamente sobre la zona deseada para hidratar y mejorar la apariencia de la piel. Puede utilizarse en rostro, contorno de ojos, cuerpo y cabello.","Rice & Shine",8436557896049,20.0000
000383355,"Crema Contorno Ojos 15 ml",rice-and-shine-crema-contorno-ojos-15-ml-000383355,https://ultrafemme.com/media/catalog/product/3/8/383355_2050003114752_01_278f.jpg,"Crema para contorno de ojos","Todo tipo de piel",,515.000000,,"<ul><li>Alivia</li><li>Hidrata profundamente</li><li>Reduce arrugas</li><li>Da suavidad inmediata</li></ul>","Rice & Shine","Aqua, Aloe Barbadensis Leaf Juice, Oryza Sativa Seed Oil, Glycerin, Cocos Nucifera Oil, Cetearyl alcohol, Butyrospermum Parkii Butter, Caprylic/Capric Triglyceride, Olive Oil Polyglyceryl 6-esters, Prunus Amygdalus Dulcis Oil, Persea Gratissima Oil, Glyceryl Behenate, Sodium stearoy lactylate, Sodium Hyaluronate, Helianthus Annuus Seed Oil, Velumbo Nucifera Flower Extract, Citrus Limon Peel Extract, Rosmarinus Officinalis Leaf Extract, Tocopherol, Potassium Cocoyl Hydrolyzed Oat Protein, Sodium Cocoyl Amino Acids, Hectorite, Lysolecithin, Pullulan, Propanediol, Phenylpropanol, Sclerotium Gum, Caprylyl Glycol, Sodium Phytate, Silica, Xanthan Gum, Citric Acid, Parfum, Benzyl Alcohol, Dehydroacetic Acid, Potassium Sorbate, Sodium Benzoate, Coumarin, Linalool, Hexyl cinnamal.",Cremas,"Rice & Shine","Tratamiento hidratante diseñado para el área delicada del contorno de ojos. Enriquecido con Aceite de Germen de Arroz, ayuda a suavizar la apariencia de líneas de expresión, dejando la piel más firme, hidratada y luminosa.","Aplica una pequeña cantidad alrededor y debajo de los ojos aplicando golpecitos.","Rice & Shine",8436557896056,11.0000
000383352,"Tónico Agua de Arroz 200 ml",rice-and-shine-tonico-agua-de-arroz-200-ml-000383352,https://ultrafemme.com/media/catalog/product/3/8/383352_2050003114721_01_bd06.jpg,"Tónico revitalizante","Todo tipo de piel",,505.000000,,"<ul><li>Ilumina y unifica el tono</li><li>Regula la producción de grasa sin resecar</li><li>Mantiene equilibrio natural</li></ul>","Rice & Shine","Aqua  glicerina  almidón de Oryza Sativa polvo de Oryza Sativa poligliceril-4 laurato/sebacato  poligliceril-6 caprilato/caprato  aceite de semilla de Oryza Sativa extracto de hoja de Ginkgo Biloba*  extracto de grano de Avena Sativa  extracto de fruta de Mangifera Indica* rosa centifolia Extracto de flor  extracto de flor de Jasminum Officinale  extracto de flor de Bellis Perennis  fitato de sodio alcohol bencílico ácido dehidroacético perfume sorbato de potasio  benzoato de sodio goma xantana linalol** citronelol**  * Ingrediente procedente de agricultura ecológica. ** Alérgeno del perfume mezcla de aceites esenciales.",Tónicos,"Rice & Shine","Tónico natural formulado con ingredientes de origen vegetal que hidratan, equilibran y revitalizan la piel. Ayuda a iluminar, unificar el tono y reducir la apariencia de manchas, siendo ideal para todo tipo de pieles, incluso las más sensibles.","Agitar antes de usar. Aplicar sobre la piel limpia con un algodón, desde el centro del rostro hacia el exterior con ligeros toques. Uso diario.","Rice & Shine",8436557896100,10.0000
000383359,"Kit Aceite Facial + Gua Sha",rice-and-shine-kit-aceite-facial-gua-sha-000383359,https://ultrafemme.com/media/catalog/product/3/8/383359_8436557897008_01_d59a.jpg,"Aceite facial","Todo tipo de piel",,1071.000000,,"<ul><li>Hidratación profunda y glow natural</li><li>Efecto anti-edad y regeneración celular</li><li>Desinflama y mejora la circulación</li><li>Define el rostro (efecto lifting)</li><li>Potencia la absorción del aceite</li><li>Ritual de autocuidado y relajación</li></ul>","Rice & Shine","Aceite de semilla de Oryza Sativa, Dicaprylyl Ethel, Parfum, Alcohol bencílico, Benzoato de bencilo, Eugenol Naturel, Geraniol, Citronelol, Linalool",Sets,"Rice & Shine","Rutina completa que combina un aceite facial nutritivo y un Gua Sha de acero inoxidable para hidratar, reafirmar y revitalizar la piel, dejándola más luminosa y saludable.","Aplicar de 3 a 5 gotas sobre la piel limpia en rostro y cuello y masajear suavemente con las manos para preparar la piel. Deslizar el Gua Sha con movimientos ascendentes y hacia afuera durante 5 a 10 minutos, de 3 a 5 veces por semana. Para potenciar el efecto desinflamante, se recomienda refrigerar el Gua Sha. Evitar presión excesiva y usar preferentemente por la noche.","Rice & Shine",8436557896780,15.0000
000383354,"Jabón Espuma Facial 200 ml",rice-and-shine-jabon-espuma-facial-200-ml-000383354,https://ultrafemme.com/media/catalog/product/3/8/383354_2050003114745_01_e791.jpg,"Espuma limpiadora","Todo tipo de piel",,510.000000,,"<ul><li>Limpia profundamente</li><li>Calma la piel</li><li>Hidrata</li><li>Regenera</li><li>Reduce señales de envejecimiento</li></ul>","Rice & Shine","Aqua, Glycerin, Sodium Cocoamphoacetate, Lauryl Glucoside, Aloe Barbadensis Leaf Juice, Hydrolyzed Soy Protein, Oryza Sativa Extract, Opuntia Ficus-Indica Extract, Tocopherol, Coco-Glucoside, Glyceryl Oleate, Sodium Cocoyl Glutamate, Sodium Lauryl Glucose Carboxylate, Cocamidopropyl Betaine, Gluconolactone, Phenethyl Alcohol, Hydrogenated Palm Glycerides Citrate, Capryly| Glycol, Calcium Gluconate, Propylene Glycol, Parfum, Polysorbate 20, Citric Acid, Dehydroacetic Acid, Benzyl Alcohol, Benzoic Acid, Potassium Sorbate, Sodium Benzoate, Linalool, Hexyl Cinnamal.",Espumas,"Rice & Shine","Limpieza suave que elimina impurezas y exceso de grasa sin resecar la piel. Enriquecida con Vitamina E, hidrata, nutre y ayuda a mejorar la textura, dejando el rostro limpio, suave y con un brillo saludable.","Aplicar una pequeña cantidad en la palma de la mano y distribuir sobre el rostro húmedo con movimientos suaves. Enjuagar con abundante agua y secar delicadamente.","Rice & Shine",8436557896124,3.0000
000380586,"Sun Beauty Body Mist SPF50 200 ml",lancaster-sun-beauty-body-mist-spf50-200-ml-000380586,https://ultrafemme.com/media/catalog/product/3/8/380586_3616306643093_01_5e98.jpg,"Protector solar corporal",,,769.000000,,,Lancaster,,"Protectores solares",,"El Spray Corporal Lancaster Sun Beauty SPF50 es tu aliado definitivo en la protección contra el fotoenvejecimiento. Nuestra Tecnología Full Light Technology ofrece una protección 10 veces más amplia en el espectro solar, mientras que el complejo Tan Activator proporciona un bronceado dorado legendario en la mitad del tiempo de exposición al sol. Este spray corporal ultraligero, transparente y de secado rápido se absorbe rápidamente en la piel, brindando un efecto refrescante instantáneo.",,,3616306643093,23.0000
000382470,"Duo Ecological Compound Set 60 ml",sisley-duo-ecological-compound-set-60-ml-000382470,https://ultrafemme.com/media/catalog/product/3/8/382470_3473311140364_01_1c44.jpg,"Emulsion hidratante","Todo tipo de piel",,6199.000000,,"<ul><li>Extracto de ginseng: tonifica</li><li>Extracto de romero: estimula</li><li>Extracto de lúpulo: revitaliza</li><li>Extracto de cola de caballo: remineraliza</li><li>Extracto de centella asiática: regenera</li><li>Extracto de bardana: equilibra</li><li>Extracto de ulmaria: fortalece</li></ul>","Sisley Paris","<p>Ecological Compound Advanced Formula</p><p>AQUA/WATER/EAU, GLYCERIN, HELIANTHUS ANNUUS (SUNFLOWER) SEED OIL, ISOSTEARYL ISOSTEARATE, BUTYROSPERMUM PARKII (SHEA) BUTTER, PENTYLENE GLYCOL, GLYCERYL STEARATE CITRATE, COCO-CAPRYLATE/CAPRATE, CENTELLA ASIATICA LEAF EXTRACT, ARCTIUM MAJUS ROOT EXTRACT, SPIRAEA ULMARIA EXTRACT, HUMULUS LUPULUS (HOPS) EXTRACT, PANAX GINSENG ROOT EXTRACT, EQUISETUM ARVENSE EXTRACT, ROSMARINUS OFFICINALIS (ROSEMARY) LEAF EXTRACT, GLYCINE SOJA (SOYBEAN) SEED EXTRACT, PENTAERYTHRITYL TETRAISOSTEARATE, XANTHAN GUM, BUTYLENE GLYCOL, GLYCERYL CAPRYLATE, CARBOMER, ETHYLHEXYLGLYCERIN, CITRIC ACID, SODIUM PHYTATE, SODIUM HYDROXIDE, GLYCINE SOJA (SOYBEAN) OIL, PARFUM/FRAGRANCE, BENZOIC ACID, POTASSIUM SORBATE, SODIUM BENZOATE, TOCOPHEROL, LIMONENE, BENZYL BENZOATE, COUMARIN, CITRAL, BENZYL ALCOHOL. IL#1A</p>",Sets,,"<p>El Dúo de Ecological Compound Advanced Formula contiene:</p><p>Dos frascos de Ecological Compound Advanced Formula de 60 ml, el producto esencial para el cuidado de la piel que equilibra, fortalece y revitaliza todo tipo de piel. Aplique la fórmula avanzada de Compuestos Ecológicos con ligeros movimientos sobre el rostro y el cuello limpios y secos, por la mañana y por la noche.</p>","Aplique la fórmula avanzada de Ecological Compound con movimientos suaves sobre el rostro y el cuello limpios y secos por la mañana y por la noche.",,3473311140364,3.0000
000380579,"Sun Beauty Mineral Face Cream SPF50 50 ml",lancaster-sun-beauty-mineral-face-cream-spf50-50-ml-000380579,https://ultrafemme.com/media/catalog/product/3/8/380579_3616306127562_01_1c2d.jpg,"Protector solar facial",,,719.000000,,,Lancaster,,"Protectores solares",,"Lancaster Sun Beauty Sensitive Skin Mineral Face Cream SPF50 ofrece nuestra protección solar más amplia apta para pieles sensibles o reactivas. Nuestra tecnología Full Light Technology ofrece una protección 10 veces más amplia contra el espectro solar, mientras que el complejo Sunsicalm ayuda a reducir visiblemente el enrojecimiento y la sensación de incomodidad. Esta fórmula reconfortante y no grasa se funde perfectamente con la piel, sin dejar restos blancos después de la aplicación. Fragancia libre de alérgenos, adecuada para pieles sensibles.",,,3616306127562,27.0000
000382471,"Sisleÿa Rostro & Ojos + Ridoki 50 ml",sisley-sisleya-rostro-y-ojos-ridoki-50-ml-000382471,https://ultrafemme.com/media/catalog/product/3/8/382471_3473311500960_01_c4b7.jpg,"Crema antiedad","Todo tipo de piel",,15149.000000,,"<ul><li>Sisleÿa L'Intégral Anti-Âge 50 ml, el potente cuidado de la piel que combate la mayoría de los signos visibles del envejecimiento. Resultados visibles en la apariencia de arrugas, firmeza, luminosidad, tono e hidratación. Mañana y noche.</li><li>Sisleÿa L'Intégral Anti-Âge Eye and Lip Contour Cream y herramienta de masaje 15 ml, la crema para el contorno de ojos y labios con efecto antiarrugas y reafirmante. Combate la hinchazón y las ojeras. Mañana y noche.</li></ul>","Sisley Paris","<p>Sisleÿa L'Integral Anti-Age</p><p>WATER/EAU (AQUA), BUTYROSPERMUM PARKII (SHEA) BUTTER, COCO-CAPRYLATE/CAPRATE, SQUALANE, GLYCERIN, HELIANTHUS ANNUUS (SUNFLOWER) SEED OIL, ISOSTEARYL ISOSTEARATE, DIMETHICONE/VINYL DIMETHICONE CROSSPOLYMER, RHUS SUCCEDANEA FRUIT WAX, SUCROSE STEARATE, BUTYLENE GLYCOL, CETEARYL ALCOHOL, GLYCERYL STEARATE, PEG-100 STEARATE, PANTHENOL, TOCOPHERYL ACETATE, HYDROLYZED SOY PROTEIN, SACCHARIDE HYDROLYSATE, ADENOSINE, ALCHEMILLA VULGARIS EXTRACT, SALIX ALBA (WILLOW) LEAF EXTRACT, ALBIZIA JULIBRISSIN BARK EXTRACT, CHLORELLA VULGARIS EXTRACT, EQUISETUM ARVENSE EXTRACT, PYRUS MALUS (APPLE) SEED EXTRACT, KRAMERIA TRIANDRA ROOT EXTRACT, HYDROLYZED YEAST PROTEIN, HEXYLDECANOL, CARBOMER, CETEARETH-33, ETHYLHEXYLGLYCERIN, DISODIUM EDTA, PENTYLENE GLYCOL, SODIUM HYDROXIDE, GLYCINE SOJA (SOYBEAN) OIL, CITRIC ACID, BRASSICA CAMPESTRIS (RAPESEED) STEROLS, LAVANDULA ANGUSTIFOLIA (LAVENDER) OIL, THYMUS MASTICHINA FLOWER OIL, PHENOXYETHANOL, SORBIC ACID, SODIUM BENZOATE, POTASSIUM SORBATE, TOCOPHEROL, LINALOOL, LIMONENE, GERANIOL. IL#2A</p><p>Sisleÿa L'Intégral Anti-Âge Eye and Lip Contour Cream</p><p>AQUA/WATER/EAU, GLYCERIN, BUTYROSPERMUM PARKII (SHEA) BUTTER, GLYCERYL MYRISTATE, COCO-CAPRYLATE/CAPRATE, HYDROGENATED POLYISOBUTENE, POTASSIUM CETYL PHOSPHATE, CITRUS AURANTIUM AMARA (BITTER ORANGE) FLOWER WATER, ROSA CENTIFOLIA FLOWER WATER, STEARYL ALCOHOL, CETEARYL ALCOHOL, ISOPROPYL PALMITATE, PANTHENOL, TOCOPHERYL ACETATE, CAFFEINE, CEDRUS ATLANTICA BARK EXTRACT, AVENA SATIVA (OAT) KERNEL EXTRACT, HYDROLYZED SOY PROTEIN, BISABOLOL, SACCHARIDE HYDROLYSATE, ADENOSINE, ALBIZIA JULIBRISSIN BARK EXTRACT, PUNICA GRANATUM FRUIT EXTRACT, PASSIFLORA EDULIS FRUIT EXTRACT, HYDROLYZED YEAST PROTEIN, HYDROXYETHYL ACRYLATE/SODIUM ACRYLOYLDIMETHYL TAURATE COPOLYMER, CETEARETH-33, PENTYLENE GLYCOL, BUTYLENE GLYCOL, CARBOMER, ETHYLHEXYLGLYCERIN, DISODIUM EDTA, SODIUM HYDROXIDE, POLYSORBATE 60, SORBITAN ISOSTEARATE, CITRIC ACID, GLYCINE SOJA (SOYBEAN) OIL, PHENOXYETHANOL, SODIUM BENZOATE, POTASSIUM SORBATE, TOCOPHEROL. IL#2A</p>",Sets,Sisleÿa,"<p>El Dúo Sisleÿa L'Intégral Anti-Âge contiene:</p><ul><li>Sisleÿa L'Intégral Anti-Âge de 50 ml, el potente cuidado de la piel que combate la mayoría de los signos visibles del envejecimiento. Resultados visibles en la apariencia de arrugas, firmeza, luminosidad, tono e hidratación. Mañana y noche.</li><li>Sisleÿa L'Intégral Anti-Âge Eye and Lip Contour Cream y herramienta de masaje 15 ml, la crema para el contorno de ojos y labios con efecto antiarrugas y reafirmante. Combate la hinchazón y las ojeras. Mañana y noche.</li></ul>","Aplicar Sisleÿa L'Integral Anti-Age por la mañana y por la noche en rostro y cuello después de la limpieza. Masajear suavemente para su absorción. Usar la técnica de la orquídea mariposa para una aplicación ultrasensorial.",Sisleÿa,3473311500960,8.0000
000383220,"Ultimune Power Infusing Oil 75 ml",shiseido-ultimune-power-infusing-oil-75-ml-000383220,https://ultrafemme.com/media/catalog/product/3/8/383220_729238231924_01_6102.jpg,"Aceite hidratante","Todo tipo de piel",,1579.000000,,,Shiseido,,Aceites,Ultimune,"Aceite hidratante multiuso de edición limitada","<ul><li>Aplica en la mañana y en la noche sobre la piel limpia.</li><li>Para el rostro, aplica 2-3 gotas. Calienta el aceite en las manos y distribuye sobre la piel.</li><li>Masajea sobre el cuerpo, escote, pelo u otras áreas secas según sea necesario.</li></ul>",Ultimune,729238231924,15.0000
000382472,"Duo Black Rose Set 50 ml",sisley-duo-black-rose-set-50-ml-000382472,https://ultrafemme.com/media/catalog/product/3/8/382472_3473311320339_01_21b1.jpg,"Crema antiedad","Todo tipo de piel",,7449.000000,,"<ul> <li>Extracto de aceite de rosa negra: hidrata y suaviza</li><li>Extracto acuoso de rosa negra: efecto alisador superficial</li><li>Extracto de rosa alpina: combate la opacidad</li><li>Agua de rosa de mayo: suaviza y refresca</li><li>Extracto de Padina pavonica: hidrata y da volumen</li><li>Extracto de flor de hibisco: tonifica la piel y exfolia suavemente</li><li>Aceites de karité y camelina: proporcionan una sensación de confort duradera</li><li>Acetato de vitamina E: antioxidante</li><li>Solución de biosacáridos: crea una película hidratante sobre la superficie de la piel</li><li>Glicerina de origen vegetal: hidrata y suaviza</li></ul>","Sisley Paris","<p>Black Rose Cream Mask</p><p>AQUA/WATER/EAU, BUTYROSPERMUM PARKII (SHEA) BUTTER, GLYCERIN, HYDROXYETHYL ACRYLATE/SODIUM ACRYLOYLDIMETHYL TAURATE COPOLYMER, SQUALANE, BUTYLENE GLYCOL, TOCOPHERYL ACETATE, PANTHENOL, PHYSALIS ALKEKENGI CALYX EXTRACT, VERBASCUM THAPSUS EXTRACT, CHLORELLA VULGARIS EXTRACT, VITIS VINIFERA (GRAPE) LEAF EXTRACT, ROSA HYBRID FLOWER EXTRACT, PADINA PAVONICA THALLUS EXTRACT, MICHELIA ALBA LEAF OIL, PELARGONIUM GRAVEOLENS OIL, ROSE FLOWER OIL/EXTRACT, SIMMONDSIA CHINENSIS (JOJOBA) SEED OIL, GLYCERYL STEARATE, PEG-100 STEARATE, ETHYLHEXYLGLYCERIN, PENTYLENE GLYCOL, POLYSORBATE 60, SORBITAN ISOSTEARATE, DISODIUM EDTA, CITRIC ACID, SODIUM HYDROXIDE, GLYCINE SOJA (SOYBEAN) OIL, PEG-12 DIMETHICONE, PHENOXYETHANOL, SODIUM BENZOATE, POTASSIUM SORBATE, TOCOPHEROL, IRON OXIDES (CI 77491), LINALOOL, PELARGONIUM GRAVEOLENS FLOWER OIL, CITRONELLOL, GERANIOL, BETA-CARYOPHYLLENE, CITRAL. IL#10A</p><p>Black Rose Skin Infusion Cream</p><p>AQUA/WATER/EAU, ROSA CENTIFOLIA FLOWER WATER, GLYCERIN, HYDROGENATED POLYISOBUTENE, BUTYROSPERMUM PARKII (SHEA) BUTTER, DIMETHICONE, PENTYLENE GLYCOL, BUTYLENE GLYCOL, CAMELINA SATIVA SEED OIL, TOCOPHERYL ACETATE, PHYSALIS ALKEKENGI CALYX EXTRACT, BIOSACCHARIDE GUM-1, RHODODENDRON FERRUGINEUM EXTRACT, HIBISCUS SABDARIFFA FLOWER EXTRACT, ROSA HYBRID FLOWER EXTRACT, PADINA PAVONICA THALLUS EXTRACT, MICHELIA ALBA LEAF OIL, PELARGONIUM GRAVEOLENS OIL, ROSE FLOWER OIL/EXTRACT, CAPRYLIC/CAPRIC TRIGLYCERIDE, SIMMONDSIA CHINENSIS (JOJOBA) SEED OIL, SODIUM CHLORIDE, DIMETHICONE/PEG-10/15 CROSSPOLYMER, LAURYL PEG-10 TRIS(TRIMETHYLSILOXY)SILYLETHYL DIMETHICONE, GLYCINE SOJA (SOYBEAN) OIL, CITRIC ACID, DIPROPYLENE GLYCOL, SODIUM CITRATE, SODIUM HYDROXIDE, PEG-12 DIMETHICONE, PHENOXYETHANOL, POTASSIUM SORBATE, SODIUM BENZOATE, TOCOPHEROL, IRON OXIDES (CI 77491), LINALOOL, PELARGONIUM GRAVEOLENS FLOWER OIL, CITRONELLOL, GERANIOL, BETA-CARYOPHYLLENE, CITRAL, PINENE, GERANYL ACETATE, TERPINEOL. IL#10A</p><p>Black Rose Precious Face Oil</p><p>SQUALANE, PRUNUS DOMESTICA SEED EXTRACT, CAMELINA SATIVA SEED OIL, PERSEA GRATISSIMA (AVOCADO) OIL UNSAPONIFIABLES, PADINA PAVONICA THALLUS EXTRACT, ROSA HYBRID FLOWER EXTRACT, PELARGONIUM GRAVEOLENS FLOWER OIL, MICHELIA ALBA LEAF OIL, PELARGONIUM GRAVEOLENS OIL, ROSE FLOWER OIL/EXTRACT, CAPRYLIC/CAPRIC TRIGLYCERIDE, SIMMONDSIA CHINENSIS (JOJOBA) SEED OIL, GLYCINE SOJA (SOYBEAN) OIL, TOCOPHEROL, LINALOOL, CITRONELLOL, GERANIOL, BENZALDEHYDE, BETA-CARYOPHYLLENE, CITRAL, TERPINEOL, GERANYL ACETATE, PINENE, BENZYL ALCOHOL, LIMONENE. IL#10A</p>",Sets,"Black Rose","<p>El Dúo Black Rose contiene:</p><ul><li>Black Rose Cream Mask 60 ml: ofrece a tu piel un rejuvenecimiento instantáneo. Rica en ingredientes activos antiedad (extractos de Rosa Negra, Padina pavonica y cáliz de Alkekengi), actúa inmediatamente sobre los signos de fatiga y deja la piel con un aspecto joven y revitalizado. Combina tres acciones para restaurar una tez luminosa y una piel redensificada en tan solo 10 a 15 minutos: una acción alisadora y redensificante, una acción revitalizante y una acción suavizante e hidratante.</li><li>Black Rose Skin Infusion Cream 50 ml: el producto perfecto para el cuidado diario de la piel, que redensifica la piel y promueve la luminosidad del cutis. Se basa en los tres principios básicos de la gama Rosa Negra para una mayor eficacia y placer: una textura infinitamente sensorial, una fragancia delicada y adictiva, y una acción rejuvenecedora inmediata y duradera.</li><li>Black Rose Precious Face Oil 3 ml: con una alta concentración de ingredientes activos, este aceite seco sedoso prepara, nutre y tiene un efecto antienvejecimiento.</li></ul>","Black Rose Skin Infusion Cream: Aplicar en rostro y cuello por la mañana y por la noche. Para pieles que necesitan confort, aplicar primero unas gotas de Black Rose Precious Face Oil una vez al día. Y para días de extra hidratación, aplica Black Rose Cream Mask por 10-15 minutos. ","Black Rose",3473311320339,10.0000
000382769,"Face Shield Flex SPF 50",colorescience-face-shield-flex-spf-50-55-ml-000382769,https://ultrafemme.com/media/catalog/product/3/8/382769_810168640563_01_01e7.jpg,"Base con protector solar","Todo tipo de piel",,1539.000000,,"<ul><li>Amplio espectro SPF50/PA +++</li><li>Se adapta al color de tu piel al frotar y deslizar sobre la piel, unificando el tono y difuminando imperfecciones de manera inmediata.</li><li>Formulado con la exclusiva tecnología EnviroScreen ™ de Colorescience, que brinda una protección totalmente mineral contra los agresores ambientales como los rayos UVA / UVB, la contaminación, la luz azul y la radiación infrarroja.</li><li>Es hidratante y rico en antioxidantes que nutren y protegen contra los radicales libres previniendo el envejecimiento prematuro.</li><li>Resistente al agua (40 minutos).</li><li>Sus pigmentos de óxido de hierro encapsulados se liberan y florecen adaptándose al tono natural de la piel y restauran la luminosidad.</li><li>Disponible en varios tonos flexibles, adecuados para una variedad de matices dentro de cada rango de tonos.</li><li>Ofrece una cobertura de color media para unificar inmediatamente el tono de la piel con un acabado semimate natural.</li><li>Ingredientes activos 100% minerales, libres de químicos.</li><li>Probado dermatológicamente, no comedogénico, hipoalergénico y apto para pieles sensibles.</li><li>Libre de parabenos, sulfatos, ftalatos, aceite, colorantes y fragancias.</li></ul>",Colorescience,"Óxido de Zinc: 12%","Protectores solares","Face Shield","<p>Un protector solar mineral ligero con cobertura de color tono inmediato que unifica el tono de la piel para un aspecto impecable. Esta fórmula hidratante, rica en antioxidantes y con activos totalmente minerales, está potenciada por la tecnología patentada EnviroScreen® — lo que significa una defensa integral contra UVA/UVB, luz azul, contaminación y radiación infrarroja, combinada con antioxidantes avanzados e ingredientes nutritivos e hidratantes para la salud a largo plazo de la piel.</p><p>FLEX cuenta con pigmentos innovadores de óxido de hierro que se activan al contacto con tus dedos para ofrecer una cobertura de color adaptable y construible con un acabado demi-mate.</p><p>Disponible en seis tonos únicos y flexibles, cada uno ideal para una amplia gama de tonos y subtonos de piel. Seguro para todo tipo de piel, incluyendo piel sensible.</p><p>Si no estás seguro entre dos tonos, te recomendamos seleccionar el tono más claro.</p>","Aplica en tus dedos, frota suavemente y observa cómo los pigmentos de óxido de hierro encapsulados se liberan y florecen en las yemas de tus dedos. Una vez que la fórmula ya no sea blanca, aplícala uniformemente en el rostro. Termina con una sola capa para un acabado natural impecable, o aplica otra capa o dos para una cobertura más completa. CONSEJO PROFESIONAL: Para una apariencia protegida y perfeccionada, aplica FLEX en todo el rostro para obtener un lienzo impecable y luego usa Glow para resaltar los puntos altos y Bronze para contornear.","Face Shield",810168640563,11.0000
000380587,"The Essential Skincare Travel Routine Set 50 ml",lancaster-lancaster-set-50-ml-000380587,https://ultrafemme.com/media/catalog/product/3/8/380587_3616306727373_01_e23b.jpg,"Protector solar facial",,,769.000000,,,Lancaster,,Sets,,"<p>El set contiene:</p><ul><li>Un Face Cream SPF30 de 30 ml.</li><li>Un Body Milk SPF30 de 50 ml.</li><li>Un After Sun Lotion de 50 ml.</li></ul>",,,3616306727373,27.0000
000382205,"Vital Perfection Intensive WrinkleSpot Treatment 20 ml",shiseido-vital-perfection-intensive-wrinklespot-treatment-20-ml-000382205,https://ultrafemme.com/media/catalog/product/3/8/382205_729238222946_01_48f2.jpg,"Suero antimanchas","Todo tipo de piel",,2199.000000,,"Tratamiento específico para arrugas profundas y manchas oscuras",Shiseido,,Sueros,,"<p>A dramatically effective 2-in-1 spot treatment that visibly smooths deep wrinkles and fades the look of dark spots in just 1 week.</p><p>This targeted spot treatment, with rapid Pure Retinol technology, delivers effective, proven results for smile lines, deep wrinkles, and dark spots. Reveal a smoother and brighter complexion without irritation.</p>","Aplícalo a la mañana y a la noche como último paso de tu rutina de tratamiento. Si lo usas durante el día, aplica luego un filtro solar para garantizar la eficacia del retinol. Toma una gota del tamaño de una perla en las puntas de los dedos y espárcela suavemente sobre las áreas a tratar, como los ojos y la boca, el cuello y las arrugas.",,729238222946,17.0000
000383886,"La Bomba Body Cream 200 ml",carolinaherrera-la-bomba-body-cream-200-ml-000383886,https://ultrafemme.com/media/catalog/product/3/8/383886_8411061111352_01_b6f3.jpg,"Crema corporal",,,1109.000000,,,"Carolina Herrera","AQUA (WATER/EAU), COCOGLYCERIDES, CAPRYLIC/CAPRIC TRIGLYCERIDE, PARFUM (FRAGRANCE), GLYCERYL STEARATE SE, GLYCERIN, MYRISTYL MYRISTATE, STEARYL ALCOHOL, CETYL ALCOHOL, 1,2-HEXANEDIOL, TETRAMETHYL ACETYLOCTAHYDRONAPHTHALENES, POTASSIUM CETYL PHOSPHATE, CAPRYLYL GLYCOL, HEXAMETHYLINDANOPYRAN, CARBOMER, ACRYLATES/C10-30 ALKYL ACRYLATE CROSSPOLYMER, SODIUM GLUCONATE, LINALYL ACETATE, XANTHAN GUM, SODIUM HYDROXIDE, LINALOOL, COUMARIN, CITRUS AURANTIUM BERGAMIA (BERGAMOT) PEEL OIL, HYDROXYCITRONELLAL, BENZYL SALICYLATE, LIMONENE, TOCOPHEROL, VANILLIN, POGOSTEMON CABLIN OIL, HELIANTHUS ANNUUS (SUNFLOWER) SEED OIL, PINENE, CITRUS AURANTIUM PEEL OIL, ROSE KETONES, CITRAL, BENZALDEHYDE, EUGENOL.",Cremas,"La Bomba","Realza la luminosidad natural de tu piel con La Bomba Body Cream. Perfumada con el adictivo aroma de La Bomba, esta crema nutritiva suaviza e hidrata la piel y envuelve tu cuerpo en una exótica explosión de pitaya, ricas notas florales de peonía cereza y vainilla solar. Deja la piel suave y con un aroma irresistible, lista para el siguiente paso de tu ritual de belleza.",,"La Bomba",8411061111352,14.0000
000380582,"Sun Beauty Body Oil SPF30 150 ml",lancaster-sun-beauty-body-oil-spf30-150-ml-000380582,https://ultrafemme.com/media/catalog/product/3/8/380582_3616305924834_01_59c3.jpg,"Bronceador corporal",,,769.000000,,,Lancaster,,Bronceadores,,"El Aceite Corporal de toque Seco de Lancaster Sun Beauty SPF30 es tu aliado definitivo en la protección contra el fotoenvejecimiento. Nuestra Tecnología Full Light Technology ofrece una protección 10 veces más amplia en el espectro solar, mientras que el complejo Tan Activator proporciona un bronceado dorado legendario en la mitad del tiempo de exposición al sol. Este aceite seco sensorial se funde al instante en la piel, secándose como un velo invisible, brillante y embellecedor.",,,3616305924834,28.0000
000380584,"Sun Beauty Sun Body Water SPF50 100 ml",lancaster-sun-beauty-sun-body-water-spf50-100-ml-000380584,https://ultrafemme.com/media/catalog/product/3/8/380584_3616305916174_01_509f.jpg,"Protector solar corporal",,,620.000000,,,Lancaster,,"Protectores solares",,"El Agua Solar Corporal de Lancaster Sun Beauty SPF50 es tu aliado definitivo en la protección contra el fotoenvejecimiento. Nuestra Tecnología Full Light Technology ofrece una protección 10 veces más amplia en el espectro solar, mientras que el complejo Tan Activator proporciona un bronceado dorado legendario en la mitad del tiempo de exposición al sol. Ultra ligero y no graso, este agua solar bifásica es muy fácil de aplicar y se absorbe rápidamente en la piel, dejando una sensación de piel al natural.",,,3616305916174,24.0000
000383223,"Ultimune Power Infusing Serum 4.0 Duo 100 ml",shiseido-ultimune-power-infusing-serum-4-0-duo-100-ml-000383223,https://ultrafemme.com/media/catalog/product/3/8/383223_729238232051_01_c807.jpg,"Suero antiedad","Todo tipo de piel",,6839.000000,,,Shiseido,,Sueros,Ultimune,"Retrasa el ciclo de envejecimiento de la piel.","<ul><li>Usa el producto dos veces al día, por la mañana y por la noche.</li><li>Aplica después del limpiador y la loción equilibrante o la esencia, pero antes de otros sueros o hidratantes.</li><li>Presiona el dispensador dos veces y aplica de manera uniforme en el rostro y el cuello.</li><li>Para rellenar: guarda el dosificador y la tapa de la botella original. Coloca el dosificador en el repuesto y cierra la tapa.</li></ul>",Ultimune,729238232051,5.0000
000382206,"Benefiance Wrinkle Smoothing Eye Cream Set 15 ml",shiseido-benefiance-wrinkle-smoothing-eye-cream-set-15-ml-000382206,https://ultrafemme.com/media/catalog/product/3/8/382206_729238233133_01_4077.jpg,"Crema antiedad","Todo tipo de piel",,2389.000000,,"Tratamiento diario antienvejecimiento para contorno de ojos",Shiseido,,Sets,,"<p>El set contiene</p><ul><li>Dos Benefiance Wrinkle Smoothing Eye Cream de 15 ml.</li></ul><br><p>Suaviza e ilumina tu mirada con nuestra crema antiedad para el contorno de ojos más vendida. Tras solo 7 días, el 96 % notó una reducción de las arrugas y las ojeras. Los potentes péptidos y el escualano suavizan la apariencia de las líneas de expresión y combaten 5 tipos de arrugas en el contorno de ojos, incluyendo las del lagrimal, debajo de los ojos, patas de gallo, alrededor de los ojos y líneas de expresión, además de otras preocupaciones prioritarias como las ojeras y la hinchazón de las bolsas debajo de los ojos. El extracto de ginseng, la cafeína y una mezcla de ingredientes botánicos japoneses ayudan a iluminar la mirada y reducir las ojeras.</p>","Úsalo por la mañana antes de aplicar el hidratante con SPF. Por la noche, aplicar como último paso de tu rutina de tratamiento. Aplica una pequeña cantidad alrededor del área de los ojos, desde el hueso orbital hasta el hueso de la ceja. Usa el dedo anular para masajear suavemente la crema en círculos, comenzando debajo del ojo y alrededor del párpado y el hueso de la ceja.",,729238233133,19.0000
000380585,"Sun Beauty Sun Protective Water SPF50 150 ml",lancaster-sun-beauty-sun-protective-water-spf50-150-ml-000380585,https://ultrafemme.com/media/catalog/product/3/8/380585_3616305924780_01_8001.jpg,"Protector solar corporal",,,889.000000,,,Lancaster,,"Protectores solares",,"El Agua Solar Corporal de Lancaster Sun Beauty SPF50 es tu aliado definitivo en la protección contra el fotoenvejecimiento. Nuestra Tecnología Full Light Technology ofrece una protección 10 veces más amplia en el espectro solar, mientras que el complejo Tan Activator proporciona un bronceado dorado legendario en la mitad del tiempo de exposición al sol. Ultra ligero y no graso, este agua solar bifásica es muy fácil de aplicar y se absorbe rápidamente en la piel, dejando una sensación de piel al natural.",,,3616305924780,29.0000
000383225,"Shiseido Men Hydrating & Energizing Ritual 125 ml",shiseido-shiseido-men-hydrating-energizing-ritual-150-ml-000383225,https://ultrafemme.com/media/catalog/product/3/8/383225_729238238329_01_6216.jpg,"Loción hidratante","Todo tipo de piel",,1999.000000,,,Shiseido,,Sets,"Shiseido Men","Set hidratante para hombre","<p>Limpiador y shaving cream para hombre:</p><ul><li>Aplica una pequeña cantidad de limpiador en la palma de la mano.</li><li>Añade pequeñas cantidades de agua fría y tibia para formar una espuma intensa.</li><li>Aplica la espuma en el rostro con movimientos circulares para limpiar.</li><li>Enjuaga con abundante agua.</li></ul><p>Loción hidratante de textura acuosa para hombre:</p><ul><li>Aplica con golpecitos suaves y de manera uniforme sobre el rostro después de limpiar o afeitar.</li></ul><p>Hidratante liviano para hombre:</p><ul><li>Aplica después de la limpieza y después del suero. Presiona el dispensador dos veces y distribuye de manera pareja en el rostro.</li></ul>","Shiseido Men",729238238329,15.0000
000382474,"Prestige Sisleÿa L'intégral Anti-Âge Set 50 ml",sisley-prestige-sisleya-lintegral-anti-age-set-50-ml-000382474,https://ultrafemme.com/media/catalog/product/3/8/382474_3473311500991_01_a7af.jpg,"Crema antiedad","Todo tipo de piel",,26249.000000,,"<ul><li>Sisleÿa L'Intégral Anti-Âge Sérum Concentrado Reafirmante 30 ml: como un auténtico arquitecto de la piel, Sisleÿa L’Integral Anti-Âge Sérum Concentrado Reafirmante reactiva las fuerzas tensoras. El rostro recupera la firmeza y la forma de una piel más joven.</li><li>Sisleÿa L'Intégral Anti-Âge 50 ml: el potente cuidado de la piel que aborda la mayoría de los signos visibles del envejecimiento. Resultados visibles en la apariencia de arrugas, firmeza, luminosidad, tono e hidratación. Mañana y noche.</li><li>Sisleÿa L'Intégral Anti-Âge Crema Contorno de Ojos y Labios + Ridoki 15 ml: la crema para el contorno de ojos y labios con efecto antiarrugas y reafirmante. Actúa sobre bolsas y ojeras. Mañana y noche.</li></ul>","Sisley Paris",,Sets,Sisleÿa,"<p>El Cofre Sisleÿa L'Intégral Anti-Âge Prestige contiene:</p><ul><li>Sisleÿa L'Intégral Anti-Âge Sérum Concentrado Reafirmante 30 ml: como un auténtico arquitecto de la piel, Sisleÿa L’Integral Anti-Âge Sérum Concentrado Reafirmante reactiva las fuerzas tensoras. El rostro recupera la firmeza y la forma de una piel más joven.</li><li>Sisleÿa L'Intégral Anti-Âge 50 ml: el potente cuidado de la piel que aborda la mayoría de los signos visibles del envejecimiento. Resultados visibles en la apariencia de arrugas, firmeza, luminosidad, tono e hidratación. Mañana y noche.</li><li>Sisleÿa L'Intégral Anti-Âge Crema Contorno de Ojos y Labios + Ridoki 15 ml: la crema para el contorno de ojos y labios con efecto antiarrugas y reafirmante. Actúa sobre bolsas y ojeras. Mañana y noche.</li></ul>",,Sisleÿa,3473311500991,4.0000
000383221,"Vital Perfection Uplifting and Firming Eye Cream 15 ml",shiseido-vital-perfection-uplifting-and-firming-eye-cream-15-ml-000383221,https://ultrafemme.com/media/catalog/product/3/8/383221_768614222828_01_6fee.jpg,"Crema para contorno de ojos","Todo tipo de piel",,1999.000000,,,Shiseido,,Cremas,"Vital Perfection","Mejora las bolsas debajo de los ojos, las arrugas y las ojeras","<ul><li>Úsala por la mañana y por la noche como último paso de tu rutina de tratamiento. Para usarla durante el día, aplica filtro solar luego.</li><li>Utiliza la superficie plana del rodillo masajeador incluido y toma una cantidad del tamaño de una perla para ambas áreas de los ojos.</li><li>Aplica suavemente alrededor del área de los ojos con las yemas de los dedos y, luego, pasa suavemente el rodillo masajeador por el área de los ojos.</li></ul>","Vital Perfection",768614222828,14.0000
000384361,"Daily Calm™ Gentle Cream Cleanser 125 ml",clinique-daily-calm-gentle-cream-cleanser-125-ml-000384361,https://ultrafemme.com/media/catalog/product/3/8/384361_192333276662_01_32aa.jpg,"Crema limpiadora","Todo tipo de piel",,809.000000,,"Limpieza, Hidratación",Clinique,"Water Aqua Eau, Glycerin, Butylene Glycol, Squalane, Olea Europaea (olive) Fruit Oil, Phenyl Trimethicone, Ammonium Acryloyldimethyltaurate/vp Copolymer, Sucrose Stearate, Persea Gratissima (avocado) Oil, Acetyl Glucosamine, Simmondsia Chinensis (jojoba) Seed Oil, Sodium Hyaluronate, Scutellaria Baicalensis Root Extract, Phyllostachys Edulis Leaf Extract, Magnolia Officinalis Bark Extract, Cladosiphon Okamuranus Extract, Caffeine, Salicylic Acid, Ppg-20 Methyl Glucose Ether, Sodium Coco Pg-dimonium Chloride Phosphate, Arginine, Dipotassium Glycyrrhizate, Dextrin, Disodium Edta <ILN54337>",Cremas,"Clinique Daily Calm","<p>Mejora la hidratación y la luminosidad</p><ul><li>La glicerina al 9 % y el ácido hialurónico ayudan a potenciar la hidratación de la piel.</li><li>Ayuda a suavizar la textura desigual y realzar la luminosidad de la piel.</li></ul><br><p>Fórmula ultrasuave</p><ul><li>Su fórmula cremosa se retira con un paño para no dañar la barrera de la piel.</li></ul><br><p>Suaviza rápidamente la piel</p><ul><li>Formulado con Uniflavon™ y magnolia para ayudar a calmar la irritación visible.</li></ul>","Aplicar con un masaje sobre el rostro seco, incluidos los párpados, y luego limpiar suavemente con una toalla o un paño húmedo, sin necesidad de aclarado. Usar dos veces al día.","Clinique Daily Calm",192333276662,28.0000
000384363,"Daily Calm™ Soothing Repair Cream 50 ml",clinique-daily-calm-soothing-repair-cream-50-ml-000384363,https://ultrafemme.com/media/catalog/product/3/8/384363_192333279977_01_9a19.jpg,"Crema hidratante","Todo tipo de piel",,1319.000000,,"Fortalecimiento, Hidratación",Clinique,"Water Aqua Eau, Butyrospermum Parkii (shea) Butter, Caprylic/capric/myristic/stearic Triglyceride, Isododecane, Glycerin, Butylene Glycol, Di-c12-15 Alkyl Fumarate, Dimethicone, Steareth-2, Stearyl Alcohol, Glyceryl Stearate, Pentylene Glycol, Steareth-21, Sodium Hyaluronate, Caffeine, Scutellaria Baicalensis Root Extract, Cladosiphon Okamuranus Extract, Phyllostachys Edulis Leaf Extract, Magnolia Officinalis Bark Extract, Cholesterol, Linoleic Acid, Trehalose, Ceramide Np, Dipotassium Glycyrrhizate, Acrylates/c10-30 Alkyl Acrylate Crosspolymer, 1,2-hexanediol, Sodium Hydroxide, Polysilicone-11, Carbomer, Dextrin, Tocopheryl Acetate, Disodium Edta, Chlorphenesin, Potassium Sorbate <ILN54338>",Cremas,"Clinique Daily Calm","<p>Fórmula suave y reconfortante</p><ul><li>Crema hidratante no grasa que se absorbe fácilmente y reconforta al instante.</li><li>Se puede utilizar como crema para el contorno de ojos.</li><li>Deja la piel suave y tersa.</li></ul><br><p>Suaviza e hidrata</p><ul><li>Calma rápidamente el enrojecimiento visible con la ayuda de Uniflavon™ y magnolia.</li><li>Aumenta la hidratación con ácido hialurónico</li></ul><br><p>Fortalece la barrera cutánea</p><ul><li>Fortalece la barrera cutánea con glicerina y un trío lipídico de ceramidas, ácidos grasos y colesterol que ayuda a potenciar la resistencia frente a futuros síntomas de sensibilidad.</li></ul>","Aplicar sobre el rostro y el contorno de ojos, incluidos los párpados. Usar dos veces al día.","Clinique Daily Calm",192333279977,21.0000
000381193,"Black Rose Skin Infusion Cream Set 50 ml",sisley-black-rose-skin-infusion-cream-set-50-ml-000381193,https://ultrafemme.com/media/catalog/product/3/8/381193_3473311320292_01_777c.jpg,"Crema iluminadora","Todo tipo de piel",,5099.000000,,"<ul><li>Extracto de aceite de rosa negra: hidrata y suaviza.</li><li>Extracto acuoso de rosa negra: efecto alisador superficial.</li><li>Extracto de rosa alpina: combate la opacidad.</li><li>Agua de rosa de mayo: suaviza y refresca.</li><li>Extracto de Padina pavonica: hidrata y da volumen.</li><li>Extracto de flor de hibisco: tonifica la piel y exfolia suavemente.</li><li>Aceites de karité y camelina: proporcionan una sensación de confort duradera.</li><li>Acetato de vitamina E: antioxidante.</li><li>Solución de biosacáridos: crea una película hidratante sobre la superficie de la piel.</li><li>Glicerina de origen vegetal: hidrata y suaviza.</li></ul>","Sisley Paris","Black Rose Skin Infusion Cream
AQUA/WATER/EAU, ROSA CENTIFOLIA FLOWER WATER, GLYCERIN, HYDROGENATED POLYISOBUTENE, BUTYROSPERMUM PARKII (SHEA) BUTTER, DIMETHICONE, PENTYLENE GLYCOL, BUTYLENE GLYCOL, CAMELINA SATIVA SEED OIL, TOCOPHERYL ACETATE, PHYSALIS ALKEKENGI CALYX EXTRACT, BIOSACCHARIDE GUM-1, RHODODENDRON FERRUGINEUM EXTRACT, HIBISCUS SABDARIFFA FLOWER EXTRACT, ROSA HYBRID FLOWER EXTRACT, PADINA PAVONICA THALLUS EXTRACT, MICHELIA ALBA LEAF OIL, PELARGONIUM GRAVEOLENS OIL, ROSA DAMASCENA FLOWER OIL, CAPRYLIC/CAPRIC TRIGLYCERIDE, SIMMONDSIA CHINENSIS (JOJOBA) SEED OIL, SODIUM CHLORIDE, DIMETHICONE/PEG-10/15 CROSSPOLYMER, LAURYL PEG-10 TRIS(TRIMETHYLSILOXY)SILYLETHYL DIMETHICONE, GLYCINE SOJA (SOYBEAN) OIL, CITRIC ACID, DIPROPYLENE GLYCOL, SODIUM CITRATE, SODIUM HYDROXIDE, PEG-12 DIMETHICONE, PHENOXYETHANOL, POTASSIUM SORBATE, SODIUM BENZOATE, TOCOPHEROL, IRON OXIDES (CI 77491), LINALOOL, CITRONELLOL, GERANIOL, CITRAL, EUGENOL. IL#2A
Black Rose Cream Mask
AQUA/WATER/EAU, BUTYROSPERMUM PARKII (SHEA) BUTTER, GLYCERIN, HYDROXYETHYL ACRYLATE/SODIUM ACRYLOYLDIMETHYL TAURATE COPOLYMER, SQUALANE, BUTYLENE GLYCOL, TOCOPHERYL ACETATE, PANTHENOL, PHYSALIS ALKEKENGI CALYX EXTRACT, VERBASCUM THAPSUS EXTRACT, CHLORELLA VULGARIS EXTRACT, ROSE EXTRACT, VITIS VINIFERA (GRAPE) LEAF EXTRACT, PADINA PAVONICA THALLUS EXTRACT, MICHELIA ALBA LEAF OIL, PELARGONIUM GRAVEOLENS OIL, ROSA DAMASCENA FLOWER OIL, SIMMONDSIA CHINENSIS (JOJOBA) SEED OIL, GLYCERYL STEARATE, PEG-100 STEARATE, ETHYLHEXYLGLYCERIN, PENTYLENE GLYCOL, POLYSORBATE 60, SORBITAN ISOSTEARATE, DISODIUM EDTA, CITRIC ACID, SODIUM HYDROXIDE, GLYCINE SOJA (SOYBEAN) OIL, PHENOXYETHANOL, SODIUM BENZOATE, POTASSIUM SORBATE, TOCOPHEROL, IRON OXIDES (CI 77491), LINALOOL, CITRONELLOL, GERANIOL. IL#4A
Black Rose Precious Face Oil
SQUALANE, PRUNUS DOMESTICA SEED EXTRACT, CAMELINA SATIVA SEED OIL, PERSEA GRATISSIMA (AVOCADO) OIL UNSAPONIFIABLES, TOCOPHEROL, PADINA PAVONICA THALLUS EXTRACT, ROSE EXTRACT, PELARGONIUM GRAVEOLENS OIL, MICHELIA ALBA LEAF OIL, ROSA DAMASCENA FLOWER OIL, CAPRYLIC/CAPRIC TRIGLYCERIDE, SIMMONDSIA CHINENSIS (JOJOBA) SEED OIL, HYDROGENATED SOYBEAN OIL, LINALOOL, CITRONELLOL, GERANIOL, CITRAL, LIMONENE, EUGENOL. IL#1A",Sets,"Black Rose","<p>El Black Rose Skin Infusion Cream Discovery Program contiene:</p><p>Black Rose Skin Infusion Cream (50 ml), cuidado facial diario. Ayuda a restaurar la elasticidad de una piel más joven. Refuerza su luminosidad. Hidrata intensamente. No comedogénico. Black Rose Cream Mask (10 ml), mascarilla ""Rejuvenecimiento instantáneo"" con extracto de Rosa Negra. Con un aroma delicioso y natural, los rasgos faciales se suavizan al instante y los signos de fatiga y edad se reducen. La piel luce radiante, revitalizada y tersa. Dejar actuar de 10 a 15 minutos y retirar el exceso con un disco de algodón. Evitar el contorno de ojos. 
Black Rose Precious Face Oil (3 ml), aceite seco nutritivo y antiedad que prepara, protege y realza la piel seca que necesita confort.</p>","Black Rose Skin Infusion Cream: Aplicar en rostro y cuello por la mañana y por la noche. Para pieles que necesitan confort, aplicar primero unas gotas de Black Rose Precious Face Oil una vez al día. Y para días de extra hidratación, aplica Black Rose Cream Mask por 10-15 minutos. ","Black Rose",3473311320292,14.0000
000380580,"Sun Beauty Body Milk SPF50",lancaster-sun-beauty-body-milk-spf50-100-ml-000380580,https://ultrafemme.com/media/catalog/product/3/8/380580_3616305916167_01_ee6d.jpg,"Protector solar",,,619.000000,,"<ul><li>+82% de las células de la piel reparadas de los daños causados por el sol.</li><li>El 100% está de acuerdo con la textura ligera.</li><li>100% experimenta una sensación de confort.</li><li>100% afirma que proporciona un bronceado de aspecto saludable.</li></ul>",Lancaster,,"Protectores solares",,"Lancaster un Beauty Body Milk SPF50 es tu aliado definitivo en la protección contra el fotoenvejecimiento. Nuestra Tecnología Full Light TechnologyTM ofrece una protección 10 veces más amplia en el espectro solar(1), mientras que el complejo Tan Activator proporciona un bronceado dorado legendario en la mitad del tiempo de exposición al sol. Ultra ligero y no graso, este body milk se derrite instantáneamente en la piel, dejando una sensación reconfortante y un acabado invisible y aterciopelado. Ahora disponible en un tamaño de 100 ml, ideal para llevar contigo y mantenerte protegido en cualquier lugar y en cualquier momento","Aplica generosamente por todo el cuerpo antes de la exposición al sol. Reaplicar con frecuencia para mantener la protección.",,3616305916167,13.0000
000381192,"Black Rose Concentrated Serum",sisley-black-rose-concentrated-serum-30-ml-000381192,https://ultrafemme.com/media/catalog/product/3/8/381192_3473311320803_01_4fb1.jpg,"Suero antiedad","Todo tipo de piel",,5799.000000,,"<ul><li>Extracto molecular de Rosa Negra : antioxidante.</li><li>Extracto de Ascophyllum nodosum: antioxidante.</li><li>Vitamina B12: calmante.</li><li>Solución de Biosacáridos: hidratante y repulpante; favorece la síntesis natural de ácido hialurónico y colágeno.</li><li>Ácido Hialurónico de alto peso molecular: hidratante, repulpante.</li><li>Glicerina de origen vegetal: hidrata.</li><li>Extracto de Limón: microexfoliante suave.</li>
<li>Extracto de Vid Roja: revitaliza.</li><li>Extracto de Espelta de grano pequeño: potencia la luminosidad.</li></ul>","Sisley Paris","AQUA/WATER/EAU, ROSA CENTIFOLIA FLOWER WATER, PROPANEDIOL, GLYCERIN, ALCOHOL DENAT., PENTYLENE GLYCOL, ASCOPHYLLUM NODOSUM EXTRACT, SODIUM HYALURONATE, BIOSACCHARIDE GUM-1, CITRUS LIMON (LEMON) FRUIT EXTRACT, ROSA HYBRID FLOWER EXTRACT, VITIS VINIFERA (GRAPE) LEAF EXTRACT, CYANOCOBALAMIN, HYDROLYZED VEGETABLE PROTEIN, MICHELIA ALBA LEAF OIL, PELARGONIUM GRAVEOLENS OIL, ROSA DAMASCENA FLOWER OIL, POLYGLYCERYL-10 STEARATE, GLYCERYL CAPRYLATE/CAPRATE, POLYGLYCERYL-10 OLEATE, MALTODEXTRIN, CELLULOSE GUM, CARBOMER, SODIUM CITRATE, BUTYLENE GLYCOL, CITRIC ACID, ALGIN, SODIUM BENZOATE, POTASSIUM SORBATE, LINALOOL, PELARGONIUM GRAVEOLENS FLOWER OIL, CITRONELLOL, GERANIOL, BETA-CARYOPHYLLENE, CITRAL, PINENE, TERPINEOL, GERANYL ACETATE. IL#10A",Sueros,"Black Rose","<p style=""text-align: justify; "">Black Rose Skin Infusion Cream es el tratamiento ideal para redensificar la piel y favorecer la luminosidad de la tez. Un trío de rosas únicas se unen para un tratamiento verdaderamente placentero:</p><ul><li>Una textura infinitamente sensorial.</li><li>Un perfume delicado y adictivo.</li><li>Acción antiedad inmediata y de largo plazo.</li></ul><p><br></p><ul><li<acción antiedad="""" inmediata="""" y="""" de="""" largo="""" plazo.<="""" li=""""></li<acción></ul><ol><li>El extracto de cáliz de Alquejenje ofrece un relleno eficaz a la epidermis y a la dermis, aumentando el espesor de la piel. Se combina con el extracto de la Padina Pavónica, que refuerza el colchón hídrico de la dermis para una piel rellena.</li><li>El extracto acuoso de Rosa Negra contribuye a alisar instantáneamente la textura de la piel, permitiendo así que la luz refleje mejor.</li></ol><p><br></p><p style=""text-align: justify; "">El extracto de Rosa de los Alpes, nuevo ingrediente activo de Sisley, naturalmente rico en antioxidantes poderosos, favorece la luminosidad de la tez. La combinación de extracto aceitoso de Rosa Negra, agua de Rosa de mayo y aceites de Karité y de Camelina, aporta suavidad a la piel, frescor instantáneo y confort duradero. </p><p style=""text-align: justify;"">Tolerancia testada bajo control dermatológico. Todos los tipos de piel incluidas las sensibles. No comodogénico. La epidermis está perfectamente hidratada, la piel se encuentra plena y recupera el volumen de una piel más joven. La piel está alisada, la tez recupera su luminosidad, su frescor y su luz.</p>","<p>Primer uso:</p><p>Retirar la lámina protectora y presionar 5 veces para activar la fórmula. Agitar enérgicamente y retirar el tapón blanco. Enroscar el cuentagotas hasta que haga clic. El sérum ya está listo para usar. Abrir para extraer automáticamente la dosis perfecta para aplicar en el rostro y el cuello.</p> <p>Modo de empleo:</p><ul><li>Aplicar el Black Rose Radiance Concentrate Radiant Youth Serum por la mañana y por la noche, antes del Black Rose Skin Infusion Cream, sobre la piel limpia y seca del rostro y el cuello.</li><li>Masajear suavemente hasta su completa absorción, utilizando la técnica de la ""orquídea mariposa"" para brindar una aplicación ultrasensorial.</li><li>Utilizar en los 6 meses siguientes a su apertura para garantizar una frescura y eficacia óptimas del sérum tras su activación.</li></ul>","Black Rose",3473311320803,31.0000
000383222,"Benefiance Wrinkle Smoothing Day Cream Broad Spectrum SPF 25 Sunscreen 50 ml",shiseido-benefiance-wrinkle-smoothing-day-cream-broad-spectrum-spf-25-sunscreen-50-ml-000383222,https://ultrafemme.com/media/catalog/product/3/8/383222_730852234680_01_115f.jpg,"Crema antiedad","Todo tipo de piel",,1619.000000,,,Shiseido,,Cremas,Benefiance,"Hidratante antienvejecimiento de día con protección solar","<ul><li>Aplica a la mañana como el último paso en tu rutina de tratamiento.</li><li>Usa la espátula para sacar dos cantidades pequeñas, luego coloca la crema en los puntos 5 de tu cara: frente, nariz, mentón y ambas mejillas.</li><li>Extiende suavemente la crema hacia afuera sobre el rostro. Aplica una pequeña cantidad adicional en el cuello y esparce la crema hacia arriba hasta la mandíbula.</li></ul>",Benefiance,730852234680,16.0000
000380581,"Sun Beauty Body Milk SPF50",lancaster-sun-beauty-body-milk-spf50-400-ml-000380581,https://ultrafemme.com/media/catalog/product/3/8/380581_3616305274601_01_2923.jpg,"Protector solar",,,939.000000,,"<ul><li>+82% de las células de la piel reparadas de los daños causados por el sol.</li><li>El 100% está de acuerdo con la textura ligera.</li><li>100% experimenta una sensación de confort.</li><li>100% afirma que proporciona un bronceado de aspecto saludable.</li></ul>",Lancaster,,"Protectores solares",,"Lancaster un Beauty Body Milk SPF50 es tu aliado definitivo en la protección contra el fotoenvejecimiento. Nuestra Tecnología Full Light TechnologyTM ofrece una protección 10 veces más amplia en el espectro solar(1), mientras que el complejo Tan Activator proporciona un bronceado dorado legendario en la mitad del tiempo de exposición al sol. Ultra ligero y no graso, este body milk se derrite instantáneamente en la piel, dejando una sensación reconfortante y un acabado invisible y aterciopelado. Ahora disponible en un tamaño de 100 ml, ideal para llevar contigo y mantenerte protegido en cualquier lugar y en cualquier momento","Aplica generosamente por todo el cuerpo antes de la exposición al sol. Reaplicar con frecuencia para mantener la protección.",,3616305274601,29.0000
000383224,"Eudermine Activating Essence Duo 145 ml",shiseido-eudermine-activating-essence-duo-145-ml-000383224,https://ultrafemme.com/media/catalog/product/3/8/383224_729238218192_01_5690.jpg,"Suero revitalizante","Todo tipo de piel",,3409.000000,,,Shiseido,,Sueros,Eudermine,"Una legendaria esencia hidratante que aumenta la luminosidad de la piel.","<ul><li>Aplicar todos los días, en la mañana y la noche después de la limpieza.</li><li>Aplica con las toallitas Facial Cotton japonesas 100% naturales de Shiseido para lograr una exfoliación y absorción adicionales que permitan obtener los máximos beneficios.</li><li>Embebe una toallita Facial Cotton con un cuarto de esencia.</li><li>Distribuye suavemente por la piel. Para lograr una aplicación aún más efectiva, toca suavemente la piel con los dedos para aumentar la activación.</li><li>Para rellenar: retira la tapa. Retira la parte del aro de la botella exterior reutilizable. Luego levanta el aro de la botella interna usada. Con el anillo nivelado, empújalo hacia abajo sobre la nueva botella de recarga hasta que encaje en su lugar. Inserta la recarga en el recipiente exterior. Retira la tapa de recarga y reemplázala con la tapa exterior de la botella.</li></ul>",Eudermine,729238218192,7.0000
000380583,"Ladies Sun Beauty Fast Tan Optimizer Satin Dry Oil SPF50 150 ml",lancaster-ladies-sun-beauty-fast-tan-optimizer-satin-dry-oil-spf50-150-ml-000380583,https://ultrafemme.com/media/catalog/product/3/8/380583_3616305924889_01_1be6.jpg,"Bronceador corporal",,,740.000000,,,Lancaster,,Bronceadores,,"El Aceite Corporal de toque Seco de Lancaster Sun Beauty SPF50 es tu aliado definitivo en la protección contra el fotoenvejecimiento. Nuestra Tecnología Full Light Technology ofrece una protección 10 veces más amplia en el espectro solar, mientras que el complejo Tan Activator proporciona un bronceado dorado legendario en la mitad del tiempo de exposición al sol. Este aceite seco sensorial se funde al instante en la piel, secándose como un velo invisible, brillante y embellecedor.",,,3616305924889,23.0000
000215999-000215999,"Black Rose Concentrated Serum",sisley-black-rose-concentrated-serum,https://ultrafemme.com/media/catalog/product/2/1/215999_3473311320506_01_eb41.jpg,"Suero antiedad","Todo tipo de piel",,,,"<ul><li>Extracto molecular de Rosa Negra : antioxidante.</li><li>Extracto de Ascophyllum nodosum: antioxidante.</li><li>Vitamina B12: calmante.</li><li>Solución de Biosacáridos: hidratante y repulpante; favorece la síntesis natural de ácido hialurónico y colágeno.</li><li>Ácido Hialurónico de alto peso molecular: hidratante, repulpante.</li><li>Glicerina de origen vegetal: hidrata.</li><li>Extracto de Limón: microexfoliante suave.</li>
<li>Extracto de Vid Roja: revitaliza.</li><li>Extracto de Espelta de grano pequeño: potencia la luminosidad.</li></ul>","Sisley Paris","AQUA/WATER/EAU, ROSA CENTIFOLIA FLOWER WATER, PROPANEDIOL, GLYCERIN, ALCOHOL DENAT., PENTYLENE GLYCOL, ASCOPHYLLUM NODOSUM EXTRACT, SODIUM HYALURONATE, BIOSACCHARIDE GUM-1, CITRUS LIMON (LEMON) FRUIT EXTRACT, ROSA HYBRID FLOWER EXTRACT, VITIS VINIFERA (GRAPE) LEAF EXTRACT, CYANOCOBALAMIN, HYDROLYZED VEGETABLE PROTEIN, MICHELIA ALBA LEAF OIL, PELARGONIUM GRAVEOLENS OIL, ROSA DAMASCENA FLOWER OIL, POLYGLYCERYL-10 STEARATE, GLYCERYL CAPRYLATE/CAPRATE, POLYGLYCERYL-10 OLEATE, MALTODEXTRIN, CELLULOSE GUM, CARBOMER, SODIUM CITRATE, BUTYLENE GLYCOL, CITRIC ACID, ALGIN, SODIUM BENZOATE, POTASSIUM SORBATE, LINALOOL, PELARGONIUM GRAVEOLENS FLOWER OIL, CITRONELLOL, GERANIOL, BETA-CARYOPHYLLENE, CITRAL, PINENE, TERPINEOL, GERANYL ACETATE. IL#10A",Sueros,"Black Rose","<p style=""text-align: justify; "">Black Rose Skin Infusion Cream es el tratamiento ideal para redensificar la piel y favorecer la luminosidad de la tez. Un trío de rosas únicas se unen para un tratamiento verdaderamente placentero:</p><ul><li>Una textura infinitamente sensorial.</li><li>Un perfume delicado y adictivo.</li><li>Acción antiedad inmediata y de largo plazo.</li></ul><p><br></p><ul><li<acción antiedad="""" inmediata="""" y="""" de="""" largo="""" plazo.<="""" li=""""></li<acción></ul><ol><li>El extracto de cáliz de Alquejenje ofrece un relleno eficaz a la epidermis y a la dermis, aumentando el espesor de la piel. Se combina con el extracto de la Padina Pavónica, que refuerza el colchón hídrico de la dermis para una piel rellena.</li><li>El extracto acuoso de Rosa Negra contribuye a alisar instantáneamente la textura de la piel, permitiendo así que la luz refleje mejor.</li></ol><p><br></p><p style=""text-align: justify; "">El extracto de Rosa de los Alpes, nuevo ingrediente activo de Sisley, naturalmente rico en antioxidantes poderosos, favorece la luminosidad de la tez. La combinación de extracto aceitoso de Rosa Negra, agua de Rosa de mayo y aceites de Karité y de Camelina, aporta suavidad a la piel, frescor instantáneo y confort duradero. </p><p style=""text-align: justify;"">Tolerancia testada bajo control dermatológico. Todos los tipos de piel incluidas las sensibles. No comodogénico. La epidermis está perfectamente hidratada, la piel se encuentra plena y recupera el volumen de una piel más joven. La piel está alisada, la tez recupera su luminosidad, su frescor y su luz.</p>","<p>Primer uso:</p><p>Retirar la lámina protectora y presionar 5 veces para activar la fórmula. Agitar enérgicamente y retirar el tapón blanco. Enroscar el cuentagotas hasta que haga clic. El sérum ya está listo para usar. Abrir para extraer automáticamente la dosis perfecta para aplicar en el rostro y el cuello.</p> <p>Modo de empleo:</p><ul><li>Aplicar el Black Rose Radiance Concentrate Radiant Youth Serum por la mañana y por la noche, antes del Black Rose Skin Infusion Cream, sobre la piel limpia y seca del rostro y el cuello.</li><li>Masajear suavemente hasta su completa absorción, utilizando la técnica de la ""orquídea mariposa"" para brindar una aplicación ultrasensorial.</li><li>Utilizar en los 6 meses siguientes a su apertura para garantizar una frescura y eficacia óptimas del sérum tras su activación.</li></ul>","Black Rose",,31.0000
000380581-000380581,"Sun Beauty Body Milk SPF50",lancaster-sun-beauty-body-milk-spf50,https://ultrafemme.com/media/catalog/product/3/8/380580_3616305916167_01_ee6d.jpg,"Protector solar",,,,,"<ul><li>+82% de las células de la piel reparadas de los daños causados por el sol.</li><li>El 100% está de acuerdo con la textura ligera.</li><li>100% experimenta una sensación de confort.</li><li>100% afirma que proporciona un bronceado de aspecto saludable.</li></ul>",Lancaster,,"Protectores solares",,"Lancaster un Beauty Body Milk SPF50 es tu aliado definitivo en la protección contra el fotoenvejecimiento. Nuestra Tecnología Full Light TechnologyTM ofrece una protección 10 veces más amplia en el espectro solar(1), mientras que el complejo Tan Activator proporciona un bronceado dorado legendario en la mitad del tiempo de exposición al sol. Ultra ligero y no graso, este body milk se derrite instantáneamente en la piel, dejando una sensación reconfortante y un acabado invisible y aterciopelado. Ahora disponible en un tamaño de 100 ml, ideal para llevar contigo y mantenerte protegido en cualquier lugar y en cualquier momento","Aplica generosamente por todo el cuerpo antes de la exposición al sol. Reaplicar con frecuencia para mantener la protección.",,,42.0000
000384362,"Moisture Surge™ Lip Hydro-Plump Treatment",clinique-moisture-surge-lip-hydro-plump-treatment-000384362,https://ultrafemme.com/media/catalog/product/3/8/384362_192333002261_01_fb16.jpg,"Prebase de labios",,,359.000000,,"Hidratante, Humectante, Voluminizador",Clinique,"Petrolatum, Polybutene, Polyglyceryl-2 Triisostearate, Hydrogenated Polyisobutene, Tocopheryl Acetate, Vp/hexadecene Copolymer, Silica, Hydrogenated Castor Oil, Ppg-51/smdi Copolymer, Butyrospermum Parkii (shea) Butter, Caprylic/capric/myristic/stearic Triglyceride, Cholesterol, Ceramide Ng, Astrocaryum Murumuru Seed Butter, Caprylyl Glycol, Palmitic Acid, Hydrogenated Lecithin, Ethylene/propylene/styrene Copolymer, Butylene/ethylene/styrene Copolymer, C12-16 Alcohols, Tetrahexyldecyl Ascorbate, Bht <ILN52586>",Prebases,"Moisture Surge","Hidrata y nutre para unos labios suaves y tersos.  Este tratamiento multifunción hidrata, suaviza y prepara los labios al instante para el maquillaje.","Aplícalo en los labios por la mañana y por la noche. Úsalo para darle a la piel un extra de hidratación al instante y dejarla preparada para el maquillaje. Se puede utilizar como mascarilla de noche o como mascarilla de 5 minutos para acondicionar los labios antes de aplicar la barra de labios. Aporta hidratación y nutrición que rellena los labios y los deja suaves y flexibles. Este tratamiento multifunción hidrata, suaviza y prepara los labios al instante para el maquillaje.","Moisture Surge",192333002261,28.0000
000383313,"Amsterdam Set 70 ml",rituals-amsterdam-set-70-ml-000383313,https://ultrafemme.com/media/catalog/product/3/8/383313_8719134198201_01_fd24.jpg,"Gel de ducha",,,1119.000000,,,Rituals,,Sets,,"<p>El set contiene:</p><ul><li>Amsterdam Body Mist de 20 ml.</li><li>Amsterdam Foaming Shower Gel de 50 ml.</li><li>Amsterdam Body Cream de 70 ml.</li><li>Amsterdam Body Scrub de 70 ml.</li></ul><p><br></p><p>Alegra el día de alguien con este set de regalo de Amsterdam Collection. Esta bolsita contiene cuatro productos corporales, todos con la inolvidable fragancia de yuzu y tulipán. Estos productos no solo envuelven tu piel con el aroma de flores, yuzu y especias, sino que también la nutren y suavizan. Esta preciosa bolsita es perfecta para regalar a un amigo o familiar, o simplemente para darte un capricho.</p>",,,8719134198201,5.0000
000383334,"Light Sun Fluid SPF50 150 ml",nuxe-light-sun-fluid-spf50-150-ml-000383334,https://ultrafemme.com/media/catalog/product/3/8/383334_3264680022166_01_1d1a.jpg,"Protector solar","Todo tipo de piel",,740.000000,,"<ul><li>Alta Protección SPF 50 (UVA/UVB): Defensa eficaz contra los daños solares para uso diario.</li><li>Textura Ultra Ligera: Se absorbe rápidamente sin dejar sensación grasa, ideal para uso diario.</li><li>Protección Anti-Edad: Ayuda a prevenir los signos visibles del envejecimiento prematuro causados por el sol.</li><li>Hidratación y Prevención de Manchas: Mantiene la piel hidratada y contribuye a prevenir la aparición de manchas oscuras.</li><li>Ingredientes Clave:</li><li>Lirio acuático: Protección contra la deshidratación.</li><li>Flor de kau pe: Calma la piel.</li><li>Extracto de arroz, romero y vitamina E: Protección contra el fotoenvejecimiento.</li></ul>",Nuxe,"Aceite de semilla de simmondsia chinensis (jojoba), aceite de semilla de helianthus annuus (girasol), extracto de hoja de rosmarinus officinalis (romero), agua, adipato de dibutilo, benzoato de dietilamino hidroxibenzoilo hexilo, bis-etilhexiloxifenol metoxifenil triazina, benzoato de alquilo c12-15, etilhexil triazona, copolímero de acrilatos/c12-22 metacrilato de alquilo, lauroy de isopropilo l sarcosinato, glicerina, sebacato de diisopropilo, fenil trimeticona, lauril glucosido , perfume/fragancia, poliglicerilo-2 dipolihidroxiestearato, dimeticona, alcohol bencílico, capriloil glicina, arginina, tocoferol, ácido cítrico, coco-glucósido, acetato de tocoferilo, ácido deshidroacético, hidróxido de sodio, acrilatos/c10-30 alquilo ac polímero cruzado de rylate, gluconato de sodio, , dimeticonol, lauril sulfosuccinato disódico, extracto de crossipes de eichhornia, ferulato de etilo, extracto de fruta de solanum lycopersicum (tomate), extracto de flor de graea berteroana, limoneno, linalol, citronelol, geraniol [n4802/a
","Protectores solares",Sun,"<p>Regala a la piel una protección UVA/UVB y limita el fotoenvejecimiento cutáneo prematuro gracias a un exclusivo sistema de filtros patentado que se puede llevar a todas partes gracias a su formato de bolsillo.</p><p>Este fluido facial SPF50 proporciona una protección de amplio espectro contra los rayos UVA y UVB. Gracias a su doble eficacia sobre los UVA, su protección celular antiedad se ve reforzada. Previene el fotoenvejecimiento prematuro de la piel y la aparición de manchas. Resistente al agua y no comedogénico, está indicado para todo tipo de pieles.</p><p>Su textura ligera penetra inmediatamente sin dejar película blanca. Envuelve la piel en una fragancia de evasión, una irresistible invitación a disfrutar del verano, encarnada por la combinación de la naranja dulce, la flor de tiaré y la vainilla.</p>","<ul><li>Ideal para usarse diariamente.</li><li>Aplicar generosamente en el rostro antes de la exposición solar.</li><li>Reaplicar frecuentemente, especialmente después de sudar o nadar.</li></ul>",Sun,3264680022166,6.0000
000383327,"Nuxuriance Ultra The Global Anti-Aging Cream SPF30 50 ml",nuxe-nuxuriance-ultra-the-global-anti-aging-cream-spf30-50-ml-000383327,https://ultrafemme.com/media/catalog/product/3/8/383327_3264680034503_01_b49d.jpg,"Crema antiedad","Todo tipo de piel",,1745.000000,,"<ul><li>Tecnología ALFA[3R] ( semillas de alfafa, ácido hialurónico natural, y extracto de Hemerocallis): [R] Revitaliza, [R]enueva, [R]econstruye la piel.</li><li>+ 4 filtros UV : ofrecen una protección UVA/UVB de amplio espectro para prevenir el envejecimiento prematuro de la piel.</li></ul>",Nuxe,"AGUA/AGUA, SEBACATO DE DIISOPROPILO, benzoato de dietilaminohidroxibenzoilo hexilo, adipato de dibutilo, estearato de poliglicerilo-6, glicerina, ácido sulfónico de fenilbencimidazol, triglicéridos C10-18, arginina, alcohol cetearílico, estearato de glicerilo, laur de isopropilo SARCOSINATO DE OILO, PERFUME/FRAGANCIA, MICROCRISTALINA CELULOSA, BIS-ETILHEXILOXIFENOL METOXIFENIL TRIAZINA, ETILHEXIL TRIAZONA, ALCOHOL BENCÍLICO, ACEITE DE PERSEA GRATISSIMA (AGUACATE), ETILHEXILGLICERINA, CAPRILATO DE GLICERILO, BEHENATO DE POLIGLICERILO-6, GOMA XANTANO, 1,2-HEXANODIOL, CAPRILIL GLICOL, HIALURO ÁCIDO NIC, GOMA DE CELULOSA, ROSA ACEITE DE FRUTA CANINA, GLUCONATO DE SODIO, EXTRACTO DE MEDICAGO SATIVA (ALFALFA), EXTRACTO DE HEMEROCALLIS FULVA, ÁCIDO CÍTRICO, TROPOLONA, LINALOOL, CUMARINA, HIDROXICITRONELAL, GERANIOL, CITRONELOL [N5704/A]",Cremas,"Nuxuriance Ultra","<p>Ofrece a la piel una corrección visible de los principales signos de la edad gracias a la TECNOLOGÍA ALFA [3R], combinada con una protección contra el fotoenvejecimiento.</p><p>Esta crema 2 en 1 [R]evitaliza, [R]egenera y [R]enueva todos los tipos de piel al tiempo que ofrece protección frente a los UVA y UVB para prevenir el envejecimiento cutáneo prematuro. Al instante, la piel está tonificada, alisada, como redensificada.</p><p>En 1 mes:</p><ul><li>La piel del rostro está más fuerte, como reforzada para el 78 % de las mujeres.</li><li>Las arrugas están alisadas para el 73 % de las mujeres.</li><li>La piel está como retensada para el 77 % de las mujeres.</li></ul><p>Su textura untuosa universal combina una eficacia antiedad global con una sensorialidad única realzada por una fragancia femenina, moderna y elegante.</p>","1.	Uso diario por el día.
2.	Después del suero o tratamiento, aplicar en rostro, cuello y escote.","Nuxuriance Ultra",3264680034503,9.0000
000383338,"Very Rose Micellar Water Sensitive Skin 200 ml",nuxe-very-rose-micellar-water-sensitive-skin-200-ml-000383338,https://ultrafemme.com/media/catalog/product/3/8/383338_3264680022043_01_5af7.jpg,"Agua micelar","Todo tipo de piel",,535.000000,,"<ul><li>Agentes limpiadores vegetales: Eliminan eficazmente el maquillaje e impurezas.</li><li>Agua floral de rosas: Calma y suaviza la piel, dejándola sin irritaciones.</li><li>Complejo skin-respect: Hidrata y refuerza la barrera protectora de la piel.</li></ul>",Nuxe,"AGUA/AGUA, GLICERINA, GLICÉRIDOS CAPRÍLICOS/CÁPRICOS PEG-6, PENTILENGLICOL, AGUA DE FLOR DE ROSA DAMASCENA, PERFUME/FRAGANCIA, GLUCONATO DE SODIO, BROMURO DE CETRIMONIO, XILITILGLUCOSIDO, ANHIDROXILITOL, XILITOL, ÁCIDO CÍTRICO, HIDRÓXIDO DE SODIO, FENOXIETANOL [N410 5/A] . ","Aguas micelares","Very Rose","<p>Desmaquilla y limpia con suavidad el rostro y los ojos con el Agua Micelar Desmaquillante Calmante.</p><p>Formulada para todos los tipos de piel, esta agua micelar con extracto de rosa contiene un 99 % de ingredientes de origen natural. Su fórmula fresca desmaquilla y limpia de manera eficaz el rostro, dejando la piel perfectamente suave, hidratada y calmada al instante.</p><p>La piel está desmaquillada con suavidad para el 94 % de las voluntarias.</p><p>La piel queda suavemente limpia y lista para recibir los tratamientos para el 97 % de los voluntarios.</p><p>Enriquecida con un extracto de rosa, esta agua micelar contiene un 99 % de ingredientes de origen natural. Su fragancia con delicadas notas de rosa y su textura fresca, no pegajosa, aportan confort y procuran una sensación de bienestar inmediato.</p>","<ol><li>Día y noche.</li><li>Con la ayuda de un pad de algodón, aplica en rostro y ojos. No requiere enjuague.</li><li>Continúa con tu loción tónica Very Rose.&nbsp;</li></ol>","Very Rose",3264680022043,6.0000
000383339,"Zinc Power Spot Corrector 10 ml",nuxe-zinc-power-spot-corrector-10-ml-000383339,https://ultrafemme.com/media/catalog/product/3/8/383339_3264680047626_01_37bd.jpg,"Gel para acné","Todo tipo de piel",,495.000000,,"<ul><li>Zinc [PCA] → acción antibacteriana y sebo-reguladora.</li><li>Extracto de litchi → efecto perfeccionador y antioxidante.</li><li>2% Ácido Succínico → previene la acumulación de células muertas y renueva la piel dejándola suave.</li><li>5% Niacinamida → Regula la producción de sebo y favorece la recuperación de la piel.</li></ul>",Nuxe,,Geles,"Zinc Power","<p>Innovador «parche invisible»: los granos son menos visibles en tan solo 4 horas.</p><p>Este gel de acción localizada ofrece resultados rápidos y visibles actuando sobre el tamaño y el color de los granos, al tiempo que atenúa las marcas residuales.</p><p>Su fórmula experta, ultraconcentrada en ingredientes activos como el zinc [PCA], el ácido succínico y la niacinamida, ayuda a reducir la apariencia de los granos.</p><p>Su tecnología filmógena, rica en activos, forma un «parche» invisible en la superficie del grano. Su innovador aplicador Micro Patch permite una aplicación ultralocalizada y sencilla.</p><ul><li>En 4 horas: los granos son menos visibles.</li><li>En 1 día, las rojeces se reducen para el 100 % de las usuarias.</li><li>En 7 días: los granos se reducen para el 94 % de las usuarias.</li><li>El 97 % afirma sentirse más segura gracias a Spot Corrector.</li><li>Tras 7 días, el color de los granos se reduce en un 45 % y su tamaño en un 43 %.</li></ul>","<p>DÍA:</p><ul><li>Aplica el correcto, después de tu crema de día sobre el brote o espinilla.</li><li>Déjalo secar durante unos minutos y luego aplica maquillaje.</li></ul><p>NOCHE:</p><ul><li>Aplica el corrector de manera localizada y deja actuar durante toda la noche</li></ul>","Zinc Power",3264680047626,5.0000
000383324,"Nuxuriance Ultra Dark Spot Correcting Serum 30 ml",nuxe-nuxuriance-ultra-dark-spot-correcting-serum-30-ml-000383324,https://ultrafemme.com/media/catalog/product/3/8/383324_3264680034497_01_d6e9.jpg,"Suero antimanchas","Todo tipo de piel",,1795.000000,,"<ul><li>Tecnología ALFA[3R] ( semillas de alfafa, ácido hialurónico natural, y extracto de Hemerocallis): Revitaliza, Renueva, Reconstruye la piel.</li><li>Vitamina C estabilizada de origen natural 2%: Anti-manchas oscuras, reaviva la luminosidad.</li><li>Niacinamida: anti manchas.</li></ul>",Nuxe,"Aqua/agua, glicerina, triglicérido caprílico/capric, propanediol, Persea gratissima (aguacate), glucósido ascorbyl, diglicerina, niacinamida, pentileno glicol, parfum/fragancia, butirrospermum parkii (sheath) mantequilla, c14-22 alcohol, disodium cetetear. SULFOSUCCINATO, GLUCOSIDO DE ALQUILO C12-20, ESCUALANO, 1,2-HEXANODIOL, CAPRILIL GLICOL, CITRATO DE SODIO, HIDRÓXIDO DE SODIO, ÁCIDO HIALURÓNICO, ACEITE DE FRUTA DE ROSA CANINA, GLUCONATO DE SODIO, GOMA XANTANO, EXTRACTO DE MEDICAGO SATIVA (ALFALFA), EXTRACTO DE FERMENTO DE SPHINGOMONAS , HIALURONATO DE SODIO, EXTRACTO DE HEMEROCALLIS FULVA, ÁCIDO CÍTRICO, HIDROXICITRONELAL, GERANIOL, CITRONELLOL, LINALOOL, CUMARINA [N5705/A].",Sueros,"Nuxuriance Ultra","<p>Corrige visiblemente los principales signos de la edad gracias a la TECNOLOGÍA ALFA [3R] combinada con la alta eficacia de la Vitamina C.</p><p>La fórmula de este sérum actúa sobre las manchas de pigmentación para reducir visiblemente su tamaño, aspecto y número. Al mismo tiempo, ofrece una corrección antiedad global: bastan 3 gotas de sérum para [R]evitalizar, [R]egenerar y [R]enovar la piel.</p><p>La piel luce más radiante al instante.</p><ul><li>En 2 semanas, la piel parece más uniforme para el 86 % de las mujeres.</li><li>En 1 mes, la piel está más firme y lisa para el 90 % de las mujeres.</li></ul><p>Su textura fluida láctea, con un acabado suave y no pegajoso, combina una eficacia antiedad global con una sensorialidad única realzada por una fragancia femenina, moderna y elegante.</p>","<ol><li>Aplicar mañana y noche</li><li>Media pipeta es la dosis justa</li><li>Extender la textura ligeramente sobre los dedos y luego aplicar en el rostro con ambas manos, siempre desde el centro hacia afuera. No olvides tu cuello y el escote.</li></ol>","Nuxuriance Ultra",3264680034497,7.0000
000383337,"Very Rose Biphase Waterproof Make-up Remover 100 ml",nuxe-very-rose-biphase-waterproof-make-up-remover-100-ml-000383337,https://ultrafemme.com/media/catalog/product/3/8/383337_3264680047572_01_dcd0.jpg,Desmaquillante,"Todo tipo de piel",,675.000000,,"Extracto de rosa: hidrata y calma.<p><br></p><ul><li>Fase aceitosa:</li></ul><p>Quita el maquillaje resistente al agua y resistente.</p><p><br></p><ul><li>Fase acuosa:</li></ul><p>Elimina perfectamente el maquillaje, hidrata y suaviza la piel.</p>",Nuxe,,Desmaquillantes,"Very Rose","<p>Consigue unos resultados impecables incluso en el maquillaje más resistente con el Desmaquillante de Ojos y Labios Waterproof con extracto de rosa.</p><p>Este desmaquillante elimina a la perfección todo tipo de maquillaje, incluso el más resistente, así como las impurezas (contaminación, exceso de sebo, etc.), en un solo gesto y sin frotar. Su delicada fórmula bifásica, específicamente desarrollada sin perfume para ojos sensibles, deja la piel con una irresistible sensación de suavidad, flexibilidad y confort después de cada uso.</p><p>La combinación de las fases oleosa y acuosa elimina el maquillaje lipófilo y waterproof más resistente, a la vez que hidrata y suaviza la piel para conseguir una sensación realmente calmante y unos ojos y labios perfectamente limpios.</p><p>Su acabado no graso no deja una película transparente en los ojos. Especialmente formulado para respetar la delicada piel del contorno de ojos y las pestañas, este desmaquillante es apto para usuarios de lentes de contacto.</p><p>Con extracto de rosa hidratante y calmante, este desmaquillante está formulado con un 99 % de ingredientes de origen natural.</p>","Aplicar en un algodón para remover el maquillaje de ojos y labios.","Very Rose",3264680047572,6.0000
000383422,"Tanning Sun Oil SPF30 150 ml",nuxe-tanning-sun-oil-spf30-150-ml-000383422,https://ultrafemme.com/media/catalog/product/3/8/383422_3264680007019_01_6c20.jpg,"Protector solar","Todo tipo de piel",,995.000000,,"<ul><li>Alta Protección SPF 30: Defensa eficaz contra los rayos UVA/UVB para rostro y cuerpo.</li><li>Textura Ligera y No Pegajosa: Se desliza suavemente sobre la piel, ofreciendo un acabado confortable.</li><li>Protección Anti-Edad: Ayuda a prevenir los signos visibles del envejecimiento prematuro causados por el sol.</li><li>Prevención de Manchas Oscuras: Contribuye a mantener un tono de piel uniforme y radiante.</li><li>Bronceado Dorado: Aporta un brillo sutil y un bronceado natural.</li><li>Ingredientes Clave:</li><li>Sistema de filtros patentados (3 filtros UV): Protección UVA/UVB de amplio espectro.</li><li>Extracto de arroz y romero: Protección solar antienvejecimiento.</li><li>Apto para Todo Tipo de Piel: Ideal para quienes buscan un bronceado protegido y una piel cuidada.</li></ul>",Nuxe,,Aceites,Sun,"<p>Este Aceite Solar Bronceador SPF30 protege de manera eficaz el rostro y el cuerpo frente a los rayos del sol al tiempo que potencia el bronceado. Con un exclusivo sistema filtrante patentado, garantiza una protección de amplio espectro frente a los rayos UVA y UVB y previene el fotoenvejecimiento cutáneo prematuro gracias a su doble eficacia frente a los rayos UVA.</p><p>Su irresistible textura nutre y se absorbe con rapidez sin dejar película grasa, para sublimar el bronceado con un increíble acabado satinado.</p><p>La piel se envuelve en una fragancia de evasión con notas de Naranja Dulce, Flor de Tiaré y Vainilla. Una verdadera invitación a disfrutar del verano.</p>","<ul><li>Aplicar generosamente en rostro y cuerpo antes de la exposición solar.</li><li>Reaplicar frecuentemente, especialmente después de nadar o sudar.</li></ul>",Sun,3264680007019,8.0000
000383322,"Huile Prodigieuse Florale",nuxe-huile-prodigieuse-florale-50-ml-000383322,https://ultrafemme.com/media/catalog/product/3/8/383322_3264680024382_01_6917.jpg,"Aceite hidratante","Todo tipo de piel",,645.000000,,,Nuxe,"Avellana, macadamia, argan, tsubaki, almendra dulce, camelia, borraja vitamina e",Aceites,"Huile Prodigieuse","Descubre Nuxe Huile Prodigieuse Florale, un aceite seco multi-usos con una fragancia floral estimulante, ideal para nutrir, reparar y embellecer rostro, cuerpo y cabello. Su fórmula única con 7 aceites botánicos y vitamina E proporciona hidratación, protección y luminosidad, con eficacia probada contra la contaminación y las estrías.","<ul><li>Rostro: Aplicar una pequeña cantidad sobre la piel limpia, solo o mezclado con tu crema hidratante.
</li><li>Cuerpo: Masajear sobre la piel, prestando especial atención a las zonas secas y propensas a estrías.
</li><li>Cabello: Aplicar en medios y puntas para nutrir y dar brillo.
Ideal para uso diario durante todo el día</li></ul>","Huile Prodigieuse",3264680024382,2.0000
000383329,"Rêve de Miel Lip Moisturising Stick",nuxe-reve-de-miel-lip-moisturising-stick-000383329,https://ultrafemme.com/media/catalog/product/3/8/383329_3264680004117_01_25fd.jpg,"Labial hidratante","Todo tipo de piel",,215.000000,,"<ul><li>Hidratación y Reparación: Nutre y repara los labios secos y agrietados. Hidrata hasta por 4 horas.</li><li>Protección Duradera: Protege los labios de las agresiones externas (viento, frío).</li><li>Textura Fundente: Nutritiva y suavizante, sin efecto pegajoso.</li><li>Acabado Satinado: Proporciona un acabado satinado y natural.</li><li>Fragancia Gourmet: Fragancia natural con aceites esenciales de limón y pomelo.</li><li>Labios Suaves y Confortables: Los labios se sienten reparados, nutridos y protegidos.</li></ul>",Nuxe,"<ul><li>Miel (liposoluble): Nutre y suaviza.</li><li>Aceite de Girasol: Nutre.</li><li>Aceite de Camelina: Calma.</li><li>90 % de ingredientes de origen natural.</li></ul>",Labiales,"Rêve de Miel","<p>Recupera la sonrisa con este stick.</p><p>Con su formato ultra-práctico, este Stick de Labios Hidratante calma y suaviza los labios secos en cualquier momento del día. Dejarás de sentir tirantez, los labios estarán protegidos de las agresiones externas.</p><p>El 91 % de las mujeres nota los labios nutridos y protegidos de las agresiones externas (viento, frío...).</p><p>El 95 % de las mujeres nota los labios más suaves.</p><p>Su fórmula ligera se funde en los labios y deja un acabado satinado no pegajoso. Sus notas de pomelo y limón lo convierten en un tratamiento totalmente adictivo.</p>","Aplicar sobre los labios según sea necesario a lo largo del día.","Rêve de Miel",3264680004117,9.0000
000383332,"Delicious Sun Spray Solar SPF50 150 ml",nuxe-delicious-sun-spray-solar-spf50-150-ml-000383332,https://ultrafemme.com/media/catalog/product/3/8/383332_3264680012525_01_9c2b.jpg,"Protector solar","Todo tipo de piel",,875.000000,,"<ul><li>Alta Protección SPF 50: Defensa eficaz contra los rayos UVA/UVB para rostro y cuerpo.</li><li>Anti-Edad: Protege la piel de la aparición prematura de los signos visibles de la edad gracias a las flores acuáticas y solares.</li><li>Resistente al Agua y Transpiración: Ideal para actividades al aire libre y deportivas.</li><li>Hidratación y Calma: Deja la piel protegida, hidratada y confortable.</li><li>Textura Ligera en Spray: Fácil aplicación y absorción rápida.</li><li>Apto para Todo Tipo de Piel y Todas las Edades: Seguro para toda la familia.</li></ul>",Nuxe,,Aceites,Sun,"<p>Proporciona a la piel protección UVA/UVB y limita el fotoenvejecimiento prematuro gracias a un exclusivo sistema de filtros patentado.</p><p>Este Spray Solar Delicioso SPF50 de alta protección para rostro y cuerpo ofrece una protección de amplio espectro frente a los rayos UVA y UVB. Su protección celular antiedad reforzada previene el fotoenvejecimiento prematuro y la aparición de manchas. Es no comedogénico, resistente al agua y apto para todo tipo de piel.</p><p>Su textura ultraligera hidrata y se absorbe al instante sin dejar residuos. Envuelve la piel en una fragancia evocadora, una invitación irresistible a disfrutar del verano, que combina notas de naranja dulce, flor de tiaré y vainilla.</p>","<ul><li>Aplicar generosamente en rostro y cuerpo antes de la exposición solar.</li><li>Reaplicar frecuentemente, especialmente después de nadar o sudar.</li><li>Ideal para uso diario durante todo el día.</li></ul>",Sun,3264680012525,4.0000
000383330,"Rêve de Miel Hand and Nail Cream + Lip Stick Set",nuxe-reve-de-miel-hand-and-nail-cream-lip-stick-set-34-ml-000383330,https://ultrafemme.com/media/catalog/product/3/8/383330_3264680029608_01_0153.jpg,"Labial líquido","Todo tipo de piel",,290.000000,,"<div>Rêve de Miel Lip stick:</div><ul><li>Miel de Provenza: Brinda nutrición a los labios.</li><li>Aceite Organico de Camelia: Proporciona un efecto calmante.</li></ul><p><br></p>Rêve de Miel Crema de Manos y Uñas 30 ml:<ul><li>Miel: Repara la barrera de la piel. </li><li>Vitamina E: Protege del envejecimiento prematuro. </li><li>Karité + alantoína: Calma y refresca la piel, aceites vegetales preciosos: nutren y protegen la piel de la deshidratación.</li></ul>",Nuxe,"<ul><li>Rêve de Miel Crema de Manos: Miel de acacia, Aceites preciosos (aguacate, almendra dulce), Vitamina E.</li><li>Rêve de Miel Stick Labios:&nbsp; Miel (liposoluble), Aceite de Girasol, Aceite de Camelina.</li></ul>",Sets,"Rêve de Miel","<p>El set contiene:</p><ul><li>Rêve de Miel Hand and Nail Cream 30 ml.</li><li>Rêve de Miel Lip Moisturising Stick.</li></ul>","<p>Rêve de Miel Lip stick:</p><ul><li>Aplicar en los labios tanto como sea necesario.</li></ul><p><br></p><p>Trucos:</p><ol><li>Aplicar antes de la barra de labios para unos labios más lisos y reconfortados (y mejorar su duración)</li><li>Aplicar una capa espesa antes de dormir como mascarilla de noche.</li></ol><p><br></p><p><br></p><p>Rêve de Miel Crema de Manos y Uñas 30 ml: </p><ul><li>Se puede aplicar de 2 a 3 veces al día, insistiendo en las zona alrededor de las uñas.</li></ul>","Rêve de Miel",3264680029608,6.0000
000383325,"Nuxuriance Ultra Eye and Lip Contour Cream 15 ml",nuxe-nuxuriance-ultra-eye-and-lip-contour-cream-15-ml-000383325,https://ultrafemme.com/media/catalog/product/3/8/383325_3264680034510_01_17d9.jpg,"Crema para contorno de ojos","Todo tipo de piel",,1430.000000,,"<ul><li>Tecnología ALFA[3R] (semillas de alfafa, ácido hialurónico natural, y extracto de Hemerocallis): Revitaliza, Renueva, Reconstruye la piel.</li><li>Cafeína botánica: acción descongestionante.</li></ul>",Nuxe,"AGUA/AGUA, ACEITE DE SEMILLA DE SIMMONDSIA CHINENSIS (JOJOBA), ESCUALANO, MANTECA DE BUTYROSPERMUM PARKII (KARITÉ), ALCOHOL BEHENÍLICO, GLICERINA, CITRATO DE ESTEARATO DE GLICERILO, ÉTER DICAPRILILO, ALCOHOL CETEARILO, LAUROYL LISINA, ACEITE DE PERSEA GRATISSIMA (AGUACATE), ETILHEXILGLICERO EN, PERFUME/FRAGANCIA, ESTEAROIL GLUTAMATO DE SODIO, ALCOHOL FENETÍLICO, GOMA XANTANO, ÁCIDO HIALURÓNICO, ACEITE DE FRUTA DE ROSA CANINA, CAFEÍNA, GLUCONATO DE SODIO, EXTRACTO DE MEDICAGO SATIVA (ALFALFA), EXTRACTO DE HEMEROCALLIS FULVA, ÁCIDO CÍTRICO, 1,2-HEXANODIOL, CAPRILO GLICOL, TOCOFEROL [N5706/A].",Cremas,"Nuxuriance Ultra","<p>Actúa de manera específica en las líneas de expresión de la mirada y la sonrisa con la TECNOLOGÍA ALFA [3R], que permite [R]evitalizar, [R]egenerar y [R]enovar la piel.</p><p>Día tras día, este tratamiento para todos los tipos de piel reduce la apariencia de las ojeras (-36 %) y el volumen de las bolsas (-22 %).</p><p>Incluso las arrugas marcadas de las patas de gallo, del león (entrecejo) y de la zona alrededor de la boca parecen reducidas para el 87 % de las mujeres.</p><p>El contorno de los labios está como redefinido, alisado.</p><p>Esta micro-emulsión con tacto reconfortante y no pegajoso combina una eficacia antiedad global con una sensorialidad única gracias a su fragancia elegante y delicada, elegida por su tolerancia ideal en las frágiles zonas del contorno de los ojos y de los labios.</p>","<ol><li>Uso diario por el día y noche.</li><li>Aplicar con suaves movimientos en el contorno de los ojos y labios.</li><li>Finalizar dando ligeros golpecitos con las yemas de los dedos para favorecer la descongestión de la zona de los ojos.</li></ol>","Nuxuriance Ultra",3264680034510,7.0000
000383323,"Nuxuriance Ultra Day & Night Cream 75 ml",nuxe-nuxuriance-ultra-day-and-night-cream-75-ml-000383323,https://ultrafemme.com/media/catalog/product/3/8/383323_3264680044311_01_7f14.jpg,"Crema antiedad","Todo tipo de piel",,1995.000000,,"<ul><li>Tecnología ALFA[3R] (semillas de alfafa, ácido hialurónico natural, y extracto de Hemerocallis): Revitaliza, Renueva, Reconstruye la piel.</li><li>Cafeína botánica: acción descongestionante.</li></ul>",Nuxe,"Ácido hialurónico natural, Extracto de semillas de Alfalfa, Extracto de Hemerocallis Fulva (Lirio de un día)",Cremas,"Nuxuriance Ultra","<p>En un formato deluxe 75 ml, este tratamiento antiedad global excepcional combina la doble eficacia de un tratamiento de día y noche para corregir visiblemente los principales signos de la edad con la TECNOLOGÍA ALFA [3R] exclusiva de NUXE.</p><p>Enriquecido con Niacinamida, un activo de alta eficacia y con múltiples propiedades. Este tratamiento sublima la luminosidad y unifica la tez, al tiempo que revela una piel radiante de juventud.</p><p>Al instante: La piel parece alisada para el 88% de las mujeres.</p><p>En 7 días: La piel parece más firme para el 90% de las mujeres.</p><p>En 28 días:</p><ul><li>Las arrugas parecen alisadas para el 87% de las mujeres.</li><li>La piel está más luminosa para el 100% de las mujeres.</li><li>La tez está más uniforme para el 90% de las mujeres.</li></ul><p>Una eficacia antiedad global, tanto de día como de noche, combinada con una sensorialidad única. Su textura universal es adecuada para todos los tipos de piel. 9 de cada 10 mujeres lo elegirían.</p>","<ul><li>Uso de día.</li><li>Aplicar en el rostro, cuello y escote limpias.</li><li>Ideal para todo tipo de piel.</li></ul>","Nuxuriance Ultra",3264680044311,5.0000
000383331,"Rêve de Miel Honey Lipcare Gold",nuxe-reve-de-miel-honey-lipcare-gold-000383331,https://ultrafemme.com/media/catalog/product/3/8/383331_3264680047466_01_bfbc.jpg,"Labial líquido","Todo tipo de piel",,515.000000,,"<ul><li>Miel de Provenza: Brinda nutrición a los labios</li><li>Aceite Organico de Camelia: Proporciona un efecto calmante</li></ul>",Nuxe,,Labiales,"Rêve de Miel","<p>Tu cuidado labial ultrabrillante favorito, con una fragancia deliciosa.</p><p>Sublima tus labios con un brillo irresistible gracias a este aceite con miel transparente y nacarado.</p><p>Su textura fundente y no pegajosa, enriquecida con nácares dorados y aceites preciosos 100 % de origen vegetal, se desliza delicadamente sobre los labios para ofrecer un efecto glossy reconfortante.</p><p>Una fórmula de tratamiento única que revela unos labios visiblemente más lisos, flexibles y suaves. Tus labios están protegidos frente a las agresiones externas (viento, cambios de temperatura, etc.).</p><p>Déjate envolver por la reconfortante fragancia de Miel.</p><p>Su tapón de madera con forma de cuchara de miel incorpora un aplicador de espuma para una aplicación fácil en cualquier momento del día.</p>","<ol><li>Aplicar después de la barra de labios para unos labios más lisos y reconfortados (y mejorar su duración)</li><li>Aplicar una capa espesa antes de dormir como mascarilla de noche.</li></ol>","Rêve de Miel",3264680047466,6.0000
000383335,"Very Rose Refreshing Tonic Lotion 200 ml",nuxe-very-rose-refreshing-tonic-lotion-200-ml-000383335,https://ultrafemme.com/media/catalog/product/3/8/383335_3264680022098_01_e5fc.jpg,"Tónico revitalizante","Todo tipo de piel",,575.000000,,"<ul><li>Agentes limpiadores vegetales: Eliminan eficazmente el maquillaje e impurezas.</li><li>Agua floral de rosas: Calma y suaviza la piel, dejándola sin irritaciones.</li><li>Complejo skin-respect: Hidrata y refuerza la barrera protectora de la piel.</li></ul>",Nuxe,"AGUA/AGUA, HEXILENGLICOL, AGUA DE FLOR DE ROSA DAMASCENA, GLICERINA, PERFUME/FRAGANCIA, FENOXIETANOL, ALANTOÍNA, GLUCONATO DE SODIO, XILITILGLUCÓSIDO, COCO-GLUCÓSIDO, ANHIDROXILITOL, BROMURO DE CETRIMONIO, CAPRILIL/CAPRIL GLUCÓSIDO, XILITOL, ÁCIDO CÍTRICO, SODIO HIDRÓXIDO [N4107 /A].",Tónicos,"Very Rose","<p>Enamórate de la Loción Tónica Fresca para tonificar al instante la piel y perfeccionar el desmaquillado.</p><p>Esta loción fresca hidrata, calma y perfecciona el desmaquillado de todos los tipos de piel. Suave y tonificada, la piel está lista para recibir los tratamientos.</p><p>La piel está fresca para el 100 % de las voluntarias.</p><p>El 97 % de los voluntarios se sienten cómodos con la piel y el 100 % están preparados para recibir más cuidados.</p><p>Enriquecida con un extracto de rosa, contiene un 99 % de ingredientes de origen natural. Su fragancia con delicadas notas de rosa y su textura ultrafresca, sin acabado pegajoso, envuelven la piel en una sensación calmante inmediata.</p>",,"Very Rose",3264680022098,3.0000
000383328,"Rêve de Miel Hand and Nail Cream 50 ml",nuxe-reve-de-miel-hand-and-nail-cream-50-ml-000383328,https://ultrafemme.com/media/catalog/product/3/8/383328_3264680010446_01_f544.jpg,"Crema de manos","Todo tipo de piel",,290.000000,,"<ul><li>Reparación y Nutrición: Repara, nutre y protege las manos y uñas. Hidrata hasta por 8 horas.</li><li>Hidratación Intensa: Crema de manos y uñas hidratante.</li><li>Textura Sedosa No Grasa: Consistencia rica y sin efecto grasoso ni pegajoso.</li><li>Protección y Suavidad: Su fórmula repara las manos secas y dañadas, protegiéndolas del envejecimiento prematuro y de las agresiones externas (viento, frío...).</li><li>Fortalece las Uñas: Suaviza las manos y refuerza las uñas.</li><li>Manos Nutridas y Reparadas: Las manos se nutren y reparan eficazmente.</li></ul>",Nuxe,,Cremas,"Rêve de Miel","<p>Sumérgete en el universo ultra-gourmet de Rêve de Miel, la gama icónica que nutre y reconforta las pieles secas desde hace más de 30 años.</p><p>Enamórate de este tratamiento suave y reconfortante a base de miel, ideal para las manos secas. Esta crema de manos y uñas de textura fundente nutre, ayuda a reparar y protege las manos frente a las agresiones externas y el frío.</p><p>Alivia inmediatamente las sensaciones de irritación y tirantez, dejando las manos suaves, flexibles y confortables. Las uñas parecen más fuertes y las cutículas más flexibles, para unas manos lisas y visiblemente más bonitas día tras día.</p><p>Su textura cremosa no pegajosa se absorbe rápidamente, proporcionando un auténtico efecto “vendaje invisible” en las manos. Su fórmula de origen natural con miel envuelve las manos en una fragancia delicada y reconfortante.</p>","Se puede aplicar de 2 a 3 veces al día, insistiendo en la zona alrededor de las uñas.","Rêve de Miel",3264680010446,5.0000
000383336,"Very Rose Light Cleansing Foam 150 ml",nuxe-very-rose-light-cleansing-foam-150-ml-000383336,https://ultrafemme.com/media/catalog/product/3/8/383336_3264680022111_01_6e59.jpg,"Espuma limpiadora","Todo tipo de piel",,595.000000,,"<ul><li>Agentes limpiadores vegetales: Eliminan eficazmente el maquillaje e impurezas.</li><li>Agua floral de rosas: Calma y suaviza la piel, dejándola sin irritaciones.</li><li>Complejo skin-respect: Hidrata y refuerza la barrera protectora de la piel.</li></ul>",Nuxe,"HELIANTHUS ANNUUS (SUNFLOWER) SEED OIL, BUTYROSPERMUM PARKII (SHEA) BUTTER, CERA ALBA/BEESWAX, C10-18 TRIGLYCERIDES, CAPRYLIC/CAPRIC TRIGLYCERIDE, PARFUM/FRAGRANCE, OLEIC/LINOLEIC/LINOLENIC POLYGLYCERIDES, TOCOPHEROL, GLYCERYL CAPRYLATE, ROSA CENTIFOLIA FLOWER EXTRACT, LITHOSPERMUM ERYTHRORHIZON ROOT EXTRACT, SIMMONDSIA CHINENSIS (JOJOBA) SEED OIL, CITRIC ACID, BENZYL BENZOATE, ISOEUGENOL [N4109/A].",Espumas,"Very Rose","<p>Enamórate de la suavidad de la Espuma Ligera Limpiadora para limpiar de manera eficaz y calmar la piel.</p><p>Esta espuma untuosa limpia con total suavidad, eliminando las impurezas sin sensación de sequedad. Formulada para todos los tipos de piel, incluso las sensibles, deja la piel suave, reconfortada y calmada.</p><p>La piel está limpia con suavidad y reconfortada para el 100 % de las voluntarias.</p><p>La piel está fresca, suave y radiante para el 95 % de las voluntarias.</p><p>Enriquecida con un extracto de rosa, contiene un 95 % de ingredientes de origen natural. Su fragancia con delicadas notas de rosa y su textura ultraligera envuelven la piel en una nube de suavidad.</p>","<ol><li>Aplicar sobre el rostro húmedo evitando el contorno de los ojos.</li><li>Masajear suavemente y enjuagar.</li></ol>","Very Rose",3264680022111,7.0000
